employee_id,department,job_role_level,education_level,performance_rating,years_at_company,years_since_last_promotion,monthly_salary_kes,overtime_hours_per_month,job_satisfaction_score,work_life_balance_score,distance_from_home_km,num_companies_worked_previously,remote_work_days_per_week,bonus_amount_kes,attrition
1,Operations,Junior,Bachelor's,High,0.9,0.3,70439.0,11.6,4.3,2.4,0.9,0,2,,No
2,Operations,Junior,Bachelor's,High,22.7,7.8,23392.0,20.6,4.0,5.0,36.6,1,3,,Yes
3,HR,Junior,Master's,Average,9.6,3.6,39205.0,1.5,4.0,1.6,11.5,3,5,19589.153513487916,No
4,Operations,Lead,Master's,Average,5.5,1.9,258821.0,6.2,2.8,3.5,20.7,2,0,,No
5,Operations,Lead,Bachelor's,High,7.8,3.8,253895.0,21.1,3.4,3.8,22.6,1,2,,No
6,HR,Lead,Bachelor's,High,8.4,4.2,198847.0,4.8,2.6,3.4,9.7,2,5,81484.40962649745,No
7,Finance,Senior,Bachelor's,High,7.7,3.7,168723.0,3.7,2.5,3.4,13.4,0,3,77063.18895157354,No
8,HR,Lead,Bachelor's,High,6.2,2.3,158008.0,5.4,2.6,3.0,7.2,2,5,3664.002549602086,No
9,Operations,Junior,Master's,High,3.6,2.7,73932.0,10.8,4.7,3.3,15.3,0,4,,No
10,Sales,Mid,Bachelor's,Average,10.1,5.8,96738.0,8.7,2.8,2.3,3.6,0,0,2895.036674463459,No
11,Engineering,Junior,Master's,Average,11.4,5.7,47603.0,24.3,3.8,3.0,3.4,1,0,109945.4413769978,No
12,Operations,Junior,Bachelor's,Low,4.2,1.7,34369.0,7.1,3.5,,42.2,1,0,,No
13,HR,Mid,Master's,High,10.8,6.9,63087.0,5.9,3.3,2.4,12.3,1,3,12353.353890679415,No
14,Finance,Junior,Bachelor's,Outstanding,3.5,2.0,50725.0,17.4,2.0,4.4,23.9,1,2,48992.08233597278,No
15,Engineering,Junior,Bachelor's,Average,3.0,1.6,57619.0,15.3,2.5,2.6,16.0,2,3,59687.40871761875,No
16,Finance,Junior,Bachelor's,Average,4.2,3.5,70440.0,10.1,3.5,4.2,7.9,1,5,8991.283215900861,No
17,Operations,Mid,Bachelor's,Low,13.6,9.4,124491.0,1.9,1.3,1.8,3.2,1,4,,Yes
18,Finance,Junior,Bachelor's,Average,7.1,2.4,38599.0,32.7,3.1,,5.1,6,1,31610.377223299227,Yes
19,Sales,Mid,Master's,High,3.4,1.3,98705.0,11.5,3.7,3.5,20.4,1,4,48883.92493160768,No
20,Engineering,Junior,Master's,Average,10.9,3.6,59828.0,3.6,4.4,,14.3,1,3,39487.33281207798,No
21,Finance,Lead,Diploma,Average,4.0,2.5,228905.0,51.6,3.7,,7.6,2,5,36601.66075755338,No
22,Engineering,Junior,Bachelor's,High,16.0,12.7,37478.0,38.1,2.7,2.9,12.9,2,2,33070.59065883196,Yes
23,Operations,Senior,Diploma,High,4.1,2.9,136017.0,10.8,4.1,4.0,26.8,0,0,,No
24,Engineering,Mid,Bachelor's,Average,6.0,3.1,58487.0,6.7,3.4,3.5,5.1,1,0,96469.46633781891,No
25,Engineering,Mid,Diploma,Average,2.0,0.5,86857.0,4.3,2.5,3.6,14.1,2,2,5963.902210741483,No
26,Sales,Junior,Bachelor's,High,1.4,0.7,58172.0,26.8,2.8,4.8,7.2,4,5,34928.55809111442,No
27,Finance,Junior,Bachelor's,Low,3.5,2.6,56594.0,10.0,3.5,2.4,17.5,2,1,21923.16194227149,No
28,Sales,Mid,Master's,Outstanding,13.8,9.5,96343.0,6.4,3.0,3.5,8.7,0,5,22891.963804835843,No
29,Sales,Mid,PhD,High,5.1,1.5,49740.0,11.9,3.3,1.5,32.8,2,0,54563.72226614889,No
30,Sales,Junior,Diploma,Outstanding,3.6,2.1,73555.0,16.1,3.6,3.3,17.2,1,2,5778.167649611164,No
31,Finance,Junior,Master's,Average,8.5,2.8,36084.0,26.8,4.3,3.5,14.2,2,0,24786.018221733284,No
32,Engineering,Senior,Diploma,High,5.5,4.2,138600.0,13.6,5.0,2.7,31.4,1,1,47296.3548762093,No
33,Sales,Junior,Bachelor's,Average,7.6,3.5,63025.0,19.0,2.3,3.6,28.0,1,2,15297.203358653864,Yes
34,Operations,Senior,Bachelor's,High,21.7,14.2,108498.0,40.5,3.5,3.7,8.8,2,1,,Yes
35,Engineering,Mid,Master's,High,10.1,8.1,97097.0,15.9,4.9,3.5,8.3,2,1,62800.143349173464,No
36,Operations,Junior,Diploma,Average,12.2,9.4,42765.0,32.1,3.8,1.9,17.7,0,0,,Yes
37,Engineering,Lead,Bachelor's,Average,8.6,6.7,209114.0,16.0,4.2,2.9,23.8,2,5,31392.040403762934,No
38,Finance,Senior,PhD,High,9.7,3.8,174464.0,6.0,1.8,3.1,7.1,1,4,8170.580882262352,No
39,Engineering,Mid,Bachelor's,Outstanding,1.6,1.3,93407.0,8.4,1.3,,16.9,0,0,6878.700395550337,No
40,Engineering,Junior,PhD,Average,6.7,2.2,57835.0,20.7,4.5,4.1,14.0,1,3,47391.652878292894,No
41,Engineering,Junior,Bachelor's,Average,4.3,1.5,51760.0,21.9,4.6,3.7,6.6,1,2,9333.108464466432,No
42,Engineering,Mid,Bachelor's,High,2.4,2.1,64481.0,7.4,3.4,3.6,9.1,0,5,64584.48185839451,No
43,HR,Junior,Diploma,Average,1.5,1.3,20000.0,13.7,4.6,2.8,13.1,0,1,26966.06694595093,No
44,Operations,Junior,Bachelor's,Average,4.7,1.4,57554.0,14.3,3.2,,5.9,1,5,,No
45,Engineering,Senior,Bachelor's,Low,2.2,1.8,88416.0,20.9,1.8,1.9,5.4,3,1,35536.15804736662,Yes
46,Finance,Junior,Master's,High,12.5,9.3,35429.0,5.6,5.0,3.8,2.7,4,0,38739.13562000716,No
47,Operations,Junior,Diploma,Average,10.0,8.6,44041.0,13.9,1.2,3.3,10.4,1,0,,Yes
48,Engineering,Mid,Diploma,Average,9.3,4.1,71214.0,4.3,3.1,,7.9,1,1,9811.024142097616,Yes
49,Engineering,Lead,Master's,Average,3.2,2.8,208641.0,6.5,3.9,5.0,1.8,2,0,33998.48639632584,No
50,Sales,Mid,Bachelor's,Average,2.1,1.4,133623.0,10.9,2.7,4.8,8.7,2,3,20191.11700692079,No
51,Operations,Junior,Bachelor's,High,2.2,1.9,21943.0,27.9,3.8,4.3,29.6,0,2,,No
52,Engineering,Junior,Bachelor's,Average,7.2,4.4,47457.0,8.3,3.5,1.7,17.6,1,4,109742.7347961176,No
53,Operations,Junior,Bachelor's,Low,5.1,2.6,48896.0,16.4,4.2,2.5,1.9,1,5,,No
54,Operations,Mid,Diploma,Average,1.8,0.5,60169.0,1.0,3.4,1.6,11.0,0,4,,No
55,Finance,Junior,Master's,Low,4.4,3.3,48319.0,11.4,4.0,1.0,7.4,4,0,42202.15446968829,Yes
56,Sales,Senior,Bachelor's,Average,8.2,4.3,127108.0,21.1,4.5,3.0,17.3,1,3,76872.0912943337,No
57,Engineering,Junior,Master's,Average,8.4,7.3,47697.0,32.0,2.0,4.4,25.9,2,5,34429.234979446774,Yes
58,Sales,Mid,Bachelor's,Average,4.0,3.0,84126.0,8.3,2.1,2.5,14.0,2,1,15464.514259076475,No
59,HR,Mid,Bachelor's,Average,17.7,5.3,63794.0,8.6,2.6,1.9,13.0,2,2,29045.395858294298,Yes
60,Sales,Junior,Bachelor's,High,0.6,0.6,44393.0,22.8,5.0,2.5,3.2,2,5,65429.410533074515,No
61,Sales,Lead,Diploma,Low,7.7,4.8,136808.0,10.9,2.8,3.3,16.1,2,3,56596.5717709785,Yes
62,Engineering,Mid,Bachelor's,Average,4.1,2.8,62749.0,6.2,3.4,2.4,20.0,2,2,83489.85479402468,No
63,Engineering,Mid,Bachelor's,Average,6.3,3.0,131852.0,12.9,2.4,3.8,3.3,3,4,19905.001927711837,No
64,Operations,Mid,Diploma,High,10.6,8.1,116760.0,3.0,1.4,1.9,45.0,2,5,,Yes
65,Operations,Mid,Master's,High,3.9,3.3,87166.0,62.6,4.7,2.2,23.2,0,1,,No
66,Engineering,Senior,Master's,High,3.9,3.4,147177.0,10.4,4.1,2.0,4.3,1,0,83070.90445705701,No
67,Sales,Lead,Bachelor's,Low,6.6,5.6,196088.0,27.8,2.9,3.9,9.4,1,5,21508.25162582627,No
68,Operations,Senior,Bachelor's,Average,17.6,11.1,160968.0,29.1,1.2,3.2,7.0,1,5,,No
69,Engineering,Senior,Diploma,Low,10.0,8.4,136210.0,8.5,3.8,2.8,8.5,2,1,10336.5238524177,No
70,Engineering,Junior,Master's,High,2.5,1.1,44391.0,18.7,4.4,3.2,15.6,2,4,22933.34512064277,No
71,Operations,Junior,Diploma,Average,2.0,0.7,54512.0,17.3,5.0,1.5,14.3,1,3,,No
72,Operations,Mid,PhD,Low,8.1,6.4,65282.0,16.8,5.0,,2.0,3,0,,No
73,Operations,Lead,Bachelor's,High,9.2,4.9,127328.0,46.0,2.2,2.4,13.7,1,5,,Yes
74,HR,Mid,Diploma,High,3.2,1.7,144841.0,16.5,4.1,4.0,2.5,3,0,48041.041621055636,No
75,Engineering,Mid,Bachelor's,High,3.5,2.4,100811.0,2.5,3.5,1.9,28.9,0,2,30342.444183071333,No
76,HR,Senior,Bachelor's,High,5.7,3.3,142031.0,7.8,2.5,2.7,20.9,0,5,18549.185149469293,No
77,Finance,Mid,Bachelor's,Average,6.2,1.4,107414.0,32.2,3.2,4.3,11.8,4,4,44672.207705871275,No
78,Operations,Senior,Bachelor's,Average,7.5,5.0,156789.0,10.4,2.6,1.9,22.0,1,2,,No
79,Sales,Mid,Bachelor's,High,14.0,8.0,20000.0,1.6,5.0,3.6,11.2,0,3,25603.0138016476,No
80,Engineering,Junior,Bachelor's,High,8.7,2.9,37243.0,6.5,4.2,2.4,26.3,3,4,8893.628700639687,No
81,Sales,Junior,Bachelor's,Outstanding,9.1,5.8,42446.0,17.3,2.5,1.8,13.3,2,1,15572.98194503238,No
82,Sales,Junior,Diploma,High,5.8,1.4,27082.0,10.8,2.3,3.2,29.8,3,2,36069.22227730104,No
83,Operations,Junior,Bachelor's,Average,4.8,3.4,28790.0,18.4,4.6,2.7,25.5,1,2,,No
84,Operations,Junior,Diploma,Low,4.0,1.6,52672.0,10.3,3.2,4.2,15.2,2,4,,No
85,Operations,Junior,Diploma,High,7.9,2.8,51750.0,3.1,1.1,3.3,5.6,2,4,,No
86,Sales,Junior,Master's,Average,8.9,2.1,29046.0,25.4,5.0,3.7,11.7,2,0,10798.384309106435,No
87,HR,Senior,Diploma,High,15.7,14.1,137524.0,19.7,2.0,2.6,3.0,3,1,8189.2194891610325,Yes
88,Operations,Lead,Bachelor's,High,11.7,8.1,193234.0,6.6,2.9,1.5,19.9,1,3,,No
89,Operations,Senior,PhD,High,14.3,10.6,139537.0,25.0,4.0,4.5,0.5,3,4,,No
90,Engineering,Mid,Diploma,Average,0.6,0.4,108476.0,32.9,4.9,5.0,11.2,1,1,17022.092451091983,No
91,Finance,Mid,Diploma,Outstanding,11.1,6.1,96910.0,0.9,4.0,2.8,2.6,1,1,33246.93182217422,No
92,Finance,Mid,Diploma,High,4.3,1.5,95278.0,5.1,2.0,1.0,25.2,2,2,14260.554372384859,No
93,HR,Junior,Bachelor's,High,5.2,1.8,36217.0,28.5,2.5,3.1,12.7,1,4,9899.970887223151,No
94,Operations,Senior,Diploma,Average,2.2,1.9,190894.0,6.2,2.6,,5.3,1,4,,No
95,Engineering,Lead,Bachelor's,Average,3.0,2.6,104094.0,11.9,4.1,,1.1,1,4,22979.858867452167,No
96,Finance,Lead,Diploma,Outstanding,7.7,1.8,241923.0,36.6,4.6,3.5,2.9,1,2,34537.03041828521,No
97,HR,Lead,Bachelor's,High,11.1,9.5,208407.0,17.7,1.4,3.9,7.8,4,5,29651.07981867854,Yes
98,Operations,Senior,Bachelor's,Low,1.1,0.8,135870.0,8.9,4.3,3.4,18.6,2,4,,No
99,Engineering,Senior,Master's,Average,3.9,1.9,139405.0,6.1,1.4,3.2,5.1,3,5,30486.93130263082,No
100,Operations,Junior,Diploma,Average,5.4,3.7,49316.0,28.3,3.1,2.4,8.6,1,4,,No
101,Operations,Junior,Bachelor's,High,12.4,4.2,54639.0,4.5,2.8,3.1,7.5,2,0,,No
102,Finance,Mid,Bachelor's,High,3.4,1.9,113163.0,11.1,3.6,4.6,9.3,3,0,12355.542138559325,No
103,Sales,Mid,Bachelor's,Average,2.2,0.5,99589.0,11.6,2.9,2.8,15.0,1,4,46979.031331440354,No
104,Operations,Mid,Diploma,Average,6.3,3.0,116171.0,8.8,3.6,5.0,15.0,1,2,,No
105,Engineering,Junior,Bachelor's,Low,4.2,1.4,49236.0,7.7,4.1,4.2,8.0,0,1,37274.24659359693,No
106,Sales,Lead,Bachelor's,Average,6.8,4.3,101517.0,4.9,2.7,2.8,13.7,3,4,33583.47840851032,No
107,Finance,Junior,Bachelor's,Outstanding,5.5,2.5,41503.0,19.9,3.6,2.7,7.2,2,0,2623.3607231001683,No
108,Finance,Junior,Bachelor's,High,3.0,2.7,47855.0,30.6,4.3,3.4,2.3,1,5,7912.774707188794,No
109,Sales,Mid,Bachelor's,Average,2.6,1.8,107586.0,9.2,4.1,2.7,31.8,2,5,55619.904533264365,No
110,Operations,Junior,Bachelor's,Low,4.3,3.6,42555.0,1.9,3.0,4.7,10.2,1,1,,No
111,Finance,Lead,Bachelor's,Average,0.4,0.3,160867.0,24.4,1.5,2.7,1.6,1,1,4979.945300207292,No
112,Operations,Lead,Bachelor's,High,0.9,0.8,228883.0,10.5,2.2,1.9,10.7,0,4,,No
113,Operations,Mid,Diploma,Outstanding,2.8,2.2,92525.0,13.9,3.5,2.0,7.4,3,3,,No
114,Operations,Senior,Master's,Low,9.1,7.9,60397.0,11.7,1.2,4.7,29.3,0,5,,Yes
115,Finance,Lead,Bachelor's,Low,4.9,2.7,113160.0,3.4,4.5,2.4,9.3,1,5,7508.119762213853,No
116,Operations,Junior,Diploma,High,8.7,3.7,42946.0,16.1,3.3,2.5,19.5,2,3,,No
117,Operations,Senior,Master's,Average,8.3,2.4,120049.0,14.1,3.6,3.3,8.8,3,4,,No
118,Operations,Mid,Bachelor's,High,3.4,1.2,113824.0,3.1,3.6,3.4,21.5,2,4,,No
119,Finance,Mid,Bachelor's,Average,3.8,1.1,58768.0,35.1,4.5,1.8,19.5,2,0,29727.195884011046,No
120,Sales,Junior,Bachelor's,High,4.2,3.4,75177.0,25.3,1.0,3.6,6.5,2,1,6825.58357111022,Yes
121,Sales,Mid,Bachelor's,Average,5.6,1.4,100137.0,27.7,3.2,4.4,6.6,3,5,39760.69050724582,No
122,HR,Mid,Bachelor's,High,2.2,1.9,80146.0,12.6,2.5,,8.3,1,5,45701.57959085754,No
123,Finance,Mid,Bachelor's,Average,9.2,3.3,112077.0,13.6,2.5,3.4,29.9,0,3,32088.415601103123,No
124,Operations,Lead,Bachelor's,High,9.4,6.7,157411.0,15.0,3.3,4.7,5.3,1,4,,No
125,Operations,Junior,Bachelor's,High,2.0,1.7,41033.0,2.2,1.6,4.8,6.2,2,5,,No
126,Engineering,Junior,Diploma,Average,23.2,15.0,40326.0,27.6,2.3,5.0,6.5,2,1,38129.40631867488,Yes
127,Operations,Senior,Bachelor's,Outstanding,9.6,1.9,184749.0,5.4,3.9,2.6,18.6,1,2,,No
128,Operations,Senior,Bachelor's,High,5.1,2.0,95745.0,18.8,3.7,3.3,12.7,4,5,,No
129,HR,Junior,Bachelor's,High,6.4,2.3,67037.0,12.5,4.8,1.6,6.2,2,2,25204.88679888354,No
130,Finance,Junior,Bachelor's,Average,3.1,0.7,48366.0,12.1,2.5,2.5,25.7,1,2,3003.4573263946595,No
131,Sales,Junior,Bachelor's,Average,1.8,1.4,42194.0,5.2,3.4,2.5,7.9,2,2,51991.86851215705,No
132,Finance,Mid,Bachelor's,Outstanding,9.0,2.4,113849.0,28.1,2.2,2.2,7.8,2,2,22689.762486511747,No
133,Sales,Lead,Master's,Average,6.1,3.8,162792.0,11.9,3.5,4.1,14.2,0,3,58707.154848607315,No
134,Engineering,Junior,Bachelor's,Average,2.2,1.1,51404.0,6.3,5.0,2.5,38.1,1,2,59903.63932815756,No
135,Finance,Junior,Bachelor's,Average,4.3,2.4,62343.0,3.9,3.2,3.7,25.6,3,1,49417.31312486829,No
136,Operations,Mid,Bachelor's,Average,4.2,1.5,110075.0,10.4,2.9,2.3,17.8,0,0,,No
137,Finance,Mid,Bachelor's,Average,11.3,6.5,131295.0,11.4,2.2,3.6,24.6,3,4,23707.166186276936,No
138,Sales,Junior,Master's,High,4.2,2.6,43924.0,4.1,2.9,2.5,12.9,3,5,26589.142967308788,No
139,Engineering,Junior,Bachelor's,High,6.3,4.4,38192.0,10.1,3.7,3.6,18.3,3,3,34352.10495757708,No
140,Sales,Senior,Bachelor's,High,11.0,6.2,126628.0,22.4,1.5,2.8,1.0,0,1,71229.04988242277,Yes
141,Operations,Mid,Bachelor's,Average,8.3,5.9,88207.0,2.4,3.7,2.1,6.1,1,4,,No
142,Sales,Junior,Diploma,Average,4.4,2.5,48909.0,37.4,3.9,2.5,11.6,3,5,12283.460502539961,No
143,HR,Mid,Diploma,High,8.6,6.6,94990.0,13.8,5.0,3.3,13.6,3,2,4536.242390656443,No
144,Sales,Mid,Diploma,High,0.8,0.3,67284.0,10.6,2.7,4.2,4.6,2,1,50410.13813009674,No
145,Operations,Junior,Diploma,High,5.1,3.2,46277.0,8.9,2.9,2.0,1.4,1,1,,No
146,Engineering,Mid,Master's,High,5.1,1.6,135528.0,4.1,3.3,1.7,7.9,2,4,60418.885439822334,No
147,Finance,Junior,Master's,Average,9.6,2.7,46517.0,13.6,4.4,3.0,11.3,3,1,12168.773289377581,No
148,Engineering,Lead,Diploma,Average,3.9,3.1,168896.0,13.0,2.6,4.3,12.8,1,0,31120.777934857197,No
149,Operations,Junior,Master's,High,6.2,2.9,42247.0,5.7,1.0,3.9,27.6,1,4,,No
150,Engineering,Junior,Bachelor's,Average,5.6,5.1,33241.0,5.8,4.4,1.8,10.3,2,2,30414.823816235763,No
151,Engineering,Junior,Bachelor's,Outstanding,3.2,2.5,20000.0,9.8,3.1,2.3,20.9,3,0,43072.155340252095,No
152,Sales,Lead,Master's,Average,3.1,1.8,242756.0,19.3,4.3,4.0,5.5,0,2,18658.193458387508,No
153,Engineering,Mid,Master's,Average,1.5,0.5,66992.0,3.4,1.9,2.9,18.9,1,4,42430.64311742019,No
154,Finance,Mid,Bachelor's,High,4.1,1.8,55762.0,10.5,5.0,3.4,3.9,2,3,28143.41789683412,No
155,Finance,Mid,Master's,Average,1.8,0.6,117427.0,21.3,3.8,3.4,18.7,0,4,8745.80261693927,No
156,HR,Mid,Bachelor's,Average,3.9,3.2,76520.0,4.0,1.4,1.0,16.5,1,5,6945.723569610733,No
157,Engineering,Senior,Bachelor's,Low,9.5,6.5,152433.0,21.9,3.0,2.9,1.8,1,4,19063.042147812175,No
158,Sales,Senior,Bachelor's,High,3.2,2.0,113562.0,12.3,3.6,1.9,14.9,0,0,5045.86720852971,No
159,Engineering,Junior,Master's,Average,20.9,15.0,50655.0,12.1,2.9,2.4,6.7,1,0,35895.58265534025,Yes
160,Finance,Junior,Diploma,Average,7.5,5.2,57751.0,17.2,2.2,4.4,20.7,0,4,29819.61438301003,No
161,Engineering,Mid,Diploma,Average,2.7,1.1,55423.0,27.2,2.2,1.8,12.4,2,1,29757.11062252147,No
162,HR,Senior,Master's,High,6.7,1.7,132648.0,52.9,4.3,4.5,4.3,2,3,3861.6575569809606,No
163,Sales,Mid,Master's,Average,5.3,3.9,114229.0,10.5,3.1,4.6,7.1,0,2,37256.26289183519,No
164,Sales,Senior,Bachelor's,Average,5.4,2.5,151079.0,22.3,1.8,2.7,17.8,3,1,9882.58462456452,Yes
165,Sales,Junior,Bachelor's,Average,4.8,2.7,64587.0,15.9,3.0,5.0,13.1,3,1,14519.548144632343,No
166,Finance,Senior,Master's,Outstanding,4.4,3.0,198671.0,57.3,5.0,3.6,15.3,1,5,53343.316332005044,No
167,Sales,Junior,Master's,Low,6.0,2.6,63683.0,3.1,4.9,4.2,15.6,4,4,68860.28238268063,No
168,Operations,Mid,Bachelor's,Average,2.8,1.4,73358.0,11.0,5.0,5.0,12.7,3,2,,No
169,Engineering,Mid,Bachelor's,Average,3.6,2.3,72547.0,23.1,4.8,1.8,11.1,1,0,21185.372064502895,No
170,Operations,Junior,Diploma,Outstanding,9.7,6.3,40694.0,6.0,3.3,3.1,18.2,0,0,,No
171,Sales,Junior,Diploma,Average,0.6,0.2,54270.0,15.6,2.8,4.3,1.6,0,2,37719.125710856286,No
172,HR,Junior,Bachelor's,High,9.5,8.5,28958.0,14.8,1.7,3.6,6.4,2,4,67261.7797167712,Yes
173,Operations,Mid,Bachelor's,Average,21.5,15.0,61704.0,5.5,3.4,5.0,5.0,2,3,,No
174,Sales,Senior,PhD,High,5.1,2.3,97525.0,7.7,4.4,1.4,8.6,1,4,26603.259026530224,No
175,Operations,Junior,Bachelor's,Average,1.0,0.8,60994.0,16.0,3.3,3.6,52.0,4,1,,No
176,Operations,Senior,Bachelor's,Low,6.6,2.5,115247.0,19.0,2.0,3.4,32.8,1,2,,Yes
177,Sales,Junior,Diploma,Outstanding,5.9,1.6,63026.0,7.5,4.4,,24.0,3,3,81644.07342985366,No
178,Engineering,Lead,Diploma,High,2.9,2.5,209872.0,10.1,2.2,4.2,12.0,0,4,51029.645885518694,No
179,HR,Lead,Diploma,Outstanding,2.5,0.7,316170.0,25.9,3.9,4.8,44.9,0,1,5783.645461949671,No
180,Sales,Mid,Diploma,Average,2.1,0.5,129895.0,12.7,3.9,3.9,8.8,3,0,22785.315360938926,No
181,Finance,Senior,Diploma,Outstanding,5.7,2.8,78510.0,1.9,4.5,2.8,5.3,2,2,17638.54760720394,No
182,Engineering,Mid,Bachelor's,Low,14.7,8.6,56569.0,19.3,1.6,2.3,4.7,7,2,11767.311157813543,Yes
183,HR,Junior,Bachelor's,High,11.9,4.5,50400.0,56.0,3.8,4.5,22.8,0,0,45200.129424000195,No
184,Engineering,Senior,Master's,Average,6.0,2.4,49780.0,13.2,2.6,3.2,0.5,1,1,2859.991289971887,No
185,Operations,Mid,Bachelor's,Average,4.0,0.9,89612.0,1.4,2.9,3.4,6.2,0,4,,No
186,Sales,Mid,Master's,Average,14.4,6.3,120509.0,19.8,1.1,4.9,8.5,3,1,43197.87716735133,Yes
187,Engineering,Mid,Diploma,High,5.9,4.0,81742.0,5.2,3.4,3.1,19.6,0,3,11383.277314008456,No
188,Operations,Junior,Bachelor's,Average,2.2,0.5,56294.0,5.1,2.9,3.7,6.9,2,4,,No
189,Finance,Senior,Diploma,Average,20.8,9.1,121077.0,2.3,3.2,2.5,6.8,0,5,5780.959458112673,No
190,Sales,Junior,PhD,High,3.0,0.9,41968.0,14.0,2.3,2.0,27.4,2,2,29094.329877774464,No
191,Engineering,Mid,Diploma,High,7.5,2.1,113385.0,11.9,3.0,3.2,7.5,0,0,32434.930398550154,No
192,Sales,Senior,PhD,High,3.3,2.7,132612.0,48.0,3.2,4.0,20.6,0,5,32810.897335413916,No
193,Operations,Lead,Bachelor's,Average,2.5,1.3,75815.0,12.9,2.9,2.4,2.3,3,1,,No
194,Engineering,Junior,Bachelor's,Average,4.8,1.9,62042.0,9.0,2.5,3.4,15.4,1,4,38021.47930978589,No
195,Finance,Junior,Bachelor's,Average,1.7,1.1,55673.0,54.0,1.7,4.4,11.2,1,3,20324.308784529312,No
196,Operations,Junior,PhD,High,8.1,4.3,45774.0,19.3,2.7,4.7,8.7,4,2,,No
197,Sales,Junior,Diploma,Average,3.0,1.8,40834.0,8.6,2.9,3.5,11.2,1,0,11639.031576886382,No
198,Operations,Junior,Bachelor's,High,11.9,9.1,76191.0,3.3,2.4,3.7,19.2,2,4,,Yes
199,Engineering,Junior,PhD,Average,6.5,3.1,46162.0,12.4,2.8,1.6,13.0,1,3,96264.94291906468,No
200,Engineering,Junior,Bachelor's,Average,2.8,0.8,23761.0,6.3,3.0,3.2,1.3,2,4,34664.60965728989,No
201,Finance,Junior,Diploma,Average,3.2,2.9,52459.0,21.5,2.7,3.5,32.2,3,5,15624.615392783384,No
202,Engineering,Mid,Bachelor's,Average,4.5,2.3,28054.0,6.5,4.0,3.5,47.6,0,0,45978.87523453518,No
203,Operations,Senior,Bachelor's,High,7.7,2.4,127762.0,2.4,2.5,2.4,16.4,1,1,,No
204,Engineering,Lead,Master's,High,6.8,5.5,250489.0,6.3,3.3,3.8,8.4,2,3,30247.048578098398,No
205,Operations,Lead,Master's,High,4.2,2.7,255669.0,22.0,3.1,,13.4,3,4,,No
206,Engineering,Senior,Master's,Average,7.5,5.4,107145.0,22.1,1.6,,5.6,2,1,3805.2014681095293,Yes
207,Operations,Junior,Bachelor's,Average,5.1,1.4,61888.0,13.4,3.1,2.8,1.0,1,0,,No
208,Sales,Lead,Bachelor's,Low,4.2,2.2,203462.0,1.8,2.8,2.3,3.9,2,2,50426.45285821276,No
209,Engineering,Junior,Bachelor's,High,8.9,2.8,59690.0,61.5,3.4,3.4,13.6,2,4,74935.62977649219,No
210,Operations,Senior,PhD,Average,5.4,1.4,113937.0,13.5,4.0,3.9,11.5,0,0,,No
211,Operations,Senior,Bachelor's,Low,4.9,2.7,199762.0,11.1,1.7,4.5,12.9,1,0,,Yes
212,Engineering,Senior,PhD,Low,1.3,0.8,121597.0,14.6,4.8,3.2,5.1,2,1,52669.3171759112,No
213,Sales,Junior,Bachelor's,High,1.2,0.5,28008.0,4.1,3.1,3.5,10.3,0,5,28354.363152901886,No
214,Sales,Senior,Bachelor's,Outstanding,3.3,2.2,150618.0,12.1,3.1,4.1,10.8,2,0,58892.31755958352,No
215,Sales,Lead,Diploma,High,4.0,0.9,216309.0,8.2,3.4,2.1,7.5,2,0,56448.821353780484,No
216,Operations,Senior,Bachelor's,Outstanding,7.4,6.4,133421.0,18.8,3.7,1.8,4.9,4,4,,No
217,Operations,Mid,Bachelor's,Average,4.6,1.2,112326.0,25.2,2.4,4.6,27.4,2,3,,No
218,Engineering,Mid,Bachelor's,Outstanding,6.9,6.1,105247.0,38.8,2.6,4.4,9.8,1,0,27618.603908612924,No
219,Operations,Mid,Bachelor's,Average,3.5,1.1,157983.0,23.6,3.6,3.8,5.7,0,4,,No
220,Operations,Mid,Diploma,Low,2.6,0.5,67548.0,7.1,2.8,2.8,1.1,3,1,,No
221,Sales,Mid,PhD,High,10.8,2.7,95835.0,20.8,3.9,,5.1,3,5,24298.906190600042,No
222,Finance,Senior,Bachelor's,Average,6.7,5.0,96959.0,10.0,3.9,1.1,15.8,3,1,37620.81166328872,No
223,Engineering,Mid,Bachelor's,High,8.5,3.4,61432.0,13.2,3.5,,1.9,0,2,22459.031987303464,No
224,Finance,Lead,Master's,Outstanding,2.0,0.8,187731.0,5.2,1.8,5.0,16.2,3,0,19446.04357767935,No
225,Finance,Senior,Diploma,Average,2.8,1.6,173788.0,20.7,3.0,3.3,21.1,1,3,51762.98657958466,No
226,Engineering,Mid,Bachelor's,Average,7.5,2.5,92714.0,15.1,2.4,3.3,7.8,2,5,15931.801125343594,No
227,Sales,Junior,Master's,Average,14.7,9.0,54718.0,11.9,5.0,2.9,3.2,0,0,13449.806675421925,No
228,Sales,Mid,Master's,Average,3.1,0.7,116301.0,10.5,1.6,1.0,9.5,3,2,16292.054812489132,Yes
229,HR,Junior,Bachelor's,High,3.5,3.1,54092.0,4.2,4.3,4.0,10.8,2,0,8295.358809326834,No
230,Finance,Junior,Bachelor's,Average,3.5,2.0,50344.0,9.8,3.2,3.9,19.3,3,4,12323.81453318736,No
231,Sales,Mid,Bachelor's,Average,6.9,5.0,119222.0,20.7,3.6,,1.6,2,5,25642.1339974134,No
232,HR,Lead,Diploma,Average,6.5,2.0,179040.0,1.7,2.1,3.4,10.7,1,3,36434.48586992351,No
233,Sales,Junior,Diploma,High,3.0,1.6,59259.0,15.6,3.5,3.0,5.1,0,4,2927.8692652733644,No
234,Engineering,Senior,Master's,Average,5.2,3.6,64974.0,9.6,4.7,3.2,9.2,2,0,18952.135496604824,No
235,Sales,Mid,Bachelor's,High,5.3,2.8,87040.0,12.6,2.6,4.1,13.7,2,0,15999.817470791391,No
236,Finance,Mid,Bachelor's,Average,15.1,3.5,113881.0,16.6,3.1,3.8,4.5,4,4,40528.12313302697,No
237,Engineering,Junior,Bachelor's,High,5.1,2.5,68210.0,12.5,4.7,2.8,9.2,3,2,16827.174495554533,No
238,Engineering,Lead,Bachelor's,Average,14.7,5.5,188162.0,32.9,4.3,5.0,7.5,4,3,9501.497194004702,No
239,Sales,Junior,PhD,Outstanding,7.0,4.8,24955.0,14.9,2.6,3.1,8.0,1,5,44420.5279120622,No
240,Sales,Mid,Bachelor's,Average,1.7,0.9,117199.0,17.1,3.8,2.6,4.0,0,1,10794.830491056788,No
241,Engineering,Junior,Master's,Outstanding,8.4,3.9,52718.0,9.6,2.6,3.4,21.5,2,5,45805.71780083907,No
242,Sales,Senior,Bachelor's,Average,7.1,1.7,95063.0,14.1,5.0,3.4,9.0,3,4,20934.62155597051,No
243,Finance,Senior,Master's,Average,3.9,2.2,102843.0,16.5,2.8,3.4,12.2,2,2,34537.48899238502,Yes
244,Operations,Mid,Diploma,Average,3.6,2.6,64532.0,19.9,2.8,3.7,6.0,1,2,,No
245,Sales,Mid,Master's,High,1.9,0.7,98587.0,11.5,5.0,2.7,4.9,1,3,36363.6173795385,No
246,Operations,Mid,Diploma,Average,1.4,0.5,112861.0,27.7,1.8,4.6,20.9,1,2,,Yes
247,Sales,Junior,Diploma,Low,1.1,0.7,27289.0,23.8,1.2,4.3,24.5,0,1,9130.157459053971,Yes
248,HR,Senior,Bachelor's,Outstanding,4.3,0.9,189451.0,6.5,3.5,3.2,11.2,5,5,50284.727925999585,No
249,Sales,Mid,Bachelor's,High,1.2,1.0,83203.0,35.4,3.7,5.0,1.3,1,4,52381.92793057887,No
250,Operations,Senior,Bachelor's,High,1.0,0.3,113371.0,2.2,3.5,,27.0,2,4,,No
251,Operations,Mid,Diploma,Average,3.6,3.0,100839.0,3.1,2.6,3.7,5.6,0,2,,No
252,Engineering,Junior,Master's,Outstanding,6.0,2.4,56389.0,9.0,4.8,2.6,4.5,3,1,11276.876532126196,No
253,HR,Junior,Diploma,Average,1.8,1.2,36118.0,28.4,4.1,2.8,8.2,2,0,25569.080930354077,No
254,Operations,Junior,Bachelor's,Average,8.3,3.0,26596.0,2.9,3.4,4.5,12.7,2,3,,No
255,Finance,Junior,Bachelor's,High,10.2,8.1,42599.0,31.9,3.0,3.4,10.3,1,5,28058.98302567124,No
256,Operations,Mid,Bachelor's,High,5.1,4.1,60338.0,15.8,4.8,3.5,9.4,1,1,,No
257,Engineering,Junior,Bachelor's,Low,6.0,3.8,52540.0,10.6,5.0,2.3,13.7,1,4,47557.570639338934,No
258,Operations,Junior,Diploma,Average,6.2,1.4,40467.0,13.8,2.2,1.8,12.6,1,1,,No
259,Engineering,Senior,Master's,Outstanding,3.4,0.7,106384.0,5.6,2.0,2.7,6.1,0,3,23132.90492522705,No
260,Finance,Junior,Master's,High,4.4,2.2,21037.0,7.9,3.2,2.7,22.1,0,0,71600.01209798317,No
261,Operations,Lead,PhD,Outstanding,1.2,0.6,184303.0,9.3,3.2,3.2,11.5,4,2,,No
262,Engineering,Mid,Master's,High,4.8,3.6,81944.0,14.8,4.0,2.8,13.0,1,2,21166.650975463323,No
263,Engineering,Senior,Bachelor's,High,6.9,3.1,161709.0,20.3,2.5,3.6,3.7,1,0,76717.6431794226,No
264,Finance,Mid,Bachelor's,Average,3.6,1.8,63784.0,47.3,2.6,3.1,5.3,1,5,26963.515756314053,No
265,HR,Junior,Diploma,Average,4.8,1.3,70783.0,6.0,4.2,2.9,7.7,1,5,97260.84753414022,No
266,Operations,Mid,Bachelor's,High,0.7,0.3,76936.0,12.6,1.9,5.0,15.9,1,3,,No
267,Operations,Junior,Bachelor's,Average,1.6,0.8,20000.0,32.7,2.5,4.7,20.0,1,3,,No
268,Engineering,Senior,Master's,Average,23.7,11.0,156809.0,17.7,4.5,2.9,18.2,0,4,34309.93095427504,No
269,Operations,Lead,Bachelor's,Average,2.7,0.5,155073.0,5.9,2.5,1.0,9.1,0,2,,Yes
270,Sales,Lead,Master's,High,5.7,4.8,212542.0,27.7,2.8,1.5,10.3,0,0,21623.2036263653,Yes
271,Sales,Senior,Diploma,Average,1.8,1.4,162994.0,23.4,1.0,3.8,5.4,3,0,25579.43144445535,Yes
272,Sales,Senior,Master's,High,7.4,6.4,36025.0,4.8,3.1,4.8,4.6,2,0,9725.257667184176,No
273,Operations,Mid,Master's,Average,6.7,1.8,69115.0,3.5,4.5,5.0,16.4,1,1,,No
274,Operations,Mid,Bachelor's,Average,5.9,4.8,80895.0,0.9,2.5,1.0,4.9,4,5,,Yes
275,Finance,Junior,PhD,Average,1.8,0.5,66663.0,40.1,1.5,2.0,11.6,2,2,34982.63667013319,No
276,Engineering,Senior,Bachelor's,Low,9.0,2.0,184495.0,12.0,3.7,3.7,8.0,0,5,17081.536635577642,No
277,Finance,Lead,Master's,Outstanding,3.2,2.0,248727.0,21.3,3.2,2.6,18.6,1,3,14125.858371785069,No
278,Engineering,Lead,Diploma,Average,8.9,7.4,151335.0,19.3,4.9,3.3,11.3,2,3,5849.696750242196,No
279,HR,Mid,Diploma,Average,7.2,1.9,87568.0,16.8,3.8,2.3,22.1,0,3,18348.16895525709,No
280,Sales,Senior,Bachelor's,High,4.6,1.1,81699.0,3.8,3.4,,20.6,2,3,48485.76261882366,No
281,Sales,Mid,Master's,Average,2.3,1.9,98112.0,39.7,4.2,1.2,8.4,3,0,28553.653002723648,No
282,Sales,Senior,Bachelor's,Low,3.5,1.0,148610.0,15.8,3.8,5.0,14.2,6,3,9118.151808016011,Yes
283,HR,Junior,Bachelor's,High,3.4,2.6,41011.0,7.6,2.1,3.3,10.0,2,1,9879.031727488562,No
284,Operations,Senior,PhD,High,3.1,2.2,106018.0,18.3,3.8,1.3,13.4,3,2,,No
285,Operations,Mid,Bachelor's,Average,3.3,1.2,97836.0,15.8,4.2,2.0,9.3,2,0,,No
286,Sales,Mid,Diploma,Average,7.1,5.3,58156.0,9.1,3.7,5.0,1.8,1,0,26771.237510889743,No
287,HR,Lead,Bachelor's,Average,5.7,3.4,159370.0,9.6,2.5,2.7,6.2,2,4,29674.22817070616,No
288,Sales,Mid,Diploma,High,9.4,8.4,82073.0,13.8,4.8,3.7,17.4,1,5,27949.23639810194,No
289,Sales,Mid,Bachelor's,High,2.3,2.1,96433.0,3.9,3.3,4.0,8.9,3,5,70777.33413782416,Yes
290,Sales,Senior,Bachelor's,Average,6.9,4.3,103454.0,20.4,3.0,2.9,2.8,3,1,8977.167676826562,No
291,Engineering,Junior,Diploma,Outstanding,3.2,1.4,61043.0,13.4,4.2,3.7,4.6,1,5,18001.85978407954,No
292,Engineering,Mid,Master's,High,3.0,0.7,65226.0,4.3,3.6,3.7,17.2,2,5,59600.669630137636,No
293,Sales,Junior,Diploma,Outstanding,2.9,2.3,57968.0,14.8,5.0,1.2,13.6,1,0,15787.953248179978,No
294,Operations,Mid,Bachelor's,High,3.9,2.5,83030.0,5.4,3.4,3.9,17.3,0,0,,No
295,HR,Mid,Master's,Outstanding,4.1,2.7,111086.0,36.1,1.9,2.3,1.9,0,1,11517.614756928571,No
296,Finance,Lead,Master's,Average,2.1,1.4,164017.0,20.5,3.9,3.9,19.7,2,5,11358.024335278737,No
297,Engineering,Junior,Master's,High,4.4,2.8,28357.0,13.0,4.6,4.2,0.6,0,3,6718.232741860792,No
298,Sales,Mid,Bachelor's,Outstanding,1.4,1.2,95053.0,10.3,2.7,2.9,8.5,2,0,33857.29497956102,No
299,Engineering,Senior,Diploma,Average,11.3,9.4,90840.0,4.3,4.7,4.9,14.1,0,5,5565.6273798247985,No
300,Sales,Lead,Diploma,Average,14.1,6.8,219228.0,10.7,3.8,3.0,12.0,1,1,116758.053750026,No
301,Finance,Junior,Diploma,Average,7.8,2.4,67836.0,28.7,3.5,,36.0,1,2,13512.93597069854,No
302,Sales,Senior,Bachelor's,High,4.4,2.2,148248.0,8.5,3.7,,3.7,1,4,14015.88631519485,No
303,Operations,Junior,Bachelor's,Average,8.6,4.2,20000.0,23.8,3.5,,13.5,3,5,,No
304,Operations,Senior,Master's,Low,6.8,3.8,133685.0,8.4,4.4,3.1,15.8,1,0,,No
305,HR,Mid,Diploma,Low,3.9,3.4,48590.0,37.2,3.7,1.5,1.9,3,1,32575.859270581004,No
306,Finance,Mid,Master's,Average,2.7,1.3,107353.0,19.5,2.4,3.5,15.5,1,4,29847.250234896874,No
307,Engineering,Junior,Bachelor's,Average,5.0,2.9,41730.0,18.1,3.6,4.1,12.6,1,1,9098.053341801527,No
308,HR,Senior,Bachelor's,Average,0.1,0.1,90717.0,5.1,3.1,3.7,3.5,3,4,36177.4618500367,No
309,Operations,Junior,Bachelor's,Average,1.8,0.6,30091.0,35.3,3.1,3.2,23.6,1,4,,No
310,Finance,Mid,Diploma,High,12.7,3.4,63442.0,9.5,4.5,3.2,4.1,2,2,75582.08594473511,No
311,Finance,Junior,Bachelor's,Average,10.3,8.7,39382.0,36.7,5.0,3.9,1.0,1,3,18278.8828254924,No
312,Sales,Lead,Bachelor's,Low,2.9,2.2,199854.0,28.3,2.5,3.0,32.8,3,1,77957.70648598329,Yes
313,Sales,Junior,Diploma,High,9.4,2.3,32443.0,14.8,4.7,3.2,9.0,2,3,18944.52050604298,No
314,Engineering,Junior,Bachelor's,Average,3.6,2.4,59473.0,0.1,2.4,4.4,2.9,1,3,16563.89067683301,No
315,Engineering,Junior,Master's,Average,6.5,2.2,29727.0,11.1,1.9,,11.0,1,0,41321.00004615553,No
316,Engineering,Mid,Bachelor's,Average,4.2,2.3,68936.0,24.9,1.7,3.4,8.2,0,1,9040.467490052013,No
317,HR,Mid,Bachelor's,Average,2.4,1.3,61239.0,23.9,3.1,,14.4,2,5,19840.975495182625,No
318,Sales,Junior,Master's,High,10.9,8.0,54761.0,12.0,3.9,5.0,15.6,3,1,6170.166154549742,Yes
319,Sales,Mid,Bachelor's,High,0.8,0.2,77381.0,29.2,3.1,5.0,5.4,2,3,7440.161018700796,No
320,Engineering,Mid,Diploma,Average,2.5,1.9,122136.0,8.3,2.0,2.4,35.6,1,1,34844.338681406814,Yes
321,Operations,Mid,Master's,High,6.8,6.0,84124.0,30.0,3.3,3.4,7.8,2,3,,No
322,Sales,Junior,Diploma,Average,4.2,0.9,41352.0,25.7,5.0,1.3,11.1,0,3,14620.721703554476,No
323,Engineering,Mid,Master's,Average,9.5,8.4,75288.0,14.7,3.7,3.4,5.4,2,3,56730.51265447541,No
324,Sales,Senior,Bachelor's,High,2.8,1.0,137140.0,13.0,3.8,3.2,60.0,2,1,31920.728323256146,No
325,Operations,Lead,Diploma,Outstanding,7.5,5.5,188607.0,7.2,2.9,3.4,27.1,1,2,,No
326,Engineering,Senior,Bachelor's,High,8.8,3.9,119483.0,15.1,3.7,4.1,4.6,1,3,6010.069056301308,No
327,Engineering,Junior,Bachelor's,High,7.3,1.9,32039.0,29.6,2.3,1.3,9.9,1,3,21003.076575325354,No
328,Operations,Mid,Bachelor's,Average,1.0,0.5,83114.0,2.7,3.4,4.3,17.5,3,0,,No
329,Engineering,Senior,Diploma,High,7.1,6.1,97541.0,7.5,2.3,3.4,9.7,0,1,16762.667077797458,No
330,Engineering,Mid,Bachelor's,Average,3.2,2.2,89040.0,17.6,4.5,5.0,25.7,1,2,7075.03761204861,No
331,Operations,Mid,Bachelor's,Outstanding,1.1,0.7,75504.0,11.5,4.1,4.4,19.8,2,4,,No
332,HR,Junior,Bachelor's,Average,5.0,1.6,20000.0,20.5,4.6,2.5,10.0,1,3,37535.79558380847,No
333,Operations,Mid,Master's,High,6.2,4.9,77298.0,21.8,4.5,3.3,30.3,1,1,,No
334,Engineering,Mid,Bachelor's,Outstanding,5.6,4.9,90854.0,6.5,4.5,4.4,10.4,1,1,14632.276383741817,No
335,Engineering,Junior,Bachelor's,Average,23.0,15.0,54325.0,15.9,1.0,3.6,25.4,2,2,28993.596375204208,Yes
336,Engineering,Junior,Master's,Average,5.4,4.4,56716.0,4.2,2.4,3.5,8.6,0,4,9845.55932769039,No
337,Sales,Mid,Diploma,High,5.6,4.8,89583.0,3.6,3.7,3.9,10.1,3,5,34640.39840479216,No
338,Operations,Mid,Bachelor's,High,4.2,1.8,75170.0,15.8,1.0,1.2,8.4,2,3,,No
339,Operations,Senior,Master's,Average,6.6,3.3,168302.0,23.8,4.3,3.1,2.1,1,1,,No
340,Operations,Senior,Diploma,High,3.6,2.6,141757.0,8.9,4.9,4.3,8.7,2,2,,No
341,Operations,Mid,Master's,High,4.3,2.8,69965.0,32.6,1.7,2.9,32.5,0,2,,Yes
342,Engineering,Junior,Bachelor's,Outstanding,8.3,6.4,56245.0,19.0,3.7,3.6,2.9,2,2,27876.42073915408,No
343,Operations,Mid,Bachelor's,Average,9.8,7.4,84866.0,16.8,3.2,3.9,9.8,1,5,,No
344,HR,Junior,Master's,High,5.4,2.4,60633.0,15.6,4.5,3.6,25.7,2,4,18475.795463113158,No
345,Engineering,Mid,Bachelor's,High,4.1,1.2,68030.0,15.0,3.0,3.1,8.5,2,0,21342.12911469374,No
346,Engineering,Mid,Master's,Average,1.0,0.6,79663.0,12.7,2.5,,3.2,1,1,24064.618333145816,No
347,Sales,Junior,Bachelor's,High,4.1,1.2,41078.0,31.4,2.9,3.2,23.9,3,1,61660.51606304442,No
348,Finance,Mid,Master's,Average,10.1,3.6,82074.0,3.8,1.8,3.5,5.4,1,5,58966.728699291285,No
349,Operations,Junior,Bachelor's,High,2.7,2.4,43363.0,7.3,2.8,,7.7,2,4,,No
350,Engineering,Senior,Diploma,Average,3.0,0.9,161048.0,13.9,3.4,3.2,13.7,1,5,34262.98479299876,No
351,Engineering,Senior,Bachelor's,Average,4.1,3.2,135265.0,12.2,3.7,2.9,15.1,1,4,58596.75840323136,No
352,Sales,Senior,Master's,Low,6.6,3.6,209397.0,54.4,2.3,4.5,11.1,2,4,12503.739806267826,Yes
353,HR,Junior,Master's,High,9.0,5.5,40077.0,7.8,3.5,,19.0,1,5,68675.64032828769,No
354,Operations,Junior,Bachelor's,Outstanding,5.7,4.3,69109.0,22.0,4.7,,1.7,2,0,,No
355,Finance,Mid,Bachelor's,Average,11.5,8.9,139056.0,50.4,3.4,4.5,7.2,4,3,17512.11616553676,Yes
356,Engineering,Mid,Diploma,Average,8.1,7.1,86733.0,13.9,2.7,1.5,14.4,4,2,82852.03212119259,No
357,Operations,Junior,Bachelor's,High,1.5,0.4,50826.0,10.2,2.4,3.0,18.7,2,5,,No
358,Engineering,Lead,Master's,High,1.5,0.3,91457.0,1.8,3.5,3.1,2.3,0,4,31103.614859379137,No
359,Operations,Lead,Master's,Low,7.1,3.7,124385.0,14.8,4.3,3.6,5.5,0,4,,No
360,Sales,Lead,Diploma,High,9.3,7.0,182709.0,23.2,4.0,3.6,10.4,3,3,24904.328247019006,No
361,Engineering,Lead,Bachelor's,Average,5.7,4.0,172621.0,13.5,1.6,2.2,19.0,1,1,23085.605657922333,No
362,Operations,Mid,Bachelor's,Average,1.9,0.7,55011.0,13.4,3.0,2.1,11.1,3,3,,No
363,Finance,Junior,Diploma,Average,3.2,2.7,20697.0,10.3,2.9,3.8,14.8,0,0,43456.59170987306,No
364,Finance,Junior,Bachelor's,Average,2.1,1.0,27050.0,17.8,3.8,5.0,7.4,2,5,12501.106365702433,No
365,Sales,Junior,Bachelor's,High,16.7,5.2,46462.0,14.1,3.8,4.1,5.4,2,5,37235.36678215996,No
366,Engineering,Mid,Bachelor's,Low,2.2,0.5,83476.0,24.0,5.0,2.8,7.9,0,0,69211.47194250797,No
367,Sales,Mid,Bachelor's,High,12.3,7.2,103215.0,24.4,3.6,5.0,28.3,2,0,20320.210219712386,Yes
368,Operations,Junior,Bachelor's,Average,5.7,4.9,63175.0,19.3,1.0,3.4,1.4,2,4,,No
369,Engineering,Mid,PhD,High,5.8,2.0,85715.0,6.9,4.3,2.8,13.6,0,3,35821.292348252566,No
370,Sales,Junior,PhD,High,6.4,2.8,41879.0,49.0,2.5,4.4,8.9,1,0,25610.799144700173,No
371,Sales,Mid,Bachelor's,Average,0.5,0.5,79724.0,16.7,2.6,1.8,35.4,5,1,43908.248997737246,Yes
372,Finance,Junior,Diploma,Average,2.3,1.9,43053.0,36.8,4.5,3.2,5.0,0,0,10687.086464261729,No
373,Operations,Mid,Master's,High,7.2,5.3,93288.0,23.8,1.8,1.0,26.3,4,5,,Yes
374,Finance,Mid,Bachelor's,Outstanding,1.2,0.5,123236.0,15.8,1.5,1.9,4.4,2,1,35177.29377909282,No
375,Sales,Junior,Bachelor's,High,4.0,1.4,50187.0,9.6,3.0,2.1,16.5,1,4,27663.5496708774,No
376,Operations,Junior,Bachelor's,Low,7.4,5.2,47804.0,14.0,4.9,3.2,7.4,3,2,,No
377,Engineering,Senior,PhD,High,2.5,2.0,178541.0,9.9,3.3,1.9,3.7,3,4,61493.99041082035,No
378,HR,Lead,Bachelor's,High,9.0,3.6,92633.0,19.8,4.7,4.4,3.3,4,3,16894.211047286262,No
379,Sales,Senior,Diploma,Average,3.4,2.1,114643.0,4.8,4.2,4.0,8.2,3,0,25361.838352914347,No
380,Finance,Junior,Bachelor's,Low,2.9,1.3,36206.0,1.5,2.4,,5.3,7,2,22746.086884625758,Yes
381,Engineering,Mid,Bachelor's,Average,1.9,0.8,64319.0,12.2,2.5,2.8,26.7,3,1,6138.631938072744,No
382,Engineering,Senior,Master's,Average,1.2,1.0,146431.0,8.8,1.0,3.4,12.3,2,2,18792.360392242896,No
383,HR,Mid,Master's,High,8.7,7.2,60547.0,9.0,2.4,3.6,6.4,1,4,16172.977763639698,No
384,Operations,Junior,Bachelor's,Average,13.9,2.9,51232.0,45.2,5.0,2.4,20.5,3,3,,No
385,HR,Junior,Master's,Average,3.2,1.2,26699.0,23.9,5.0,1.9,18.0,0,3,15874.404830139458,No
386,Engineering,Junior,Master's,High,4.6,1.8,20000.0,12.5,1.5,2.1,15.3,1,1,13134.950510354904,No
387,Operations,Junior,Diploma,High,6.4,2.0,30189.0,17.3,3.3,,19.4,3,1,,No
388,Operations,Junior,Bachelor's,Average,5.3,3.7,42667.0,9.5,3.2,2.2,20.9,0,2,,No
389,Finance,Mid,Bachelor's,Average,7.4,1.7,101121.0,8.1,3.6,2.9,20.4,2,3,67134.78911976478,No
390,Engineering,Senior,Bachelor's,Average,2.1,0.8,153676.0,8.2,3.7,3.2,5.6,1,1,20859.948521521983,No
391,Sales,Mid,Bachelor's,Average,9.1,4.3,99004.0,20.1,1.1,,3.3,2,5,7773.875979064014,Yes
392,Finance,Mid,Master's,Average,15.7,10.0,96559.0,20.3,4.9,3.0,2.3,1,5,56072.30191248664,No
393,Operations,Lead,Bachelor's,Average,4.0,1.4,150937.0,2.9,3.4,4.0,6.4,0,0,,No
394,Operations,Mid,PhD,Low,3.1,2.3,84150.0,2.2,3.0,2.9,7.7,0,1,,No
395,Operations,Junior,Diploma,Outstanding,2.0,1.5,42160.0,6.1,4.3,1.9,47.1,1,3,,No
396,Sales,Junior,Bachelor's,High,9.0,5.6,71378.0,15.4,3.6,2.4,4.1,4,4,39528.759465456016,No
397,Finance,Junior,Bachelor's,Outstanding,8.9,3.3,32827.0,22.8,3.1,3.5,6.2,2,2,1497.042634058207,No
398,Engineering,Mid,Diploma,Average,3.1,2.5,120893.0,23.4,2.4,3.1,17.5,1,1,10812.829108113086,No
399,Engineering,Junior,Master's,Outstanding,10.2,7.7,59869.0,3.1,1.5,1.9,6.2,2,1,84070.10475662423,No
400,Finance,Senior,Master's,Average,5.4,4.6,146389.0,15.9,2.6,3.0,25.2,1,4,60731.60286844669,No
401,HR,Mid,Bachelor's,Outstanding,5.6,2.9,61161.0,4.8,3.2,3.1,24.9,0,3,30094.63474066833,No
402,Engineering,Junior,Diploma,Average,6.0,2.6,33525.0,0.8,1.4,3.0,18.9,3,2,30492.823843104863,Yes
403,Operations,Junior,Diploma,Outstanding,4.9,1.9,59907.0,5.8,2.7,3.8,37.8,1,3,,No
404,Finance,Lead,Master's,Low,7.9,2.2,256761.0,15.1,2.0,3.6,5.9,1,4,38062.383344221984,No
405,Sales,Junior,PhD,Average,3.8,3.3,41304.0,26.6,2.2,2.8,24.9,2,3,7984.691321823171,No
406,Sales,Senior,Bachelor's,Average,3.6,2.3,146248.0,14.2,3.0,1.1,8.8,2,3,34474.17940248105,No
407,Sales,Mid,Bachelor's,High,6.0,4.1,80768.0,8.9,2.8,4.7,4.8,5,5,39524.40426998055,No
408,HR,Junior,Master's,High,4.3,2.2,38125.0,31.6,4.0,,5.1,1,2,45073.80754377959,No
409,HR,Junior,Diploma,Low,3.1,1.6,23111.0,18.9,2.2,1.2,4.4,2,5,9520.379611870712,No
410,Finance,Senior,Master's,Average,8.6,5.8,184935.0,10.5,3.6,2.7,13.1,1,2,19698.791825839093,No
411,Finance,Mid,Bachelor's,High,15.8,12.1,74478.0,2.3,5.0,2.3,22.3,2,2,3028.756360789103,No
412,Engineering,Mid,Bachelor's,Outstanding,4.4,2.9,62630.0,11.6,1.8,1.4,25.6,1,2,20000.607025753427,No
413,Operations,Mid,Master's,Average,4.8,3.9,81063.0,11.7,3.6,3.6,17.5,1,2,,No
414,Sales,Mid,Master's,Outstanding,2.5,1.0,85432.0,26.4,3.4,4.1,20.3,3,0,32790.65406246128,No
415,Finance,Senior,Bachelor's,High,3.9,1.8,175061.0,14.6,3.6,5.0,9.1,1,3,16745.013072384976,No
416,Operations,Senior,Bachelor's,Low,1.9,1.3,135376.0,8.8,3.3,3.1,5.4,2,2,,No
417,Engineering,Senior,Bachelor's,High,7.3,5.8,165063.0,35.7,3.5,2.6,5.7,2,4,10890.931368055832,No
418,Finance,Mid,Bachelor's,Outstanding,2.8,2.5,90211.0,33.5,2.5,4.0,29.1,0,0,4173.046611820962,No
419,Engineering,Mid,Bachelor's,Average,6.6,5.8,67966.0,7.4,3.9,5.0,21.8,2,4,73330.96796289067,No
420,Operations,Lead,Master's,High,6.4,4.2,91775.0,41.7,3.1,4.1,6.8,2,3,,No
421,Sales,Junior,Master's,Average,21.2,15.0,48633.0,29.8,2.8,3.4,9.3,2,2,20500.394332676704,Yes
422,HR,Mid,Bachelor's,High,9.5,7.6,114002.0,12.8,2.5,5.0,24.7,0,3,23223.101103223416,No
423,Engineering,Senior,Bachelor's,Average,5.5,1.9,186840.0,7.0,5.0,,6.0,0,4,9590.182700166857,No
424,HR,Lead,Bachelor's,Average,1.7,0.5,109681.0,5.6,2.5,2.5,4.7,1,1,46396.33203184523,No
425,Finance,Mid,Bachelor's,Average,6.7,5.7,85263.0,20.9,3.5,3.1,10.9,1,3,15678.218189156687,Yes
426,Sales,Mid,Bachelor's,Average,12.5,8.6,79796.0,7.3,5.0,3.7,32.6,4,2,20336.293601863963,No
427,Sales,Senior,Bachelor's,Outstanding,12.5,3.8,151726.0,42.8,2.1,2.8,9.5,4,0,23012.81966369746,Yes
428,Finance,Lead,Diploma,Average,7.8,2.6,279667.0,14.9,2.9,2.8,17.4,3,3,23981.56159351748,No
429,Sales,Senior,Diploma,Average,6.5,3.6,124805.0,31.6,3.0,3.5,18.9,1,5,16346.803110588877,No
430,Engineering,Junior,Diploma,Average,5.3,2.4,58152.0,31.7,3.1,3.8,6.6,3,4,23129.892873147608,No
431,Sales,Junior,Master's,Low,9.2,2.0,22865.0,16.2,3.3,2.6,8.2,1,4,5285.438330661255,No
432,Sales,Junior,Master's,Average,9.6,7.1,24181.0,20.1,2.4,2.8,10.7,2,0,28358.182966602635,No
433,Sales,Mid,Bachelor's,High,1.3,0.5,78128.0,1.6,5.0,2.0,2.4,2,5,30845.083947040206,No
434,Engineering,Mid,Master's,Low,4.1,2.4,112924.0,12.8,3.0,3.6,23.2,2,0,10149.632801228036,Yes
435,Engineering,Junior,Bachelor's,Average,6.4,1.3,33859.0,9.0,2.6,3.3,7.7,3,4,12583.366281662475,No
436,Sales,Mid,Bachelor's,Average,1.5,1.2,75547.0,3.4,3.1,1.2,1.3,1,5,7443.991304490251,No
437,Engineering,Senior,Master's,High,3.1,2.0,148829.0,15.3,2.7,4.1,2.1,1,5,57794.78847834454,No
438,HR,Junior,Master's,Low,3.2,2.0,58426.0,10.1,2.4,5.0,5.3,4,5,19670.919632519544,Yes
439,Engineering,Junior,Diploma,Low,8.6,3.8,39369.0,3.1,1.3,3.6,7.2,5,2,23381.643702501344,Yes
440,Finance,Senior,Bachelor's,High,1.1,0.3,86810.0,2.5,3.4,3.4,27.4,2,5,13047.603381045094,No
441,Sales,Lead,Bachelor's,Outstanding,4.8,2.4,194374.0,0.6,3.6,3.5,5.3,0,4,9351.77523043464,No
442,Engineering,Mid,Bachelor's,Outstanding,9.7,3.5,122713.0,6.8,1.0,1.8,14.2,0,3,50915.64320640155,No
443,Sales,Senior,Bachelor's,Average,6.2,2.4,159754.0,10.2,4.5,2.4,6.9,0,1,24814.99946005534,No
444,Sales,Mid,Bachelor's,Average,5.6,4.2,77930.0,19.7,3.4,2.3,1.1,1,3,36991.35674279686,No
445,Operations,Senior,Master's,Average,7.0,1.9,171445.0,56.2,4.2,3.3,14.7,1,0,,No
446,Engineering,Mid,Bachelor's,Low,3.0,1.7,62484.0,5.6,4.5,2.8,17.0,0,5,31402.07059887939,No
447,Engineering,Lead,Diploma,High,5.1,1.7,121762.0,9.5,3.9,2.5,6.4,1,0,46852.3879435945,No
448,Engineering,Junior,Master's,Average,2.0,1.2,26156.0,8.8,3.9,2.8,4.7,0,5,12470.168436814212,No
449,Sales,Senior,Diploma,High,1.2,0.4,99789.0,10.8,3.8,3.4,13.6,2,1,19774.274032252575,No
450,Sales,Junior,Master's,High,10.4,7.7,40232.0,5.6,2.6,3.2,7.2,1,1,42472.96384968923,No
451,Engineering,Mid,Bachelor's,High,1.5,1.1,96025.0,8.2,2.6,2.8,11.2,2,4,23268.889778523695,Yes
452,HR,Mid,Bachelor's,Average,5.1,2.1,66275.0,8.2,2.0,2.0,6.2,2,3,4751.568491971399,No
453,Engineering,Mid,Bachelor's,Outstanding,5.6,1.2,100088.0,28.5,3.5,2.1,2.8,1,1,12824.285499059577,No
454,Sales,Senior,Bachelor's,Outstanding,4.4,1.6,76948.0,2.8,2.4,1.5,19.1,0,4,10408.630971679551,No
455,Sales,Junior,Master's,High,4.2,1.3,24363.0,4.0,3.6,3.1,16.4,2,2,15879.357654597614,No
456,Engineering,Mid,Bachelor's,Outstanding,4.6,3.0,79989.0,27.3,2.7,1.7,10.0,1,2,20439.720441523827,No
457,Operations,Mid,Bachelor's,High,2.6,2.3,119472.0,6.9,3.4,2.6,11.9,2,5,,No
458,Finance,Junior,Master's,Average,11.6,4.5,59270.0,6.8,1.9,3.4,28.6,2,1,85123.69665517981,Yes
459,Engineering,Senior,Bachelor's,High,9.3,4.9,74174.0,16.4,1.0,3.2,1.2,2,1,24895.233142569698,Yes
460,Sales,Senior,Bachelor's,Outstanding,4.5,3.1,134654.0,32.9,1.9,3.9,11.9,0,4,3902.02522029692,No
461,Engineering,Junior,Diploma,Average,14.4,9.3,54846.0,2.5,3.7,1.0,25.3,0,2,19350.58486264224,Yes
462,Engineering,Mid,Master's,Outstanding,2.6,0.8,94661.0,25.4,2.3,5.0,10.7,2,1,5821.031384261754,No
463,Sales,Mid,Bachelor's,High,3.4,1.8,113168.0,25.4,3.7,3.6,6.5,4,1,4406.953544150594,No
464,Engineering,Mid,Diploma,High,10.6,3.9,28380.0,27.4,3.2,3.1,4.0,5,4,40912.544356535254,Yes
465,Engineering,Mid,Diploma,Average,4.6,3.6,99325.0,14.4,3.0,2.5,6.8,4,4,114046.31065367434,No
466,Finance,Mid,Diploma,High,2.9,1.9,66324.0,17.5,3.9,2.5,14.4,1,5,13566.389370862329,Yes
467,Sales,Senior,Diploma,High,12.4,4.7,169251.0,6.8,3.9,3.4,7.3,1,5,26624.326373128977,No
468,Operations,Junior,Diploma,Low,6.1,4.9,54596.0,15.4,3.5,2.9,29.6,3,1,,Yes
469,Sales,Senior,PhD,High,10.8,5.5,127540.0,24.8,2.3,3.7,18.9,4,5,68160.33076730877,No
470,Sales,Lead,Bachelor's,Average,1.8,1.5,149747.0,20.3,4.5,3.5,18.1,2,4,35151.38812088797,No
471,Finance,Mid,Diploma,High,5.2,1.6,112482.0,10.4,2.1,4.0,5.8,1,2,37678.22138954053,No
472,Engineering,Mid,Bachelor's,Outstanding,1.9,0.6,99036.0,20.6,4.8,3.9,16.2,1,3,10981.431333659853,No
473,Sales,Mid,Bachelor's,Average,2.0,1.4,79020.0,20.3,3.3,3.4,9.3,2,0,13629.770020155765,No
474,Operations,Mid,Bachelor's,Average,3.9,1.1,69454.0,5.4,2.7,3.0,6.4,4,3,,Yes
475,Operations,Junior,PhD,Outstanding,7.2,4.7,51299.0,14.3,1.5,2.5,2.5,1,3,,No
476,Engineering,Mid,Bachelor's,High,3.7,1.6,112324.0,26.5,4.0,3.6,5.1,0,2,9003.287780935882,No
477,Sales,Lead,Master's,Low,14.1,7.3,153789.0,7.7,2.6,3.4,18.1,0,5,43084.52678702123,No
478,Sales,Mid,Master's,High,1.0,0.3,147992.0,17.1,2.9,4.0,10.2,2,3,9263.570404994212,No
479,Engineering,Junior,Bachelor's,Average,2.0,1.4,52382.0,21.5,3.5,4.5,6.7,1,0,24890.435344294277,No
480,Engineering,Lead,Bachelor's,Average,5.4,4.3,194369.0,21.5,3.1,3.4,14.1,3,3,11574.36827250621,Yes
481,Sales,Mid,Diploma,Average,17.5,12.1,40250.0,12.0,2.2,3.5,11.0,2,3,17629.551854260917,Yes
482,Engineering,Mid,Bachelor's,Average,1.5,0.5,76192.0,5.3,4.0,4.4,2.8,3,1,33355.62184319353,No
483,Operations,Mid,Diploma,Average,1.5,0.7,113094.0,11.4,1.6,3.9,10.8,2,0,,Yes
484,Sales,Mid,Master's,Low,3.2,2.3,51802.0,7.8,4.6,2.2,18.7,3,5,16939.392191976218,No
485,Finance,Mid,Master's,Outstanding,1.8,1.4,71362.0,10.6,3.2,2.4,7.1,2,2,74010.86218292473,No
486,Finance,Mid,Diploma,Average,8.4,7.4,159842.0,5.7,1.5,4.5,13.4,1,2,8761.741080144564,Yes
487,Sales,Junior,Diploma,Low,4.3,1.6,28329.0,7.2,3.4,3.1,9.9,1,1,24429.994613413444,No
488,Sales,Mid,Bachelor's,High,3.8,1.9,84296.0,71.4,1.5,2.9,3.3,0,4,37514.26666612448,No
489,Sales,Lead,Bachelor's,Average,15.0,11.5,203601.0,18.5,2.0,4.4,31.6,1,4,23582.017095475785,Yes
490,Engineering,Mid,Diploma,Low,1.8,0.9,74361.0,4.2,1.0,5.0,24.5,0,4,56374.08138151044,No
491,HR,Mid,Diploma,Average,6.1,2.0,127475.0,32.7,2.4,3.9,1.2,1,1,10048.729220700177,No
492,Operations,Mid,Master's,Average,7.4,2.8,63013.0,12.8,2.6,1.7,9.8,2,3,,No
493,Finance,Mid,Bachelor's,High,15.1,3.6,100616.0,25.4,4.3,2.5,2.7,3,5,26656.160067873087,No
494,Sales,Mid,Diploma,High,4.4,1.6,91563.0,10.3,4.6,3.1,14.7,2,0,48450.108516692024,No
495,Engineering,Senior,Diploma,Average,5.4,3.5,114153.0,20.3,3.7,3.0,14.1,1,4,30503.18057748924,No
496,Operations,Junior,Diploma,High,12.5,9.9,76289.0,7.4,3.6,4.3,19.2,5,1,,Yes
497,Operations,Lead,Bachelor's,High,5.2,3.5,197708.0,21.5,3.2,3.9,3.7,1,5,,No
498,Finance,Senior,Bachelor's,High,1.6,1.3,169590.0,3.1,4.6,2.6,14.4,2,2,68080.89394594102,No
499,Engineering,Junior,Bachelor's,Average,9.4,2.5,58153.0,15.4,2.8,3.3,7.8,4,2,35816.91558223488,Yes
500,Sales,Mid,Diploma,Outstanding,2.1,0.7,114372.0,2.0,3.3,4.9,5.5,1,1,14967.496740544877,No
501,Sales,Junior,Master's,Low,7.1,5.2,20000.0,19.8,1.8,,3.2,1,5,20009.59363983205,No
502,Operations,Junior,Master's,Outstanding,12.7,6.0,42187.0,3.9,4.5,2.2,6.1,1,0,,No
503,HR,Junior,Master's,Average,2.0,1.7,37594.0,34.0,3.9,5.0,2.0,2,2,22100.90826050897,No
504,HR,Senior,Master's,High,8.3,4.7,169129.0,5.1,5.0,2.8,8.8,2,1,5394.742770868478,No
505,Engineering,Mid,Master's,High,0.6,0.5,69023.0,9.2,2.5,3.2,16.3,0,0,10071.599498864633,No
506,Finance,Lead,Bachelor's,High,13.4,3.7,150860.0,22.6,3.9,1.4,31.6,1,2,23458.26054839857,No
507,Sales,Junior,Bachelor's,Outstanding,2.9,0.8,45509.0,14.5,4.6,3.2,6.0,1,1,36789.711299341194,No
508,Operations,Mid,Bachelor's,Outstanding,10.0,6.3,89265.0,27.3,2.6,,13.1,1,3,,No
509,Finance,Mid,Bachelor's,High,3.5,1.1,84661.0,23.2,3.2,3.0,18.9,1,4,1640.1435178598813,No
510,Sales,Lead,Master's,Low,1.7,1.5,191873.0,21.4,2.7,2.7,16.2,0,2,29512.51605224654,Yes
511,Operations,Junior,Diploma,Average,1.4,1.2,20000.0,33.5,4.6,1.7,17.4,1,0,,No
512,Sales,Senior,Diploma,High,4.6,1.1,121006.0,20.3,3.3,3.9,13.3,1,4,11156.068025865741,No
513,Sales,Mid,Master's,Outstanding,18.3,6.6,71960.0,68.4,4.0,3.7,4.2,2,3,46419.77899195511,No
514,Finance,Lead,Bachelor's,Average,7.3,1.8,97632.0,19.2,2.8,2.8,7.0,2,2,39992.94950480112,No
515,Engineering,Lead,Bachelor's,Outstanding,7.0,5.1,153021.0,15.0,3.4,3.2,9.7,2,5,19764.766302863143,No
516,Finance,Senior,Master's,Average,7.1,4.8,145544.0,20.1,1.6,,10.2,3,4,22145.013101159562,Yes
517,Engineering,Senior,Bachelor's,Average,2.6,0.9,151315.0,7.7,2.8,2.6,10.1,2,1,13011.140239727487,No
518,Finance,Mid,Master's,Average,4.7,2.3,80240.0,9.0,3.5,3.6,12.4,2,0,23440.376349142298,No
519,Operations,Lead,Master's,Average,21.1,6.1,209418.0,10.1,3.7,2.7,13.2,3,2,,No
520,Finance,Lead,Diploma,High,10.9,3.0,146934.0,12.0,3.2,4.2,9.1,2,4,40405.42858194591,No
521,Sales,Senior,Bachelor's,High,7.5,4.2,144918.0,11.9,1.1,1.8,7.4,2,3,32258.71899301188,No
522,Engineering,Mid,Master's,Average,3.6,1.2,133125.0,16.8,3.0,2.9,6.1,4,1,47580.49852904714,Yes
523,Finance,Mid,Bachelor's,Low,10.4,6.0,80261.0,17.9,3.6,4.1,1.7,2,0,4762.68689191742,Yes
524,Sales,Mid,Diploma,High,8.6,1.8,102075.0,28.3,1.0,3.5,56.9,1,2,6957.908668602435,Yes
525,Sales,Mid,Master's,Average,1.4,0.7,73833.0,6.8,3.4,1.9,21.0,1,4,20854.948207143465,No
526,Sales,Mid,Bachelor's,Low,2.0,1.6,54628.0,55.1,3.6,3.2,20.3,1,4,33963.25470625799,No
527,Operations,Junior,Bachelor's,Average,3.4,2.1,49769.0,12.9,3.8,,6.0,2,0,,No
528,Finance,Junior,Diploma,Average,2.8,1.6,45588.0,7.4,5.0,2.4,0.5,1,5,2801.568503057757,No
529,Operations,Senior,Diploma,High,13.8,6.9,130172.0,26.6,2.7,4.0,10.2,0,1,,Yes
530,Operations,Senior,Diploma,Average,10.0,3.0,116092.0,5.3,4.7,3.5,17.3,2,0,,No
531,Engineering,Mid,Diploma,Average,4.1,1.6,97796.0,7.9,2.8,3.6,13.6,0,1,21940.564526718965,No
532,HR,Mid,PhD,Average,6.0,4.3,89748.0,10.5,2.5,3.6,12.1,0,2,40516.39293013321,No
533,Engineering,Mid,Bachelor's,High,5.9,2.4,113438.0,2.0,3.0,4.1,9.4,2,1,57987.187575776115,No
534,Engineering,Junior,Bachelor's,Outstanding,2.5,0.6,43417.0,14.1,2.6,2.2,8.3,1,2,24992.600186763426,No
535,Sales,Mid,Bachelor's,Average,7.6,3.6,81226.0,24.2,1.6,3.3,7.3,1,0,38349.96539602713,Yes
536,Operations,Mid,Bachelor's,Average,4.5,3.0,93682.0,14.6,4.0,3.1,9.7,3,0,,Yes
537,Sales,Junior,Bachelor's,Average,11.3,9.0,57928.0,25.5,4.1,3.1,9.2,1,1,20995.1614860737,Yes
538,Engineering,Junior,Master's,Low,13.3,8.1,80644.0,7.1,1.7,1.6,11.9,3,1,31458.70918724914,Yes
539,Sales,Senior,Bachelor's,High,4.0,1.8,147747.0,23.3,2.1,1.7,8.3,1,0,26259.128363031,No
540,Operations,Junior,Bachelor's,High,3.3,1.2,31785.0,14.5,3.9,2.0,15.5,1,5,,No
541,Engineering,Mid,Bachelor's,Outstanding,10.4,3.6,80192.0,4.9,5.0,3.8,7.5,3,1,59371.102636675016,No
542,Sales,Junior,Bachelor's,Low,1.2,0.4,29722.0,13.1,3.0,3.8,4.2,2,1,9265.83368285784,No
543,Sales,Junior,Diploma,High,7.3,1.8,67779.0,10.7,4.4,2.9,24.7,2,4,29817.037138368232,No
544,Sales,Senior,Diploma,Average,20.1,12.2,172827.0,7.1,4.9,4.6,8.4,1,1,5171.320137091899,No
545,Sales,Mid,Bachelor's,Average,3.4,0.9,45338.0,48.5,4.0,3.5,16.8,0,5,48973.936715482596,No
546,Engineering,Junior,PhD,Average,7.8,6.1,52734.0,15.0,5.0,4.3,5.4,1,0,56744.042407230816,No
547,Engineering,Junior,Master's,Average,4.0,3.5,26849.0,16.0,4.8,2.6,8.3,2,0,57673.99704166296,No
548,Operations,Senior,Master's,Average,1.9,1.6,120198.0,5.0,2.1,2.0,14.0,3,1,,No
549,Finance,Senior,PhD,Average,8.8,7.1,132611.0,7.8,4.1,5.0,10.6,1,2,10963.844001201604,No
550,Operations,Junior,Diploma,High,0.2,0.1,31780.0,26.4,2.4,4.3,17.5,3,5,,No
551,Engineering,Junior,Diploma,Average,17.3,3.6,38817.0,13.7,2.8,3.8,9.3,2,0,22001.874626480385,No
552,Engineering,Junior,Master's,High,7.6,4.9,49546.0,3.3,3.3,2.8,22.4,2,2,53065.87418880043,No
553,Engineering,Junior,Bachelor's,Outstanding,10.3,2.9,57580.0,16.1,3.0,3.7,21.5,0,4,27910.406530498978,No
554,Engineering,Senior,Bachelor's,High,4.8,1.7,92170.0,24.6,2.2,2.8,24.8,0,3,21971.18993593512,No
555,Operations,Mid,Master's,High,2.7,0.7,93039.0,6.4,4.1,3.0,8.8,3,1,,No
556,Engineering,Junior,Master's,Average,9.5,4.3,35189.0,6.7,1.9,3.1,24.5,2,1,13023.866288152654,No
557,Engineering,Mid,Master's,Outstanding,8.9,6.5,100052.0,5.2,3.2,,3.9,0,0,15049.395444776539,No
558,Engineering,Junior,Diploma,Low,4.9,4.4,33344.0,26.9,2.7,4.4,6.7,1,3,19530.006411416973,No
559,Sales,Junior,Diploma,Average,1.9,0.8,42993.0,14.9,1.0,4.2,1.1,0,3,6850.083670067091,No
560,Engineering,Mid,Master's,High,1.1,0.4,68537.0,26.8,4.0,2.6,1.0,1,4,47156.7347386356,No
561,Finance,Lead,Bachelor's,High,16.1,9.8,207497.0,24.0,3.4,2.0,5.1,1,4,57932.27450055284,No
562,Sales,Mid,Diploma,Average,3.3,2.6,131756.0,2.0,2.6,4.1,5.1,0,3,8824.924763405916,No
563,Engineering,Senior,Diploma,Outstanding,5.3,1.2,88506.0,20.0,3.2,,17.3,1,4,61264.46112099384,No
564,Sales,Mid,Bachelor's,High,6.3,2.0,76630.0,22.5,3.5,4.9,18.6,4,4,26577.72774048516,No
565,Sales,Mid,Bachelor's,Average,12.0,2.8,117370.0,7.5,3.3,,9.5,1,0,29239.104946693897,No
566,Engineering,Lead,Bachelor's,High,3.2,1.1,251908.0,14.0,3.5,3.8,5.6,0,2,58433.44346804573,No
567,Engineering,Junior,Master's,High,2.9,2.2,46256.0,22.3,2.5,5.0,23.6,1,4,10736.8308775418,No
568,Sales,Senior,Master's,High,1.2,0.8,115834.0,19.6,4.1,3.4,16.2,1,0,36380.25143785974,No
569,Engineering,Mid,Bachelor's,Outstanding,11.7,7.6,57690.0,9.9,2.4,4.4,6.1,1,0,13385.303303016535,No
570,Sales,Mid,Bachelor's,High,6.4,3.5,74601.0,34.2,4.8,2.6,1.5,1,4,7918.320928304425,No
571,Operations,Senior,Master's,High,6.6,5.7,93143.0,23.2,4.5,4.6,14.2,1,2,,No
572,Operations,Senior,Master's,High,8.4,4.4,104334.0,23.3,2.1,4.1,2.1,2,2,,Yes
573,Finance,Junior,Master's,Average,9.9,5.2,46761.0,11.6,4.0,4.9,18.7,3,5,4322.729026357664,No
574,Finance,Junior,Bachelor's,Average,4.7,2.7,42415.0,33.5,3.7,2.6,2.6,0,3,15920.029720452601,No
575,Engineering,Mid,Master's,Average,4.1,2.5,127172.0,21.6,1.6,4.6,11.4,0,4,15484.330152457153,No
576,Sales,Mid,Bachelor's,High,1.1,0.9,106095.0,10.8,3.6,4.2,16.9,2,2,18365.35804747253,No
577,Sales,Mid,Bachelor's,High,5.8,3.5,67010.0,21.4,3.3,4.5,13.8,2,3,16259.375926514149,No
578,Finance,Mid,Bachelor's,Average,3.8,2.1,69020.0,10.7,3.6,2.7,43.5,3,2,38486.09079936456,No
579,Finance,Mid,Bachelor's,Average,22.3,5.1,86695.0,4.7,2.8,3.9,1.6,1,3,64243.401684243676,No
580,Sales,Junior,Diploma,High,1.6,0.4,38202.0,6.1,2.4,,18.8,1,5,23387.246818593387,No
581,Sales,Junior,Bachelor's,Low,4.6,3.1,29009.0,7.2,2.0,4.0,2.0,2,2,8566.753954646621,No
582,Operations,Mid,Master's,High,3.6,1.0,39454.0,15.4,3.1,2.5,8.4,1,0,,No
583,Sales,Mid,Bachelor's,Outstanding,4.1,1.4,136852.0,12.1,2.5,4.7,10.4,1,0,19060.715323399607,No
584,Engineering,Junior,PhD,Average,1.5,1.1,20000.0,18.9,4.5,3.9,8.6,0,5,16331.565361115696,No
585,Operations,Junior,Diploma,Low,5.4,4.5,43318.0,10.9,4.3,2.9,5.9,2,1,,No
586,Engineering,Mid,PhD,Outstanding,6.5,2.6,20000.0,16.1,3.0,3.3,0.7,0,4,13035.740743154545,No
587,Finance,Mid,PhD,Average,9.8,6.1,112291.0,19.3,2.9,4.3,5.7,2,3,14622.54333360032,Yes
588,Operations,Junior,Diploma,Average,4.4,3.8,38728.0,1.0,2.7,1.6,2.2,5,0,,Yes
589,Operations,Junior,Bachelor's,Low,4.4,2.7,33971.0,26.1,3.4,2.8,12.0,4,3,,Yes
590,Sales,Junior,Bachelor's,Average,2.6,0.6,30158.0,32.6,4.5,2.9,16.2,2,4,28709.541303837104,No
591,Engineering,Mid,Master's,Low,1.0,0.6,100626.0,1.1,3.7,,10.0,1,3,19616.77735180453,No
592,Sales,Junior,Bachelor's,Average,1.7,1.3,63658.0,9.2,4.4,1.5,14.3,0,1,30690.96029683596,No
593,Operations,Mid,Diploma,Average,3.0,2.0,87387.0,3.2,4.8,2.8,10.0,4,1,,No
594,Engineering,Junior,Bachelor's,High,2.3,0.7,64284.0,21.3,2.4,4.2,13.5,0,3,7802.197221940605,No
595,Operations,Mid,Bachelor's,High,11.9,7.4,94432.0,8.4,2.9,3.8,16.9,2,5,,No
596,Finance,Mid,Diploma,High,4.3,1.7,74805.0,8.7,2.7,2.4,11.8,0,1,28934.41675973011,No
597,Finance,Junior,Master's,Average,9.9,3.9,30893.0,13.3,3.4,4.0,11.3,1,3,28760.125461666925,No
598,Engineering,Mid,Bachelor's,High,5.4,2.9,94721.0,23.6,2.9,4.0,24.1,0,4,24465.451386572437,No
599,Finance,Senior,Diploma,High,6.0,3.4,93696.0,6.2,3.2,,14.6,5,3,26186.745276992962,No
600,Sales,Lead,Diploma,Low,2.3,0.8,124923.0,42.9,3.1,4.1,3.9,2,3,8484.708545425387,No
601,Engineering,Mid,Diploma,Outstanding,13.0,3.8,108830.0,18.5,4.6,,11.3,2,0,80262.62312726867,No
602,HR,Junior,Bachelor's,Average,5.0,1.2,60501.0,22.1,2.7,4.2,13.4,2,0,10342.1801439025,No
603,Sales,Junior,Bachelor's,High,4.4,1.4,37442.0,14.3,5.0,1.2,4.8,1,3,26052.024270938273,No
604,Operations,Mid,Bachelor's,Average,3.6,0.9,111760.0,14.8,1.3,3.6,14.9,2,0,,No
605,Operations,Mid,Master's,High,5.4,3.1,87109.0,8.5,1.6,3.2,14.2,2,0,,Yes
606,Engineering,Junior,Master's,High,1.7,1.4,55426.0,13.7,3.0,4.4,1.7,2,3,11868.958964442578,No
607,Finance,Junior,Diploma,Average,10.4,4.4,34170.0,15.5,3.6,2.8,6.8,2,3,6352.402089035846,No
608,HR,Mid,Bachelor's,Outstanding,4.0,3.1,141461.0,14.6,3.1,4.7,0.5,2,5,1383.7877927081788,No
609,Finance,Mid,Diploma,Average,10.5,4.9,52019.0,13.3,3.9,4.4,8.2,3,0,5278.091575950336,No
610,Engineering,Senior,Diploma,High,7.0,3.1,163718.0,34.2,3.7,,10.7,3,1,8523.597116032866,Yes
611,Operations,Junior,Diploma,Average,2.8,1.8,49529.0,8.0,4.5,3.6,13.0,2,4,,No
612,Finance,Mid,Bachelor's,Average,2.2,1.2,93297.0,14.9,4.1,3.0,3.9,4,2,37764.0281408278,Yes
613,Sales,Junior,Bachelor's,Average,8.2,3.0,49807.0,1.5,4.5,5.0,21.3,3,1,24460.20165506231,No
614,Engineering,Mid,Master's,Average,2.9,1.9,99202.0,25.0,3.9,4.1,12.1,2,3,29072.740682360218,No
615,Engineering,Lead,Bachelor's,Average,9.5,6.5,292851.0,16.4,4.4,4.1,5.5,0,1,26073.108099656623,No
616,Operations,Senior,Bachelor's,Average,4.0,1.8,128647.0,14.0,2.3,3.4,13.6,2,2,,No
617,Engineering,Junior,Master's,Outstanding,4.2,1.6,32550.0,1.7,2.6,2.6,8.9,2,3,17188.98750045178,No
618,Engineering,Mid,Bachelor's,Average,21.3,15.0,120128.0,3.0,4.8,2.6,7.0,2,1,29828.97036152682,Yes
619,Operations,Mid,Bachelor's,Outstanding,4.8,2.6,122967.0,25.5,2.7,2.2,2.4,3,2,,No
620,Operations,Junior,Bachelor's,Average,11.5,5.9,39461.0,7.5,2.5,2.3,7.1,1,2,,No
621,Engineering,Senior,Bachelor's,Average,8.7,6.8,113308.0,26.6,3.2,2.0,3.7,2,4,73298.2512843644,No
622,Sales,Junior,Bachelor's,Average,4.7,2.2,50664.0,7.2,1.9,3.5,4.9,0,0,23633.939514335438,No
623,Sales,Junior,Diploma,High,6.3,4.6,52998.0,12.4,2.1,5.0,10.9,1,2,34163.44929760079,No
624,Finance,Junior,PhD,Average,0.3,0.1,76443.0,2.4,5.0,2.5,17.8,0,0,35297.50019133863,No
625,Operations,Mid,Bachelor's,Average,14.2,6.8,109651.0,27.1,5.0,3.6,15.8,1,0,,No
626,Sales,Junior,Bachelor's,Average,6.5,2.9,39053.0,8.6,2.6,4.0,13.7,1,2,28768.462818752603,No
627,Operations,Mid,Diploma,Average,3.5,2.0,96656.0,6.0,2.9,4.0,1.6,0,0,,No
628,Operations,Mid,Master's,Average,1.6,1.1,55264.0,6.0,2.1,3.0,39.5,3,3,,No
629,Operations,Lead,Bachelor's,Average,17.9,13.2,202767.0,5.2,4.8,2.9,46.2,2,4,,No
630,Sales,Senior,Bachelor's,Low,2.5,1.2,178848.0,20.0,3.8,2.1,6.9,3,4,92286.78121264423,No
631,HR,Mid,Bachelor's,Outstanding,1.0,0.2,75641.0,11.5,3.7,2.9,12.9,0,4,25460.46136274215,No
632,Sales,Senior,Diploma,High,10.3,5.6,131805.0,11.6,4.3,5.0,1.6,0,3,16410.851834723187,No
633,Engineering,Senior,Bachelor's,High,0.3,0.2,47995.0,10.0,3.7,3.9,4.1,1,0,13943.481844393946,No
634,Operations,Mid,Diploma,Average,4.7,1.2,113289.0,3.7,1.8,3.6,5.5,1,3,,No
635,Finance,Mid,Diploma,High,15.7,14.0,91855.0,30.1,5.0,1.7,17.6,3,4,15732.087308188482,No
636,Engineering,Mid,Bachelor's,High,3.6,0.8,98871.0,29.5,4.1,,21.3,4,5,11214.314062614421,No
637,Engineering,Mid,Bachelor's,Average,1.6,0.4,96895.0,6.0,3.5,4.3,4.2,2,5,12482.96678355255,No
638,HR,Junior,Master's,Average,12.9,11.0,60592.0,10.9,3.7,3.1,14.4,1,4,4017.4420084005956,No
639,Sales,Mid,Bachelor's,High,9.8,6.9,114341.0,12.8,1.0,3.7,31.1,4,0,24275.63045291643,Yes
640,Finance,Junior,Bachelor's,High,4.3,2.3,23146.0,3.2,3.8,3.4,11.6,3,2,38813.35576788639,No
641,Finance,Mid,Diploma,High,10.1,6.2,48338.0,18.1,2.4,3.1,18.3,0,0,29311.499786981105,Yes
642,Sales,Senior,Bachelor's,High,1.9,0.8,166283.0,39.1,3.2,5.0,12.2,2,2,15785.870922264736,No
643,Sales,Senior,Bachelor's,Average,8.1,5.4,58271.0,36.7,2.4,1.8,12.4,2,2,57707.20092503812,Yes
644,Engineering,Mid,PhD,Average,4.0,2.5,52019.0,12.5,3.3,2.1,4.5,2,5,40191.8420656397,No
645,HR,Mid,Diploma,High,1.9,1.7,102651.0,6.1,2.4,2.2,24.9,1,0,21507.99951269645,No
646,Engineering,Senior,Diploma,High,3.3,1.7,63706.0,9.1,1.7,4.0,14.5,2,0,45748.362970839684,No
647,Engineering,Mid,Diploma,Average,4.2,1.7,72272.0,9.3,4.7,2.6,3.9,0,5,32173.562233177054,No
648,Operations,Junior,Bachelor's,Average,8.3,5.0,48321.0,11.2,1.5,2.0,11.9,1,4,,No
649,HR,Senior,Bachelor's,High,1.4,0.6,166924.0,25.6,4.1,2.2,22.1,2,5,1967.0894585260726,No
650,Sales,Junior,Bachelor's,High,3.1,2.0,53618.0,14.1,4.2,3.6,22.1,1,3,78933.06475787169,No
651,Sales,Junior,Bachelor's,High,3.3,2.1,41161.0,41.7,5.0,3.8,17.9,2,2,4733.532961858801,No
652,Engineering,Mid,Diploma,High,9.1,7.2,80777.0,19.6,2.7,4.4,13.5,2,1,47769.74537809422,Yes
653,Sales,Mid,Bachelor's,High,1.1,0.6,122396.0,22.4,3.2,2.6,11.9,1,3,23870.60574965246,No
654,Engineering,Senior,Bachelor's,High,14.0,7.1,60424.0,10.6,5.0,1.0,3.9,2,1,6188.0090218671785,No
655,HR,Lead,Bachelor's,Average,4.6,2.9,74240.0,25.7,3.4,2.2,5.8,4,3,27604.249537568576,Yes
656,Finance,Senior,Bachelor's,High,4.9,1.5,179882.0,2.5,2.3,1.7,4.1,3,1,22524.28755282742,No
657,Engineering,Junior,Diploma,High,10.1,8.2,33576.0,13.0,1.9,2.6,12.1,2,5,41487.225820728214,No
658,Sales,Junior,Bachelor's,Outstanding,7.2,6.1,33668.0,13.7,3.8,3.8,28.5,5,1,64422.12296833252,No
659,Engineering,Mid,Bachelor's,High,4.3,2.2,116121.0,29.3,3.5,3.5,6.4,1,5,21651.35796224388,No
660,Engineering,Junior,Bachelor's,Average,3.0,1.2,48499.0,30.9,3.4,2.2,11.0,2,0,60977.84994868687,No
661,Engineering,Lead,Bachelor's,High,2.7,0.7,152880.0,25.4,4.6,,9.6,1,0,20526.6147019209,No
662,Sales,Mid,Master's,High,7.5,4.6,89544.0,18.5,3.9,3.0,14.4,1,4,16335.817125538078,No
663,Finance,Mid,PhD,Average,14.9,9.8,74739.0,5.8,4.8,2.8,25.1,0,4,41760.38458215233,No
664,Engineering,Mid,Diploma,Average,1.7,1.2,99507.0,5.2,3.4,2.7,8.5,1,3,18069.309423164064,No
665,Operations,Senior,Bachelor's,Outstanding,2.1,0.9,68753.0,14.5,1.3,,5.9,5,4,,No
666,Finance,Mid,Master's,Outstanding,12.6,6.9,72597.0,12.9,1.6,4.1,14.3,0,5,17100.0788689038,No
667,HR,Junior,Bachelor's,Average,6.5,4.5,47734.0,22.4,3.7,5.0,24.1,2,1,39263.63134971353,No
668,HR,Senior,Diploma,Average,1.9,1.7,202857.0,5.6,4.2,3.8,2.3,1,4,41493.06363543766,No
669,Engineering,Junior,Bachelor's,High,12.9,10.3,59549.0,8.0,2.8,4.7,4.7,8,1,14952.049561602355,No
670,Engineering,Senior,Bachelor's,High,5.6,1.4,158358.0,24.7,2.4,1.6,5.6,5,4,21076.134324033883,No
671,Finance,Mid,Bachelor's,High,6.3,5.0,123752.0,35.8,3.6,2.4,3.5,3,0,12503.40579515236,Yes
672,HR,Mid,Bachelor's,Average,4.0,2.2,82405.0,14.0,4.0,2.7,7.6,1,1,40914.44327773455,No
673,Engineering,Junior,Diploma,Outstanding,5.1,1.5,52661.0,5.8,3.3,3.8,13.4,1,3,20707.611403803505,No
674,Engineering,Senior,Master's,Low,5.7,3.7,113430.0,11.1,2.8,3.0,10.7,1,3,24517.206483953243,No
675,Finance,Mid,Bachelor's,Average,7.5,5.9,105996.0,13.8,4.8,,9.9,2,1,22216.587648075034,No
676,Engineering,Mid,Bachelor's,Average,12.0,9.0,90566.0,15.5,4.4,,4.5,4,1,43024.18388780433,No
677,Operations,Senior,Diploma,Average,0.5,0.3,191156.0,7.4,3.5,3.8,12.0,0,3,,No
678,HR,Junior,Master's,Average,7.1,4.1,50581.0,21.1,4.0,2.9,12.8,2,1,24452.6057705967,No
679,Engineering,Senior,Master's,Average,13.9,12.4,101678.0,14.3,2.7,2.0,14.2,2,2,43300.6216191613,Yes
680,Engineering,Senior,Bachelor's,Average,5.8,4.0,137555.0,11.0,3.4,3.8,12.1,2,5,40030.88733311619,No
681,Engineering,Mid,Bachelor's,High,4.2,3.0,95478.0,7.3,4.4,3.3,7.5,3,5,28558.261272142372,No
682,Finance,Lead,Diploma,Average,3.2,0.9,174273.0,7.3,5.0,3.3,11.1,3,2,41297.974427641224,No
683,Operations,Senior,Bachelor's,Average,11.2,7.1,103505.0,8.4,5.0,1.0,17.8,0,1,,No
684,Sales,Mid,PhD,Average,9.1,5.4,123462.0,7.8,3.8,3.1,13.2,4,3,8055.944246495071,No
685,Sales,Mid,Master's,High,16.3,8.7,69731.0,5.6,4.2,3.0,17.1,1,0,85407.90005842621,No
686,Operations,Mid,Bachelor's,High,6.2,3.7,118307.0,18.7,5.0,2.7,26.0,0,2,,No
687,Sales,Senior,Bachelor's,High,10.8,6.6,103674.0,10.1,1.2,4.1,24.8,1,2,61251.072258931905,Yes
688,HR,Senior,Diploma,Low,12.8,4.4,172088.0,4.1,2.6,3.5,8.8,1,2,14503.751247595494,No
689,Sales,Senior,Diploma,High,6.4,4.3,145281.0,13.4,1.3,4.0,34.4,4,5,28771.806808509384,Yes
690,Engineering,Junior,Bachelor's,Average,4.9,4.1,68803.0,25.1,2.7,2.7,23.3,4,3,11910.730634012241,Yes
691,Operations,Mid,Bachelor's,Average,7.6,4.8,59857.0,6.3,1.8,3.4,21.2,2,5,,Yes
692,Operations,Junior,Bachelor's,Low,3.4,2.1,30626.0,34.5,4.8,3.3,2.2,3,0,,No
693,Finance,Senior,Master's,Average,7.2,4.8,85599.0,6.9,2.9,2.7,6.5,2,4,49783.929639426955,No
694,Finance,Mid,Master's,Average,5.4,4.6,62619.0,16.1,3.2,1.0,7.9,0,4,24443.08357146522,No
695,Engineering,Junior,Master's,Outstanding,10.7,3.1,40020.0,29.4,3.3,2.2,9.1,0,1,24019.86102193123,No
696,Operations,Lead,Bachelor's,Low,3.8,2.4,146420.0,37.4,3.2,1.9,11.8,1,4,,Yes
697,Sales,Senior,Bachelor's,Outstanding,6.5,2.9,183726.0,8.9,1.8,4.5,10.9,3,2,15675.377277376982,No
698,Engineering,Senior,Master's,Average,3.0,0.6,170174.0,5.3,5.0,3.1,21.8,3,5,10426.177166261194,No
699,Engineering,Junior,Master's,Average,1.7,1.4,61317.0,23.9,2.7,,8.8,5,1,24588.96584930974,Yes
700,HR,Senior,Master's,High,1.4,0.8,110774.0,15.6,2.7,4.4,22.3,1,2,49183.19264994905,No
701,Sales,Mid,Bachelor's,Low,7.9,3.7,78653.0,9.5,4.9,2.8,3.3,2,2,32434.387410667783,No
702,Engineering,Lead,Bachelor's,High,1.8,0.8,253423.0,14.4,2.5,3.7,10.4,4,4,25933.345604762268,No
703,Operations,Mid,Bachelor's,High,6.0,4.1,36528.0,16.2,3.4,4.8,3.5,3,4,,No
704,Engineering,Senior,Master's,Average,7.5,3.8,79416.0,10.9,1.0,4.1,3.0,0,4,78939.02278768596,No
705,Engineering,Mid,Bachelor's,Average,11.4,4.1,100615.0,10.3,3.9,2.7,8.4,2,1,21858.62504846002,No
706,Engineering,Mid,Master's,High,9.4,4.9,98930.0,7.9,1.6,3.7,0.8,5,5,25608.224326497715,No
707,Finance,Senior,Bachelor's,Average,3.7,2.0,123209.0,16.4,4.0,3.1,7.8,3,2,58289.17294935788,No
708,Operations,Junior,Bachelor's,Outstanding,11.4,7.9,81065.0,7.5,4.2,,6.0,5,5,,No
709,Engineering,Mid,Diploma,High,3.3,1.8,36617.0,9.5,4.6,3.3,7.1,2,0,18887.049457172234,No
710,Finance,Junior,Diploma,High,4.3,1.6,60484.0,16.2,2.1,4.3,4.0,1,3,32818.59272172242,No
711,Engineering,Mid,Bachelor's,Outstanding,5.9,2.8,148847.0,13.4,2.0,1.7,14.2,0,3,35579.23315590722,No
712,Sales,Senior,Bachelor's,Average,5.0,2.3,101408.0,5.5,3.2,3.4,6.1,3,2,17960.683137453685,No
713,HR,Mid,Bachelor's,High,3.5,1.8,46416.0,31.1,1.9,2.9,5.2,0,0,58879.47820592356,No
714,Sales,Lead,Diploma,High,2.5,2.1,206294.0,15.2,2.5,2.4,4.3,2,4,14970.374047589343,No
715,Engineering,Senior,PhD,High,3.7,1.5,190068.0,4.4,3.9,,0.7,4,2,14059.41858611671,No
716,Finance,Senior,Diploma,High,7.4,2.1,146934.0,9.5,3.5,,12.7,0,0,48250.19403423448,No
717,HR,Mid,Master's,High,7.6,2.1,73656.0,24.1,1.0,3.2,7.2,1,2,24072.785998974978,No
718,HR,Senior,Bachelor's,Low,4.8,3.5,138445.0,13.1,2.8,1.5,2.7,0,5,30024.161155807484,No
719,Engineering,Mid,Bachelor's,Average,11.3,4.4,84860.0,2.2,2.5,4.3,8.7,2,3,74245.02662536385,No
720,Engineering,Junior,Bachelor's,Average,11.5,2.8,38966.0,10.3,5.0,5.0,14.5,2,4,72739.98897544568,No
721,Finance,Mid,Master's,Average,8.4,2.8,73194.0,29.2,2.6,4.4,35.8,1,3,11889.74288360204,No
722,Sales,Mid,Diploma,Average,2.1,1.5,70160.0,11.7,1.2,1.0,19.7,2,4,19721.0429596643,Yes
723,Engineering,Mid,Bachelor's,Average,6.7,4.0,81491.0,9.1,5.0,1.0,5.6,0,5,21021.05646524734,No
724,Finance,Mid,Master's,Low,4.4,3.4,107236.0,14.1,5.0,3.4,17.3,1,4,21489.35473469594,No
725,HR,Mid,Bachelor's,High,6.5,3.9,81013.0,9.2,4.0,1.4,5.0,2,0,36468.43141721722,No
726,Engineering,Mid,Master's,Average,4.9,4.4,56856.0,3.5,2.7,2.2,3.5,2,3,18846.994961901404,No
727,Engineering,Mid,Bachelor's,High,2.5,1.9,88084.0,10.5,2.3,3.1,11.2,3,2,10384.306863662929,Yes
728,Sales,Senior,Bachelor's,High,2.3,0.9,158542.0,14.2,2.6,3.5,7.0,2,3,18658.161527187243,No
729,Operations,Junior,Master's,Low,6.5,3.6,39983.0,4.5,3.3,2.7,16.4,1,4,,No
730,Sales,Lead,Master's,Outstanding,2.5,1.2,162049.0,26.0,2.9,4.0,11.5,1,1,95903.94982415083,No
731,Operations,Junior,Bachelor's,Average,0.8,0.6,42195.0,25.2,4.7,4.5,2.9,1,0,,No
732,Engineering,Mid,Diploma,High,0.5,0.3,113791.0,6.4,4.1,2.0,2.7,2,5,4392.105225416449,No
733,Engineering,Junior,Bachelor's,High,4.1,3.0,45476.0,18.0,4.1,4.6,13.3,2,3,21907.099156353604,No
734,Sales,Lead,Master's,Average,8.6,6.7,141280.0,4.7,3.9,,12.0,3,5,14475.956265626228,No
735,HR,Junior,Bachelor's,Average,4.4,1.7,52978.0,16.0,2.9,5.0,18.5,2,5,104766.28273521725,No
736,Engineering,Junior,Master's,Average,4.2,1.6,34451.0,4.5,4.0,5.0,4.7,1,1,14933.031640446132,No
737,Operations,Mid,Bachelor's,Average,6.4,1.3,118442.0,17.0,3.1,4.4,18.3,3,4,,No
738,Finance,Senior,Bachelor's,High,3.5,2.1,175756.0,20.8,5.0,4.6,8.1,0,0,56853.39032224815,No
739,Sales,Senior,Diploma,High,3.2,0.8,189024.0,11.7,3.7,3.0,17.0,1,2,13938.329861931797,No
740,Operations,Mid,Master's,Average,4.3,2.7,55961.0,30.0,4.7,3.1,9.3,0,4,,No
741,Engineering,Lead,Master's,Average,3.6,2.0,222337.0,18.9,1.7,3.4,6.0,0,1,17794.09210631676,No
742,Sales,Senior,Master's,High,11.3,10.0,114597.0,4.4,2.0,3.4,24.2,1,4,17767.601400971504,Yes
743,Engineering,Senior,Master's,High,11.3,9.0,206754.0,34.7,4.3,,4.5,1,4,46502.21641340115,No
744,Sales,Junior,Master's,Average,6.3,2.2,50680.0,6.7,3.3,3.0,9.1,2,4,14980.838221852142,No
745,Engineering,Junior,Bachelor's,Outstanding,0.2,0.2,52242.0,4.3,3.8,,10.1,2,2,28441.09086116927,No
746,Engineering,Lead,Master's,Average,3.5,1.1,100385.0,20.1,3.9,3.4,7.9,2,2,9561.563475454735,No
747,Engineering,Junior,Bachelor's,Average,4.6,2.6,52628.0,7.6,3.8,1.7,2.1,0,0,8072.021254296573,No
748,Sales,Junior,Bachelor's,Average,5.3,3.5,20000.0,9.5,5.0,3.4,6.8,4,1,55248.63167936475,No
749,Engineering,Senior,Bachelor's,High,1.0,0.9,140006.0,11.9,2.0,1.9,9.1,1,1,17709.81669473849,No
750,Operations,Junior,Bachelor's,Low,6.7,2.6,53741.0,16.6,3.7,2.8,27.5,2,1,,Yes
751,Engineering,Senior,Diploma,Average,11.8,9.4,192881.0,26.4,3.5,3.4,10.3,0,0,22306.928627313155,Yes
752,Sales,Mid,Bachelor's,High,2.8,1.9,74647.0,7.5,2.4,4.5,7.3,0,3,20289.199118854252,No
753,Sales,Mid,Bachelor's,Outstanding,2.3,1.9,123038.0,12.8,3.4,3.2,0.9,0,3,44081.030566479974,No
754,Sales,Mid,Master's,Outstanding,5.1,2.1,117810.0,14.0,1.3,4.2,10.0,0,5,5736.346886821899,No
755,Engineering,Senior,Bachelor's,Average,11.3,4.9,162903.0,12.1,3.8,4.9,15.9,3,0,18944.531790824552,No
756,Operations,Junior,Diploma,High,5.8,2.7,62986.0,6.4,2.6,3.9,26.3,2,2,,No
757,Engineering,Senior,Bachelor's,Low,0.8,0.3,155480.0,42.4,4.5,2.0,10.5,1,1,18588.54694546845,No
758,Sales,Junior,Bachelor's,Average,3.5,1.9,32861.0,21.4,3.8,3.9,8.2,2,5,33500.12435882754,No
759,Engineering,Junior,Bachelor's,Outstanding,10.9,8.8,48348.0,23.4,3.2,3.4,15.5,3,3,4712.302539971695,No
760,Engineering,Junior,Master's,Average,4.0,0.9,29870.0,5.3,2.9,2.2,1.7,0,2,19938.590000981003,No
761,HR,Senior,Bachelor's,Low,3.0,1.2,114562.0,1.1,5.0,4.7,14.9,0,0,37960.56233225401,No
762,Finance,Junior,Bachelor's,High,7.3,4.0,74860.0,22.1,3.7,3.5,34.6,1,4,32952.81960928281,No
763,Sales,Junior,Bachelor's,High,12.8,4.7,54994.0,11.0,2.6,3.5,19.9,0,5,58004.31437088177,No
764,Sales,Senior,Master's,Outstanding,1.0,0.6,133363.0,14.6,3.9,1.6,12.8,1,4,16950.33067423249,No
765,Sales,Mid,Diploma,Average,3.9,1.6,114389.0,8.9,4.3,3.5,25.1,1,3,8790.874946945441,No
766,Sales,Junior,Master's,Average,15.0,11.6,71343.0,18.8,2.4,2.9,4.3,3,4,18349.774550072554,Yes
767,HR,Mid,Diploma,Outstanding,6.3,1.7,111546.0,10.0,3.5,2.7,14.8,1,4,9413.083242322045,No
768,Engineering,Junior,Bachelor's,Average,5.2,2.4,20000.0,9.8,4.4,2.7,9.7,1,1,93064.84914851881,No
769,HR,Senior,Diploma,Low,14.1,11.6,133077.0,16.0,4.2,4.7,6.9,3,4,33700.42588927629,No
770,Operations,Mid,Bachelor's,Outstanding,7.6,5.7,75360.0,37.1,3.0,2.8,7.8,1,5,,No
771,Engineering,Junior,Diploma,Average,6.0,2.2,56360.0,5.0,3.4,1.3,21.1,2,3,25809.49639346631,No
772,Operations,Mid,Bachelor's,Average,9.6,3.7,60928.0,44.8,4.4,4.3,7.3,1,2,,No
773,Sales,Mid,Bachelor's,Low,16.7,11.2,103894.0,14.5,5.0,3.1,6.9,1,4,24648.822721731027,No
774,Engineering,Senior,Bachelor's,Average,3.3,2.2,128719.0,14.7,2.8,2.8,7.9,0,5,50264.87760302839,No
775,Sales,Senior,Bachelor's,Average,5.7,2.0,110215.0,11.9,4.8,3.3,11.9,2,2,31960.99310040768,No
776,Engineering,Mid,Bachelor's,High,1.9,1.2,53015.0,7.4,5.0,3.7,10.0,2,3,30241.75614999132,No
777,HR,Mid,Bachelor's,Average,5.3,1.2,109117.0,3.5,3.6,2.4,6.8,0,0,33223.28862294636,No
778,Sales,Senior,Bachelor's,High,4.1,1.0,114333.0,2.0,2.9,,15.1,2,5,41150.3499552136,No
779,Sales,Senior,Master's,Average,5.4,1.8,148758.0,2.4,4.2,4.2,8.0,2,0,33662.81679215591,No
780,Finance,Mid,Bachelor's,Average,13.3,5.4,88327.0,32.0,1.6,4.8,1.2,3,5,25289.031400555785,No
781,HR,Junior,Bachelor's,Average,6.8,3.0,42163.0,9.5,2.9,2.8,8.9,3,3,30053.68773919305,No
782,Sales,Senior,Master's,Average,7.1,2.4,116867.0,20.7,5.0,2.8,19.7,2,2,13551.24031588255,Yes
783,Engineering,Junior,Master's,Average,5.6,1.7,65425.0,12.0,2.8,4.2,11.1,2,1,13536.377690998555,No
784,Operations,Junior,Diploma,Average,7.2,3.1,42787.0,24.1,3.0,2.0,12.9,1,1,,No
785,Finance,Mid,Master's,Low,9.1,7.7,60351.0,11.8,3.3,5.0,18.1,2,3,50362.911461179196,No
786,Engineering,Lead,Bachelor's,High,3.1,1.0,182342.0,7.7,3.3,4.4,4.3,1,3,5868.782130735438,No
787,Sales,Senior,Bachelor's,Low,4.6,1.6,100115.0,5.5,2.7,2.4,18.2,0,2,17203.79646629262,Yes
788,Operations,Junior,Bachelor's,Average,7.8,3.3,33933.0,10.3,4.7,3.4,4.8,0,4,,No
789,HR,Mid,Bachelor's,High,1.7,1.4,38003.0,17.5,3.9,2.7,4.9,0,5,33528.53005010521,No
790,Engineering,Senior,Diploma,High,2.4,1.4,155086.0,26.1,1.9,2.6,15.5,0,3,55835.99387435256,Yes
791,Operations,Senior,Master's,Outstanding,1.3,0.9,127991.0,25.7,4.8,1.3,16.3,3,2,,No
792,HR,Mid,Diploma,High,1.4,1.0,83848.0,37.4,3.6,3.7,12.6,2,3,11380.018547026628,No
793,HR,Junior,Bachelor's,High,13.8,11.8,35999.0,5.1,2.9,3.4,0.6,1,5,47816.20006000739,No
794,Sales,Junior,Diploma,Average,8.1,4.7,58764.0,5.2,2.1,3.0,60.0,1,0,11852.639776302452,Yes
795,Engineering,Junior,Master's,High,5.8,1.9,36236.0,6.7,3.7,,24.6,4,0,92319.72616173081,No
796,Operations,Mid,Master's,Average,10.5,5.6,80364.0,23.1,4.7,3.8,17.0,2,1,,No
797,Engineering,Junior,Bachelor's,Low,2.1,1.2,61815.0,11.3,2.4,4.1,4.3,3,4,36729.85581778374,No
798,Finance,Mid,Master's,Average,5.5,4.1,129792.0,58.5,2.4,3.4,11.6,4,4,11288.067983065037,Yes
799,Engineering,Junior,Bachelor's,High,3.5,2.4,72270.0,6.0,4.2,4.2,6.1,0,0,40045.54575973779,No
800,Operations,Junior,Master's,High,3.0,1.4,69859.0,7.2,2.1,3.6,8.2,0,0,,No
801,Engineering,Junior,Master's,Average,10.0,2.7,43745.0,17.1,3.6,2.2,37.3,6,5,50612.89975131367,Yes
802,Engineering,Mid,Master's,High,6.9,1.5,115889.0,4.9,3.1,4.2,8.3,2,4,29064.25164158556,No
803,Engineering,Mid,Bachelor's,Outstanding,8.7,5.6,95909.0,12.3,2.8,3.8,10.7,2,1,17210.632573385254,No
804,Finance,Mid,Diploma,High,5.8,4.4,98177.0,30.0,4.9,2.4,17.4,3,0,18872.18010305147,No
805,Sales,Lead,Diploma,Average,24.9,10.2,185923.0,16.3,3.6,3.7,8.9,2,1,7339.154482392745,No
806,HR,Senior,Diploma,Average,12.1,8.3,126408.0,24.3,4.9,3.0,4.3,1,0,45779.94162109098,No
807,Sales,Junior,Diploma,Average,4.2,1.3,37040.0,24.0,2.5,3.8,14.2,1,1,57756.90202086522,No
808,HR,Lead,Bachelor's,High,10.3,2.7,234818.0,49.3,5.0,3.4,6.6,0,0,23499.956373107972,No
809,Finance,Mid,Master's,Average,3.5,1.5,52820.0,18.0,2.1,3.3,18.5,1,2,50578.39174760283,Yes
810,Engineering,Mid,Bachelor's,High,7.0,1.9,67921.0,11.5,3.1,4.0,2.7,3,1,23533.273756406008,No
811,Engineering,Junior,Bachelor's,High,8.3,5.6,38183.0,17.5,3.1,2.0,1.2,1,2,54496.0944593331,No
812,Sales,Mid,Bachelor's,Average,3.9,3.4,71285.0,41.4,3.2,1.1,12.0,4,2,12460.674421266842,No
813,Engineering,Junior,Bachelor's,Outstanding,12.1,9.9,41905.0,29.3,2.9,3.0,9.8,0,1,5075.357479842609,No
814,Sales,Junior,Diploma,High,2.5,1.3,58573.0,18.2,2.8,1.9,8.0,0,5,38524.69549141967,No
815,Finance,Mid,Bachelor's,High,2.0,1.7,67794.0,40.2,4.1,,9.0,2,3,10463.474381050886,No
816,Sales,Junior,Master's,High,6.3,4.8,42584.0,14.2,3.9,,12.8,3,5,13637.911396799731,No
817,Engineering,Senior,Bachelor's,High,1.3,1.0,137012.0,54.5,1.0,,23.7,3,0,57860.93836669322,Yes
818,Sales,Senior,Master's,High,7.9,3.7,82448.0,31.3,3.1,,10.7,3,4,14543.405701185804,Yes
819,Engineering,Mid,Master's,Average,7.5,5.4,131914.0,10.1,3.1,5.0,4.5,1,2,11942.766898013197,No
820,Finance,Junior,Master's,Average,3.2,1.5,46789.0,33.9,2.5,4.4,14.9,0,3,60266.94291185365,No
821,Operations,Junior,Diploma,Average,10.9,9.0,34507.0,17.0,1.4,3.8,10.5,1,4,,No
822,Engineering,Mid,Bachelor's,Average,14.2,2.9,67035.0,23.0,2.1,2.5,5.9,3,1,73170.63829389439,Yes
823,HR,Junior,Diploma,High,6.7,3.0,27256.0,23.3,3.4,3.4,15.5,1,1,50632.65615746231,No
824,Finance,Mid,Diploma,Average,8.0,4.1,38459.0,7.4,3.3,2.5,13.0,1,4,31453.79743182082,No
825,Sales,Senior,Bachelor's,High,5.2,4.1,131859.0,27.0,4.8,3.8,20.4,2,4,52405.63064648786,No
826,Sales,Mid,Bachelor's,High,9.7,3.2,88214.0,5.2,2.7,1.1,3.4,2,5,13137.24610388353,No
827,Sales,Senior,Diploma,High,0.6,0.2,122482.0,3.0,1.8,3.6,14.3,2,1,18001.999734363886,No
828,Finance,Mid,Diploma,Average,6.5,4.1,87692.0,28.2,3.0,2.1,14.8,1,1,40700.90842726919,No
829,HR,Junior,Master's,High,8.6,2.3,45302.0,17.4,3.9,3.5,19.7,2,2,19404.324379930367,No
830,HR,Mid,Bachelor's,High,0.8,0.4,43742.0,6.9,4.3,3.7,4.5,1,0,6844.6008307372285,No
831,Finance,Mid,Bachelor's,High,6.6,2.8,99077.0,26.2,4.4,,20.9,2,3,16946.99312528541,No
832,Operations,Junior,Bachelor's,Average,1.4,0.8,56400.0,49.7,1.8,3.9,9.4,2,1,,Yes
833,Sales,Junior,Bachelor's,Outstanding,2.9,0.8,25123.0,37.4,4.1,3.1,11.9,2,5,39313.899720087546,No
834,HR,Junior,PhD,High,1.6,0.8,30681.0,20.1,3.2,3.1,9.9,4,1,58116.648321769,No
835,Finance,Mid,Bachelor's,High,7.4,3.0,96381.0,20.9,2.0,3.1,13.3,1,0,65563.25437840832,No
836,Engineering,Mid,Diploma,Average,1.0,0.8,76805.0,7.3,3.6,2.3,36.5,5,4,39061.54475314609,No
837,Engineering,Mid,Diploma,High,5.3,4.6,88804.0,13.4,3.0,4.3,24.2,1,1,55328.611536164775,No
838,Engineering,Mid,Bachelor's,High,1.3,0.4,142181.0,4.6,3.8,3.8,8.1,0,2,39998.43712071978,No
839,Operations,Senior,Diploma,Low,2.8,2.0,218707.0,13.4,3.3,2.6,13.4,0,1,,No
840,Sales,Mid,Bachelor's,Average,6.0,2.7,60125.0,19.4,2.4,3.8,8.9,2,4,10999.694100982699,Yes
841,Sales,Mid,Master's,Average,5.3,3.1,47437.0,33.1,2.5,3.7,2.8,2,1,6514.586539306326,No
842,Sales,Junior,PhD,Low,8.8,4.7,42938.0,16.7,4.6,2.6,3.0,1,1,36416.85172601091,No
843,HR,Mid,Bachelor's,Outstanding,7.5,5.8,111378.0,13.9,5.0,4.4,16.9,2,0,14708.412152597919,No
844,Sales,Mid,Master's,Average,5.1,3.6,115834.0,14.0,1.1,2.0,12.4,2,4,36006.565326110875,No
845,Operations,Mid,Bachelor's,High,14.6,6.4,132984.0,21.3,1.8,2.8,6.2,1,2,,No
846,Sales,Junior,Bachelor's,Average,9.6,4.6,56041.0,12.2,3.1,3.2,5.5,4,4,23665.055541490612,No
847,Engineering,Junior,Diploma,Outstanding,11.6,7.1,35933.0,17.7,1.9,3.5,10.0,2,5,11235.97192399554,No
848,Engineering,Mid,Bachelor's,High,6.5,4.5,60052.0,11.3,4.5,3.6,8.6,2,3,28780.31960364251,No
849,Operations,Mid,Master's,Average,7.2,2.2,106193.0,30.6,2.7,3.1,15.6,0,0,,No
850,Engineering,Mid,Bachelor's,Outstanding,2.5,2.1,86733.0,4.4,2.8,,4.4,1,2,55623.346447207594,No
851,Engineering,Senior,Bachelor's,High,7.7,2.8,146704.0,3.8,4.2,3.0,22.2,0,1,4772.168166115804,No
852,Engineering,Mid,Master's,High,7.3,3.9,105886.0,10.2,2.0,4.0,16.2,4,0,25211.558172088862,No
853,Finance,Junior,PhD,Outstanding,30.0,15.0,72164.0,2.5,3.4,1.7,9.5,3,4,29112.108218045953,No
854,Finance,Mid,Master's,High,2.0,1.4,75882.0,4.9,2.3,3.3,10.8,1,1,80566.14967375464,No
855,HR,Lead,Bachelor's,Low,6.4,5.0,245986.0,10.0,4.9,,25.2,1,5,13856.697839357099,No
856,Operations,Mid,Diploma,Average,3.4,2.3,97258.0,9.1,3.7,4.2,4.4,1,4,,No
857,Operations,Mid,Bachelor's,High,7.7,6.8,78028.0,14.8,3.9,3.1,6.6,2,2,,No
858,Engineering,Junior,Master's,Average,4.9,4.1,48417.0,5.8,2.7,4.2,8.1,1,4,30879.791729075343,No
859,Engineering,Junior,Bachelor's,Average,2.4,2.1,44533.0,14.5,3.1,3.0,18.7,0,4,35916.86428803253,No
860,Operations,Lead,Bachelor's,Low,4.0,1.4,153134.0,14.9,3.9,3.9,10.8,1,3,,No
861,Finance,Junior,Bachelor's,Average,2.4,0.9,26462.0,8.6,4.2,2.5,0.6,7,1,56201.20563794735,Yes
862,Engineering,Junior,Diploma,Average,4.3,1.6,21351.0,4.0,2.0,3.6,9.2,2,5,67664.64392471361,No
863,Engineering,Lead,PhD,Average,0.2,0.1,194693.0,43.0,5.0,3.6,9.2,1,1,12724.675550962973,No
864,Engineering,Senior,Bachelor's,Average,9.2,4.9,119527.0,9.1,4.5,2.6,2.0,2,0,26125.19144226557,No
865,Operations,Senior,Bachelor's,High,2.1,1.7,210681.0,24.2,4.3,1.9,4.1,2,0,,No
866,Engineering,Mid,Master's,Average,2.0,1.1,138687.0,10.7,2.3,3.5,3.3,2,2,47315.19297981946,No
867,Operations,Mid,Bachelor's,Average,6.4,5.6,79210.0,5.9,2.8,1.2,20.4,3,3,,Yes
868,Sales,Junior,Bachelor's,Average,4.2,1.6,23782.0,10.1,1.0,3.4,5.7,2,4,11734.704405365013,Yes
869,Operations,Mid,Bachelor's,Outstanding,1.6,1.4,113663.0,21.4,3.8,4.3,5.4,1,5,,No
870,Sales,Junior,Bachelor's,Average,8.2,2.2,58952.0,19.8,3.0,3.2,5.4,1,2,53280.596247218054,No
871,Engineering,Senior,Diploma,Outstanding,9.4,3.5,129886.0,15.9,3.2,3.1,1.7,0,3,18107.572646701006,No
872,Sales,Lead,Bachelor's,Outstanding,7.3,5.6,123820.0,6.8,5.0,3.3,20.4,0,4,167516.76282972944,No
873,Engineering,Junior,Master's,High,3.7,2.2,48363.0,6.5,1.2,2.5,18.0,3,0,32489.88818884234,Yes
874,Sales,Junior,Bachelor's,Outstanding,0.6,0.2,20000.0,28.4,5.0,2.5,10.2,3,5,10292.119612111534,No
875,Finance,Junior,Bachelor's,Average,6.5,2.8,45410.0,5.6,2.6,3.2,4.0,1,4,6421.5241531234615,No
876,Sales,Junior,Bachelor's,High,2.9,1.3,56333.0,25.7,4.0,3.4,2.5,3,1,54328.23316051612,No
877,Operations,Junior,Master's,Average,9.4,2.2,50243.0,7.7,4.4,3.4,4.1,0,1,,No
878,Finance,Junior,Diploma,Average,7.0,1.9,46308.0,10.2,2.5,2.1,19.9,1,4,66885.75301298064,No
879,Finance,Senior,Master's,Average,3.1,2.7,161818.0,16.5,5.0,3.4,10.1,2,1,16580.95530887449,No
880,Finance,Lead,Bachelor's,Average,0.4,0.1,236228.0,10.1,3.1,2.8,10.8,1,5,15259.98824309773,No
881,Finance,Senior,PhD,Low,8.0,6.6,100943.0,24.0,2.7,2.1,13.6,0,2,6884.209254778809,Yes
882,HR,Senior,Bachelor's,High,4.1,1.4,195805.0,13.7,4.0,3.6,5.4,1,4,49096.503578626696,No
883,Finance,Senior,Diploma,Low,5.2,4.5,113442.0,7.6,2.5,3.6,17.2,2,1,54357.64053778643,No
884,Sales,Mid,Master's,High,6.8,2.9,65240.0,16.5,2.9,3.8,2.3,0,2,16451.695155608675,No
885,Sales,Mid,Bachelor's,High,9.0,7.3,98758.0,29.8,1.5,3.5,2.3,1,4,5171.220711886178,No
886,HR,Senior,Diploma,Low,5.0,4.3,82528.0,22.4,2.9,1.1,7.0,0,3,34388.733564545604,Yes
887,Sales,Junior,Bachelor's,Average,12.1,3.3,27287.0,12.3,2.0,2.7,19.6,0,0,50951.21536709594,No
888,HR,Junior,Diploma,Average,4.2,1.6,61098.0,71.8,3.8,3.3,13.3,2,2,26394.25626363658,Yes
889,Engineering,Junior,Bachelor's,Average,3.5,0.8,51481.0,21.8,3.0,1.7,15.1,1,1,3306.583760967765,Yes
890,Engineering,Mid,Bachelor's,Average,11.1,6.0,84213.0,24.8,4.1,2.6,19.2,0,4,2027.5954640323448,No
891,Operations,Junior,Master's,Outstanding,6.1,2.7,34333.0,19.2,4.6,3.6,4.8,2,5,,No
892,Engineering,Lead,Diploma,High,20.5,12.7,165781.0,8.6,4.3,3.6,7.7,5,1,82122.68048196746,Yes
893,Sales,Junior,Bachelor's,Average,2.4,0.6,58694.0,2.8,2.8,3.8,10.2,2,4,21220.735894963706,No
894,Sales,Junior,Master's,Low,2.2,1.3,20152.0,29.9,2.8,2.9,3.0,2,1,21570.131375410147,Yes
895,Operations,Mid,Master's,High,4.9,2.3,93724.0,9.5,1.0,2.8,1.2,4,4,,Yes
896,HR,Junior,Master's,Average,1.0,0.4,44870.0,13.4,3.0,3.8,15.4,1,4,84399.88278714292,No
897,Sales,Mid,Master's,Average,9.5,7.5,129252.0,26.5,3.9,3.7,6.2,1,3,25535.17749470295,No
898,Sales,Mid,Bachelor's,Average,3.9,2.2,99698.0,37.6,3.7,3.3,29.7,2,5,3875.387641421466,No
899,Operations,Mid,Master's,Average,4.1,2.9,100697.0,41.4,4.3,3.6,24.4,0,3,,No
900,Sales,Mid,Diploma,High,3.1,0.8,102439.0,7.6,2.1,1.6,4.6,2,1,49436.124093011436,Yes
901,Engineering,Mid,Master's,Outstanding,2.1,1.0,47474.0,11.2,2.5,2.4,15.4,2,4,5149.668329076519,No
902,Finance,Mid,Bachelor's,Average,2.2,1.4,134412.0,20.5,2.5,2.7,11.1,0,0,25568.377354832606,No
903,HR,Mid,Bachelor's,High,6.1,3.1,41148.0,8.8,3.7,2.4,4.1,4,0,25885.730683343525,No
904,Operations,Mid,Master's,Average,12.2,7.7,76672.0,7.3,3.6,5.0,17.8,1,5,,No
905,Sales,Junior,Master's,Average,3.1,2.2,47048.0,10.8,2.9,3.9,5.0,1,1,16499.02217711364,Yes
906,HR,Senior,Bachelor's,Low,6.5,1.4,76288.0,23.9,3.6,,6.3,0,1,30010.37076836527,No
907,Operations,Mid,Bachelor's,Outstanding,3.1,2.4,100241.0,7.8,3.8,2.4,6.5,0,4,,No
908,Engineering,Mid,Bachelor's,Outstanding,16.7,10.9,99912.0,5.5,3.1,2.8,4.2,0,4,30435.702922463453,No
909,Engineering,Lead,Master's,High,3.2,1.0,164458.0,9.5,1.2,3.0,4.8,2,0,24368.58657952728,No
910,Finance,Lead,Bachelor's,Outstanding,7.3,1.9,143635.0,19.0,3.6,2.5,8.6,1,1,9581.877906631471,No
911,Engineering,Mid,Bachelor's,Outstanding,10.8,4.9,107634.0,13.9,3.7,3.8,4.2,3,0,65098.04633449308,No
912,Sales,Junior,PhD,High,5.9,5.2,35247.0,10.8,5.0,4.0,22.1,1,5,19936.24932333319,No
913,Sales,Mid,Diploma,High,0.6,0.5,118982.0,11.2,1.9,2.2,2.2,2,2,25173.74770264809,No
914,Engineering,Senior,Master's,Outstanding,15.7,5.6,147188.0,4.3,3.6,2.5,7.4,1,0,19151.356466613186,No
915,Operations,Mid,Master's,High,6.7,3.4,117581.0,12.4,3.3,4.8,9.3,2,4,,No
916,Engineering,Senior,Bachelor's,Average,7.9,3.1,113981.0,12.3,3.6,2.1,17.1,1,5,28642.3138157513,No
917,Engineering,Mid,Master's,Outstanding,11.2,5.7,40118.0,11.9,2.5,2.5,1.5,2,2,8471.267896194739,No
918,HR,Lead,Bachelor's,High,4.2,3.5,212696.0,16.2,4.4,3.5,19.0,2,4,12300.625877445826,No
919,Sales,Mid,Bachelor's,High,6.9,4.9,61548.0,35.6,2.5,1.5,60.0,3,3,20614.41091865287,Yes
920,Finance,Lead,Bachelor's,Average,2.6,1.5,250272.0,12.5,2.9,5.0,5.0,1,0,9983.239705841928,No
921,Engineering,Lead,PhD,High,3.4,3.0,213322.0,7.0,2.2,4.8,17.9,2,0,8640.260379887633,No
922,HR,Junior,PhD,Outstanding,2.1,0.9,48575.0,3.4,3.9,2.6,9.9,1,2,60215.522624309815,No
923,Operations,Mid,Master's,Outstanding,2.9,1.6,127789.0,15.0,1.6,2.3,10.9,3,3,,No
924,Finance,Senior,PhD,High,5.6,3.5,105460.0,13.6,4.0,3.8,6.5,4,4,40029.03737889892,No
925,Sales,Senior,Diploma,High,1.7,0.7,125046.0,10.1,2.4,2.5,23.7,1,0,7939.128707836968,No
926,Engineering,Junior,Master's,Outstanding,5.3,2.0,30517.0,10.2,4.0,2.9,7.8,4,3,39497.60405727663,No
927,Sales,Mid,Bachelor's,High,3.6,1.8,108124.0,8.7,3.1,2.8,7.7,0,0,42181.47275996039,No
928,Finance,Mid,Master's,High,18.6,12.6,75633.0,15.1,3.5,3.3,6.2,2,1,13465.874990734206,Yes
929,Sales,Mid,Diploma,High,4.2,2.3,85114.0,17.0,1.3,2.1,22.5,2,3,11313.877107695986,No
930,Engineering,Mid,Master's,Average,2.2,1.8,83873.0,7.3,2.4,3.5,5.4,0,1,67485.93985079876,No
931,Engineering,Mid,Bachelor's,High,6.6,3.3,93261.0,4.5,1.5,3.7,11.7,2,2,18663.956805349633,No
932,Operations,Junior,Diploma,Average,8.2,6.7,42589.0,27.6,3.5,1.5,4.3,1,3,,No
933,Engineering,Junior,Diploma,High,4.0,1.2,44517.0,9.7,3.3,3.5,6.8,0,3,28013.50673205992,No
934,Engineering,Mid,Bachelor's,Outstanding,2.4,1.2,120248.0,18.5,3.0,2.9,6.5,1,1,48649.83030677796,No
935,Sales,Mid,Bachelor's,Average,7.4,2.4,89735.0,2.0,3.3,3.1,20.0,0,2,23958.310727433658,No
936,HR,Senior,Diploma,Average,4.9,1.9,211610.0,12.4,3.7,2.6,16.6,1,2,29431.700095865715,No
937,Finance,Junior,Master's,High,5.2,1.5,48896.0,29.1,3.6,2.0,25.8,0,0,5917.4382626332845,No
938,Operations,Senior,Master's,Average,8.6,6.2,94479.0,26.9,4.5,3.3,1.5,2,5,,No
939,HR,Mid,Diploma,Average,4.4,2.7,112283.0,9.9,3.1,3.8,6.5,2,4,23975.416265314932,No
940,Engineering,Lead,Bachelor's,Low,5.7,2.7,126152.0,37.2,2.6,3.8,3.2,2,0,36610.524382859076,No
941,Sales,Senior,Bachelor's,High,8.3,5.8,169638.0,21.5,3.6,4.1,1.8,2,4,14130.688668377517,No
942,Engineering,Mid,Master's,Average,8.4,6.7,104800.0,3.1,4.3,2.9,1.7,2,5,19900.21658179807,No
943,Finance,Lead,Bachelor's,Average,3.8,2.3,243635.0,10.1,5.0,2.0,14.4,0,3,68129.34828452469,No
944,Sales,Junior,Master's,Average,12.9,10.7,27643.0,10.6,4.1,5.0,14.6,1,2,12671.246613930944,No
945,Operations,Mid,Diploma,Average,9.5,6.4,37597.0,30.0,3.5,2.9,14.0,2,4,,No
946,Sales,Lead,Master's,Average,2.9,1.6,230646.0,23.0,4.9,2.5,12.6,1,2,18010.67385688913,No
947,Operations,Mid,Master's,High,1.7,0.4,158187.0,9.4,3.7,2.4,12.1,1,5,,No
948,Sales,Junior,Bachelor's,High,3.5,0.8,59716.0,16.0,1.7,2.2,5.8,1,2,23118.757906674196,No
949,Sales,Junior,Master's,Outstanding,13.0,8.9,49387.0,28.1,3.6,2.9,10.3,2,2,15477.87951732594,No
950,HR,Junior,Bachelor's,Average,16.0,4.1,51792.0,14.7,2.6,2.0,13.5,1,5,106934.61575692268,No
951,Engineering,Mid,Bachelor's,High,7.7,2.2,61908.0,14.5,3.9,1.0,7.1,1,2,16755.182766921014,No
952,Engineering,Mid,Diploma,High,5.7,1.4,66561.0,18.9,4.1,2.7,5.6,1,4,23595.6479993184,No
953,Engineering,Junior,Bachelor's,High,7.5,3.9,34424.0,19.9,3.5,2.2,18.1,3,2,74550.12097237603,Yes
954,Operations,Mid,Bachelor's,High,15.1,10.7,47908.0,45.2,4.2,3.2,3.7,0,4,,No
955,Engineering,Mid,Master's,Average,7.7,4.6,93093.0,13.2,1.6,,10.6,2,1,15871.302478211981,Yes
956,Finance,Junior,Diploma,High,5.5,3.6,50945.0,6.0,2.9,4.2,20.7,1,2,48019.15396133045,No
957,Engineering,Senior,Master's,High,5.6,4.3,178631.0,4.2,5.0,2.8,13.0,0,5,16582.125854834983,No
958,Sales,Junior,Master's,Low,0.8,0.2,71080.0,8.4,3.4,,21.1,2,3,7377.9017083769695,No
959,Engineering,Lead,Diploma,Average,8.3,1.8,182472.0,6.0,3.7,3.1,19.1,4,5,29107.651610551406,No
960,Sales,Junior,Bachelor's,Low,11.2,6.6,41147.0,29.8,3.0,3.7,1.8,1,4,19846.96080459565,No
961,Finance,Junior,Diploma,Average,9.1,8.1,34743.0,19.1,5.0,1.9,12.6,3,4,56215.4535088195,No
962,HR,Senior,Bachelor's,High,2.2,1.7,156307.0,4.2,1.8,5.0,15.8,1,0,16339.132091241678,No
963,Finance,Senior,Bachelor's,High,11.8,2.7,123127.0,24.3,4.4,1.7,40.4,1,4,31244.13355902142,No
964,Engineering,Mid,Master's,Average,6.4,2.3,67220.0,44.2,4.9,2.7,8.9,2,0,23025.32881352951,No
965,Engineering,Junior,Diploma,High,2.6,0.7,38236.0,16.9,2.6,1.8,14.7,0,2,25238.165599422628,No
966,Engineering,Junior,Bachelor's,Outstanding,6.4,2.7,38067.0,15.2,5.0,2.9,20.5,0,4,67724.29949228198,No
967,Finance,Mid,Diploma,High,4.3,3.3,83636.0,6.9,2.9,3.0,8.2,2,4,6123.23271924871,No
968,Engineering,Mid,Bachelor's,Average,4.3,1.5,100174.0,25.0,3.6,2.4,6.6,2,0,18882.36425980723,No
969,Engineering,Mid,Bachelor's,Low,9.6,5.8,93631.0,27.9,2.8,4.6,6.3,1,0,34000.21747516262,No
970,Operations,Junior,Bachelor's,High,5.4,4.8,25528.0,4.5,1.6,3.9,3.3,2,4,,No
971,Engineering,Mid,Diploma,Average,6.0,5.3,53535.0,12.4,4.1,2.4,14.3,1,0,58266.38182680049,No
972,Sales,Senior,Bachelor's,Average,6.7,3.5,102198.0,20.4,5.0,1.0,3.0,4,0,28270.24469356714,No
973,Engineering,Junior,Master's,Average,2.8,2.1,43858.0,23.3,3.8,4.0,9.9,3,3,12972.696358166933,No
974,Engineering,Junior,Bachelor's,High,5.3,3.0,47453.0,24.9,2.0,3.7,4.9,2,3,10779.928211819306,No
975,Engineering,Mid,Master's,High,3.7,2.9,63086.0,17.1,3.0,1.0,15.0,2,4,16006.774540432574,No
976,Operations,Junior,Bachelor's,High,6.0,1.5,27088.0,20.6,2.2,2.8,18.1,4,2,,No
977,Operations,Mid,Master's,Average,3.2,1.9,68729.0,20.0,2.2,2.8,7.8,1,5,,No
978,Finance,Mid,Diploma,High,5.8,3.7,82269.0,12.3,2.7,3.3,8.4,0,0,55331.475078431205,No
979,Operations,Junior,Bachelor's,Average,2.3,2.0,70316.0,18.4,2.7,3.0,12.1,3,4,,No
980,Sales,Junior,Master's,Average,0.8,0.4,67054.0,10.1,4.7,4.0,2.6,2,3,14935.086474070074,No
981,Engineering,Mid,Bachelor's,Low,9.9,6.4,110049.0,28.6,3.6,2.8,3.2,1,4,103147.69237026633,No
982,Sales,Mid,Master's,Average,3.3,1.9,128147.0,16.3,5.0,3.8,10.7,3,5,16210.246989040263,No
983,Sales,Junior,Diploma,Average,3.7,1.9,29405.0,24.5,3.2,4.7,2.6,3,0,15056.312256526246,Yes
984,Operations,Mid,Bachelor's,Outstanding,3.8,1.3,128806.0,17.7,2.5,2.0,19.8,2,3,,No
985,Sales,Junior,Bachelor's,Low,2.5,1.5,26435.0,33.5,4.6,3.9,3.4,0,0,31905.796108058392,No
986,Engineering,Junior,PhD,High,7.0,3.4,73415.0,8.4,1.5,3.3,1.2,0,1,23349.440965735714,No
987,Engineering,Mid,Bachelor's,Outstanding,7.6,3.9,124564.0,19.9,3.2,,25.9,3,1,13718.637646220028,No
988,Sales,Mid,PhD,Low,8.5,7.1,72886.0,13.9,2.4,3.3,7.3,1,5,94283.19111474986,No
989,Operations,Junior,Bachelor's,Average,10.5,5.6,34524.0,3.4,5.0,3.1,6.3,2,4,,No
990,HR,Junior,Master's,Outstanding,0.3,0.2,51448.0,10.3,1.8,4.5,14.4,1,5,16470.00346463931,No
991,Sales,Mid,Master's,High,20.1,7.7,109800.0,6.8,2.9,3.5,16.6,2,5,7186.8672394515015,Yes
992,HR,Junior,Master's,Average,18.3,14.6,65570.0,6.8,2.4,3.6,27.9,1,5,9239.30829028837,Yes
993,Finance,Junior,Diploma,Average,0.5,0.3,48971.0,18.3,1.9,4.6,7.1,0,2,7901.615868248226,No
994,Finance,Mid,Bachelor's,Average,6.9,4.0,111414.0,15.4,3.6,3.0,20.2,0,1,26399.730277481027,No
995,Operations,Lead,Diploma,High,9.0,2.1,250509.0,51.9,4.0,2.5,20.5,5,5,,Yes
996,Finance,Mid,Bachelor's,Average,5.4,3.3,87397.0,5.6,2.2,3.2,24.1,1,4,121389.65961691737,No
997,Finance,Mid,Bachelor's,Average,4.0,2.6,77335.0,34.6,3.8,2.9,10.9,3,5,9217.517106396137,No
998,Sales,Junior,Diploma,Outstanding,8.9,5.5,42061.0,15.4,5.0,1.6,27.5,6,1,29402.66392906253,Yes
999,Finance,Mid,Bachelor's,Low,3.5,2.0,111377.0,13.1,2.1,3.7,19.7,0,1,29186.111559919424,No
1000,Sales,Lead,Diploma,High,4.3,2.1,167656.0,3.8,5.0,4.3,19.1,4,2,7466.161197077718,No
1001,Sales,Lead,Bachelor's,Low,10.8,7.6,205354.0,26.1,1.3,3.3,29.4,2,5,34954.15170737128,Yes
1002,Finance,Mid,Master's,Average,14.3,7.3,108978.0,4.6,3.9,4.4,11.2,1,0,19974.29638216686,No
1003,HR,Junior,Diploma,High,1.2,0.6,44666.0,1.4,2.5,2.5,4.5,0,5,41163.95321296359,No
1004,Operations,Junior,Bachelor's,Average,1.2,1.1,73496.0,9.1,4.6,2.9,14.5,3,5,,No
1005,Sales,Senior,Bachelor's,High,5.3,1.1,103062.0,10.6,2.2,1.3,13.7,0,5,74388.36147912014,Yes
1006,Engineering,Junior,Bachelor's,High,13.7,9.4,24579.0,7.6,2.3,3.9,22.9,2,1,29596.76364722324,No
1007,Engineering,Mid,Master's,Average,6.9,5.6,106433.0,6.2,1.6,4.4,13.4,1,2,24200.938243608332,No
1008,Finance,Junior,Bachelor's,High,1.6,0.5,54428.0,5.1,3.9,4.1,10.2,2,2,54469.43891166646,No
1009,Finance,Mid,Bachelor's,Average,2.4,1.5,47411.0,13.4,2.4,4.2,13.1,0,3,10676.305573674459,Yes
1010,Engineering,Junior,Bachelor's,Average,5.4,4.4,59562.0,74.3,3.5,2.4,1.8,1,5,10472.986863448597,No
1011,Sales,Junior,Diploma,Average,6.4,1.8,60456.0,16.6,5.0,3.0,14.4,1,2,31181.103422386324,No
1012,HR,Mid,Master's,High,3.3,1.3,79425.0,11.5,2.9,3.4,23.5,2,0,20064.43926540329,No
1013,Sales,Senior,Bachelor's,Low,9.5,4.2,134213.0,42.5,3.8,3.9,8.3,1,3,77501.67764308532,No
1014,Sales,Mid,Bachelor's,Average,15.1,5.9,74113.0,13.3,3.5,2.8,29.5,1,5,31465.490554333446,No
1015,Finance,Junior,Bachelor's,High,8.8,2.7,48080.0,7.2,4.4,3.8,19.1,3,5,18894.648642939894,No
1016,Engineering,Senior,Bachelor's,Average,10.6,2.4,178065.0,2.7,2.9,3.1,11.6,1,0,6680.060253359133,No
1017,HR,Senior,Diploma,High,4.1,1.5,105348.0,7.1,4.3,2.7,22.3,2,1,49933.51402219487,No
1018,Engineering,Mid,Diploma,High,17.2,12.3,120254.0,11.7,3.6,2.1,8.8,2,4,3613.40325484699,No
1019,Engineering,Junior,Diploma,Low,12.4,9.9,41720.0,6.1,3.3,4.7,3.2,0,3,38576.74709108345,No
1020,Engineering,Senior,Diploma,High,24.7,6.7,110461.0,10.7,3.5,3.3,39.4,3,3,11532.302514500658,No
1021,HR,Mid,Diploma,Average,1.7,0.6,118652.0,14.0,3.9,2.7,9.5,4,2,56089.21929712072,No
1022,Engineering,Mid,Diploma,Low,7.0,2.9,68818.0,12.4,3.8,5.0,3.9,4,3,31198.159773572967,Yes
1023,Finance,Senior,Diploma,Low,5.3,1.6,139854.0,36.0,5.0,4.0,3.4,2,3,27579.976703193777,No
1024,Finance,Mid,Bachelor's,High,2.8,2.0,59712.0,17.0,3.6,2.4,22.9,1,4,46361.76786786999,No
1025,Sales,Lead,Bachelor's,Low,6.0,4.9,283886.0,3.7,3.6,3.1,23.8,0,1,8608.697628321752,No
1026,Engineering,Senior,Diploma,High,3.6,3.0,79735.0,53.0,2.2,3.4,18.8,1,0,11257.262700310852,No
1027,Engineering,Senior,Diploma,Average,4.4,2.2,208978.0,15.0,3.5,3.7,3.6,1,1,28727.363829401565,No
1028,Operations,Lead,Bachelor's,High,7.2,4.5,193822.0,6.1,3.8,3.6,9.0,3,2,,No
1029,Sales,Junior,Bachelor's,High,14.8,9.8,30597.0,9.2,3.0,3.1,2.7,0,2,42384.42698347286,No
1030,Engineering,Senior,Diploma,High,5.4,2.0,68942.0,4.5,4.7,3.1,25.7,3,3,44218.73531761782,No
1031,Engineering,Senior,Bachelor's,Average,7.8,3.7,220873.0,11.3,4.2,4.9,5.5,2,0,22150.89971242065,No
1032,Operations,Junior,Master's,Average,3.4,1.6,20000.0,46.0,2.4,2.7,2.2,2,1,,Yes
1033,Finance,Mid,Master's,High,6.3,1.8,108465.0,8.1,3.8,4.2,10.2,2,3,24153.535283653924,No
1034,Engineering,Junior,Diploma,High,5.7,1.8,39143.0,15.7,3.2,2.8,24.9,3,1,20104.216832416405,Yes
1035,Finance,Junior,Master's,Average,5.4,2.7,40400.0,6.7,4.1,1.7,3.7,0,4,63092.36721802084,No
1036,Engineering,Junior,Bachelor's,Outstanding,8.1,7.1,59207.0,30.9,2.9,4.1,12.9,0,3,4729.840123390427,No
1037,Operations,Senior,Bachelor's,Outstanding,8.4,7.1,167133.0,17.1,4.1,1.0,3.9,4,2,,No
1038,Engineering,Mid,Master's,High,5.5,2.2,87169.0,13.3,5.0,2.9,6.4,2,3,24209.93938384389,No
1039,Sales,Mid,Bachelor's,High,4.1,1.5,103768.0,17.9,3.4,4.3,7.2,0,1,105213.75731366179,No
1040,Engineering,Mid,Bachelor's,Outstanding,4.5,4.0,138636.0,6.0,1.3,3.8,7.9,0,5,33873.834032193256,No
1041,Operations,Senior,Diploma,High,6.2,4.2,137263.0,33.0,1.7,3.5,3.3,3,3,,Yes
1042,Finance,Mid,Master's,Average,8.7,3.1,79826.0,29.2,2.4,3.4,19.0,4,2,23842.992328941924,Yes
1043,Engineering,Junior,Bachelor's,High,6.2,4.3,36800.0,28.1,2.7,3.9,7.3,2,2,8031.288141264651,No
1044,Engineering,Mid,PhD,Outstanding,3.6,2.6,72507.0,6.4,1.8,2.6,11.5,4,4,18800.830601457987,No
1045,Sales,Junior,Bachelor's,High,8.0,7.0,74942.0,1.7,5.0,2.5,15.7,2,2,59926.0376721137,No
1046,HR,Senior,Bachelor's,Low,1.9,1.6,78907.0,7.2,2.9,3.1,18.6,1,4,18147.085992029784,No
1047,Sales,Mid,Diploma,Outstanding,3.3,1.0,120257.0,22.3,1.7,2.0,10.5,2,5,34621.04642894044,No
1048,Sales,Mid,Master's,Average,9.2,4.9,107635.0,7.0,3.2,4.0,7.5,1,4,19750.40071795126,No
1049,Engineering,Lead,PhD,Average,5.4,1.4,131436.0,5.0,3.3,,10.6,1,0,21860.919435072057,No
1050,Finance,Junior,Diploma,High,1.8,1.2,43168.0,80.0,5.0,3.9,9.7,0,1,7549.921991497562,No
1051,Engineering,Junior,Bachelor's,Low,11.1,4.2,46141.0,10.5,2.7,2.5,14.2,2,1,29013.72127216715,Yes
1052,Sales,Mid,Bachelor's,High,6.3,3.9,96215.0,11.2,2.9,2.5,14.6,0,4,47295.180476451766,No
1053,HR,Mid,Diploma,Average,1.1,0.5,88936.0,5.8,4.0,1.8,13.3,1,2,24290.34707323827,No
1054,HR,Junior,Diploma,High,14.8,8.5,31700.0,23.9,3.8,2.8,8.5,0,5,40007.6122607446,No
1055,Engineering,Senior,Bachelor's,Outstanding,3.0,1.2,125902.0,8.4,2.8,3.6,18.3,0,2,37490.943568649694,No
1056,Engineering,Senior,Bachelor's,Average,7.3,3.2,213296.0,18.7,3.3,2.7,20.3,1,1,5188.21507086008,Yes
1057,Sales,Junior,Bachelor's,Average,7.2,4.4,44028.0,16.2,4.3,2.6,11.0,3,3,31156.473910854093,Yes
1058,Sales,Mid,Bachelor's,Average,3.8,1.1,54327.0,18.1,4.7,1.0,3.9,0,5,35391.19325058348,No
1059,Finance,Junior,Master's,Average,2.1,1.5,28060.0,0.7,4.1,4.9,3.9,2,3,29427.43426309635,No
1060,Operations,Junior,Bachelor's,Average,4.4,3.7,76680.0,15.7,3.7,4.7,5.0,1,5,,No
1061,Operations,Junior,Master's,Outstanding,11.2,6.3,35387.0,11.8,1.8,4.5,7.3,1,4,,No
1062,Sales,Lead,Master's,Average,8.2,4.5,235022.0,9.4,3.3,3.2,16.5,0,2,37104.943325756976,No
1063,Operations,Lead,Bachelor's,High,2.4,1.7,92050.0,37.8,2.7,3.1,25.3,2,2,,No
1064,Engineering,Senior,PhD,High,7.0,5.7,220826.0,3.9,3.2,3.1,1.5,4,2,16950.775692290536,No
1065,Sales,Senior,Bachelor's,High,1.8,0.9,121647.0,1.1,4.4,4.7,3.5,3,2,29767.13034073552,No
1066,Operations,Senior,Master's,Average,8.5,2.3,163475.0,22.4,3.2,2.1,7.3,0,0,,No
1067,Engineering,Junior,PhD,High,2.1,0.8,20000.0,5.5,3.4,4.3,2.7,0,1,20915.5855826033,No
1068,Engineering,Junior,Master's,High,5.6,3.5,37277.0,34.9,1.3,1.8,17.7,2,1,41424.8271236463,Yes
1069,Sales,Lead,Bachelor's,Average,5.4,2.2,88390.0,2.9,4.6,3.0,14.3,2,1,55427.323290977125,No
1070,Sales,Junior,Diploma,Average,8.6,5.4,65024.0,2.7,2.5,2.0,26.5,0,0,28068.412920626266,Yes
1071,Sales,Mid,Master's,High,2.2,1.9,75452.0,5.9,4.5,4.0,19.3,2,5,14986.05416839619,No
1072,Sales,Junior,Master's,Average,8.1,2.3,37268.0,3.2,2.7,3.6,17.0,3,0,45160.259827083755,Yes
1073,HR,Junior,Bachelor's,Average,10.0,3.5,67581.0,18.4,1.8,3.8,9.6,2,1,95044.69256805452,No
1074,Engineering,Senior,Bachelor's,Average,1.9,0.9,134381.0,20.8,1.2,4.4,5.3,1,0,51858.465865432096,Yes
1075,HR,Senior,Master's,Average,2.5,1.2,99938.0,0.6,5.0,2.3,20.2,1,0,51516.78349528789,No
1076,Sales,Junior,Bachelor's,Average,10.9,8.1,53877.0,36.4,4.1,3.0,38.3,2,0,17247.916109462265,No
1077,Engineering,Junior,Master's,Low,6.2,3.4,45137.0,42.2,4.6,2.7,6.8,1,1,35546.12792810861,No
1078,Sales,Mid,Bachelor's,High,11.1,7.2,89996.0,9.1,2.6,2.4,10.1,1,5,27780.80737220286,No
1079,HR,Senior,Bachelor's,High,3.6,3.1,79576.0,17.2,3.0,5.0,0.5,1,2,29705.954577667217,No
1080,Sales,Mid,Bachelor's,Average,10.2,4.3,98090.0,16.0,4.0,2.1,6.3,2,2,40809.94293011823,No
1081,Finance,Junior,Bachelor's,High,11.3,3.8,27449.0,12.0,3.1,5.0,3.6,3,3,53558.654920191744,No
1082,Operations,Senior,Master's,High,2.9,1.9,149254.0,22.6,5.0,3.6,14.3,0,2,,No
1083,Sales,Mid,Bachelor's,High,5.5,3.1,135201.0,14.2,3.7,3.0,11.1,2,4,32870.1761439128,No
1084,Engineering,Junior,Master's,Average,6.5,1.8,31584.0,20.5,4.5,2.1,25.3,1,0,16910.452023226506,No
1085,Engineering,Senior,Diploma,Average,10.4,4.8,211113.0,4.8,2.6,1.6,0.5,1,1,10253.6964858312,No
1086,Finance,Senior,Bachelor's,Average,3.6,3.0,136475.0,13.3,3.5,3.4,27.2,1,2,54830.609216229386,No
1087,Operations,Mid,Master's,Average,0.9,0.7,86952.0,15.1,3.9,3.1,12.2,0,4,,No
1088,Operations,Junior,Diploma,High,2.1,0.6,20000.0,18.8,2.9,3.1,15.3,0,5,,No
1089,Operations,Junior,Master's,Outstanding,2.5,2.0,49925.0,28.2,2.8,3.3,16.8,4,4,,No
1090,Engineering,Junior,PhD,High,1.5,1.1,27528.0,58.4,4.1,3.4,5.1,3,3,43627.8084397996,No
1091,Finance,Mid,Bachelor's,Average,6.3,4.8,86153.0,15.1,4.3,2.6,10.5,2,2,43190.317771882954,No
1092,Operations,Senior,Bachelor's,Average,4.8,1.5,118643.0,17.6,1.9,4.4,4.7,0,5,,No
1093,Engineering,Lead,Bachelor's,High,10.6,6.4,182129.0,20.9,4.3,1.6,1.9,2,4,9319.328910155868,No
1094,HR,Junior,Master's,Outstanding,6.3,4.1,51419.0,2.7,3.8,3.6,10.5,1,0,43889.0508878164,No
1095,Engineering,Mid,Bachelor's,Average,16.4,12.1,51380.0,6.1,2.9,2.0,5.5,1,0,6369.465775073186,Yes
1096,Operations,Junior,Diploma,High,4.3,1.7,51951.0,29.2,3.3,,8.4,1,3,,No
1097,Operations,Lead,Bachelor's,High,4.5,1.9,246202.0,2.5,2.8,2.6,5.8,1,3,,No
1098,Engineering,Junior,Bachelor's,High,3.1,1.7,53393.0,30.7,1.5,2.6,9.0,3,0,21473.527180288456,No
1099,Finance,Junior,Bachelor's,Low,10.3,5.2,38212.0,14.2,2.7,2.4,31.9,0,2,22407.05497031168,No
1100,Finance,Senior,Diploma,High,5.9,2.8,117561.0,14.7,3.6,3.6,18.4,1,4,37272.775637694736,No
1101,Sales,Mid,Diploma,High,4.4,2.4,71449.0,12.9,3.9,2.6,14.7,1,2,12278.464984091735,No
1102,Finance,Junior,Bachelor's,Average,6.9,3.0,32806.0,13.6,4.1,3.5,24.8,1,0,29937.534922265095,No
1103,Finance,Mid,Master's,Average,3.5,0.9,78498.0,10.6,2.9,5.0,22.2,1,2,23660.868041184232,No
1104,Sales,Senior,Bachelor's,High,3.4,2.3,117039.0,12.5,3.0,1.8,15.2,2,2,48351.59326797992,No
1105,Sales,Junior,Bachelor's,Average,1.9,0.4,71792.0,17.0,2.3,3.7,3.5,1,5,21555.815652302612,No
1106,Engineering,Junior,Bachelor's,Average,13.1,11.8,55368.0,15.5,4.5,2.5,8.1,3,3,28124.48322413873,No
1107,Engineering,Junior,Bachelor's,High,4.7,4.1,33865.0,21.7,2.9,2.7,4.2,2,3,21831.331436962926,No
1108,Engineering,Junior,Bachelor's,High,3.1,0.9,42817.0,8.0,4.0,,9.0,2,1,44875.17087312713,No
1109,Sales,Mid,Bachelor's,High,5.2,4.1,101820.0,8.8,3.2,4.1,5.4,2,0,5420.690281017755,No
1110,Operations,Mid,Diploma,Average,12.7,10.5,57170.0,43.6,3.1,2.2,6.7,1,5,,Yes
1111,Operations,Senior,Bachelor's,Average,3.1,1.1,133798.0,34.5,2.4,3.4,13.5,0,5,,No
1112,Operations,Junior,Master's,Average,1.9,1.3,60575.0,11.3,4.1,,19.3,2,1,,No
1113,Sales,Mid,Diploma,Average,4.3,3.2,61725.0,11.1,3.3,4.9,8.5,2,3,5772.246811730826,No
1114,Engineering,Senior,Bachelor's,Outstanding,9.0,7.4,141774.0,1.2,3.0,3.3,4.2,1,0,11762.408165648774,No
1115,Operations,Junior,Master's,Average,8.3,5.1,47263.0,11.5,2.9,4.1,9.9,2,1,,Yes
1116,Operations,Senior,Bachelor's,Low,2.6,2.2,164526.0,8.6,4.6,3.9,12.1,0,2,,No
1117,Finance,Senior,Bachelor's,Average,4.8,3.3,41034.0,18.1,2.9,3.6,4.7,1,0,39857.13408227876,No
1118,Engineering,Senior,Diploma,High,4.7,3.7,143128.0,5.2,4.2,3.1,10.1,2,4,10510.545373069162,No
1119,Operations,Junior,Bachelor's,Average,16.9,11.1,43820.0,15.4,4.2,2.8,3.1,2,1,,Yes
1120,Sales,Senior,Bachelor's,Outstanding,3.5,0.8,213950.0,19.3,3.7,3.5,0.6,0,1,30539.198242862585,No
1121,HR,Mid,Diploma,Low,1.8,1.2,143367.0,2.8,2.2,3.1,20.6,1,4,7287.9207018662255,No
1122,Engineering,Senior,Bachelor's,Average,3.9,1.8,183322.0,27.3,2.9,4.2,12.9,1,2,12806.692266626596,No
1123,Operations,Mid,PhD,Average,7.8,6.9,97218.0,7.2,3.3,2.9,16.0,4,2,,No
1124,HR,Junior,Master's,High,5.1,3.4,58302.0,8.9,3.0,2.1,7.3,1,5,17973.015452158088,No
1125,Engineering,Mid,Bachelor's,Outstanding,16.0,5.5,119499.0,25.9,4.9,2.6,14.6,5,5,6877.806454449387,No
1126,Engineering,Lead,Diploma,Outstanding,4.0,0.9,151646.0,14.2,2.5,4.4,14.7,0,0,50440.89407838758,No
1127,Engineering,Junior,Master's,Average,2.5,1.2,45569.0,6.9,4.2,4.6,12.2,1,1,16197.075252759681,No
1128,Sales,Senior,Master's,High,20.1,4.5,120462.0,22.3,2.9,3.1,9.1,2,0,4972.873515560286,No
1129,HR,Mid,Bachelor's,High,8.9,6.1,58142.0,4.7,2.1,,17.1,2,3,31657.003656100187,No
1130,Engineering,Mid,Diploma,High,2.6,1.2,114382.0,12.1,3.3,4.1,15.9,0,4,28256.04274174793,No
1131,Sales,Lead,Diploma,Average,2.2,1.6,157153.0,19.1,2.2,1.7,10.2,2,5,22646.978527777515,No
1132,Operations,Senior,Bachelor's,Average,1.4,0.9,218315.0,3.3,3.0,2.6,15.6,2,1,,No
1133,Operations,Junior,Bachelor's,Average,8.4,5.2,57733.0,10.8,3.8,4.0,20.6,0,5,,No
1134,HR,Lead,Bachelor's,High,5.2,2.7,162788.0,26.5,3.4,4.8,15.1,2,4,16862.412591183638,No
1135,Sales,Mid,Bachelor's,Average,5.0,2.6,152236.0,12.4,2.3,1.3,11.8,2,0,46952.54102455592,No
1136,Operations,Mid,Bachelor's,Outstanding,1.0,0.4,70870.0,8.5,3.6,4.4,9.1,1,5,,No
1137,HR,Senior,Bachelor's,Average,13.6,5.9,105112.0,11.5,2.1,1.0,5.9,1,4,23413.317072198468,No
1138,Sales,Mid,Master's,Average,0.8,0.2,103625.0,3.4,3.4,2.9,3.5,4,0,25754.09001677671,No
1139,Sales,Junior,Bachelor's,Average,8.8,2.0,68278.0,2.5,4.5,3.5,15.7,1,0,35849.07086563809,No
1140,Finance,Senior,Master's,Low,5.9,5.3,153235.0,14.8,5.0,,5.8,1,5,20573.774313776335,No
1141,Engineering,Mid,Master's,Average,4.2,2.6,117729.0,7.2,3.3,1.0,8.0,2,2,27649.713252971665,No
1142,Engineering,Junior,Bachelor's,High,5.2,3.0,65017.0,1.5,1.6,3.1,9.2,0,0,65796.29823177285,No
1143,Operations,Junior,Bachelor's,Average,6.2,5.0,41978.0,2.4,3.2,2.3,10.9,2,0,,No
1144,Sales,Junior,Bachelor's,Outstanding,2.6,2.1,51005.0,21.3,2.1,3.3,6.9,1,1,97952.26216484688,No
1145,Operations,Junior,Bachelor's,Average,8.6,2.2,52422.0,11.1,5.0,2.4,16.7,1,2,,No
1146,HR,Junior,Bachelor's,High,1.4,1.1,24069.0,22.8,1.7,2.8,13.8,1,5,23182.3983115097,No
1147,Engineering,Mid,PhD,High,14.6,7.2,117114.0,17.0,2.8,2.8,20.2,3,2,42287.480013947104,No
1148,Engineering,Lead,Master's,Average,2.2,1.8,195576.0,0.3,4.3,3.7,11.3,1,2,27234.297648808206,No
1149,Operations,Junior,Diploma,Low,6.7,5.4,38337.0,18.2,3.7,2.7,25.8,3,4,,Yes
1150,Engineering,Junior,Bachelor's,Average,5.4,3.6,49982.0,5.1,3.8,3.5,11.8,4,4,14995.1087986429,No
1151,HR,Mid,Bachelor's,Average,4.1,0.9,117609.0,15.6,3.8,4.4,5.3,0,2,33864.06736978892,No
1152,Operations,Junior,Bachelor's,High,2.7,2.1,21061.0,10.3,5.0,2.4,2.8,2,4,,No
1153,Operations,Junior,Bachelor's,High,3.8,3.3,39191.0,8.9,3.9,2.2,2.6,3,4,,No
1154,Sales,Junior,Diploma,Average,6.0,3.1,20000.0,14.3,3.5,2.0,3.5,2,0,22671.864160243775,Yes
1155,HR,Lead,Bachelor's,Average,6.8,1.4,167719.0,3.0,2.6,3.1,5.3,0,2,26730.83272182609,No
1156,Operations,Lead,Bachelor's,Low,7.5,4.5,121897.0,2.0,4.6,2.3,10.5,4,1,,No
1157,Engineering,Mid,Bachelor's,Average,6.5,4.7,90174.0,9.1,2.8,2.9,9.5,2,4,41731.07958840707,No
1158,Operations,Junior,Master's,High,7.8,3.9,52620.0,12.6,4.2,4.1,8.0,2,2,,No
1159,Engineering,Senior,Diploma,Average,4.0,1.4,164011.0,16.5,2.8,3.1,15.4,3,1,57379.022458956366,Yes
1160,Sales,Mid,PhD,Average,3.1,1.2,82264.0,9.0,4.3,4.3,3.6,1,5,7160.1063757024785,No
1161,Sales,Senior,PhD,Low,9.8,8.7,88921.0,20.6,3.5,3.6,25.2,0,3,71375.08878875092,No
1162,Operations,Senior,Bachelor's,Outstanding,9.1,5.4,158517.0,64.6,3.2,3.6,15.0,1,3,,Yes
1163,Sales,Mid,Bachelor's,Low,1.9,1.2,81977.0,5.5,3.3,2.5,18.3,2,5,8711.446469035445,No
1164,Sales,Mid,Bachelor's,Low,9.8,8.4,70498.0,17.8,3.6,1.4,11.3,2,1,14409.486798234568,Yes
1165,Finance,Junior,Diploma,High,4.2,3.3,51404.0,13.0,4.3,1.0,20.3,1,1,7326.44767061609,No
1166,Sales,Senior,Bachelor's,Outstanding,14.1,8.7,183509.0,9.5,2.6,2.0,37.6,2,0,75382.67078930109,Yes
1167,HR,Senior,Master's,Average,5.1,3.6,139916.0,3.2,5.0,4.0,17.2,2,4,14309.712019035063,No
1168,Finance,Junior,Master's,Average,8.9,3.5,23003.0,25.7,4.4,3.6,7.1,1,3,19549.980201425646,No
1169,Operations,Mid,Bachelor's,High,6.7,3.7,125750.0,7.9,2.5,5.0,10.0,2,0,,No
1170,HR,Junior,Bachelor's,Outstanding,1.5,1.0,64324.0,15.8,2.2,2.4,3.4,1,5,36037.23630149023,No
1171,Sales,Mid,Diploma,High,20.6,11.5,62064.0,6.8,4.3,2.2,18.3,1,4,45164.351671724224,No
1172,Operations,Mid,Bachelor's,Average,4.2,1.1,93608.0,14.5,2.9,3.9,7.8,3,5,,No
1173,Sales,Mid,Diploma,High,6.5,2.4,97246.0,7.8,2.3,1.4,22.8,2,2,17909.277193358354,Yes
1174,Engineering,Senior,Master's,High,3.0,2.3,121604.0,15.9,3.2,2.9,6.0,2,3,5833.637120344721,Yes
1175,Engineering,Lead,Master's,Average,0.5,0.3,166354.0,31.3,3.2,2.2,19.4,2,3,41579.84372588175,No
1176,Operations,Senior,Bachelor's,Average,0.8,0.4,113884.0,4.5,1.8,2.7,8.3,0,4,,No
1177,Sales,Mid,Bachelor's,High,5.1,3.7,113253.0,1.0,3.8,2.9,14.9,2,4,44252.32173485316,No
1178,Sales,Lead,Diploma,Outstanding,6.3,5.5,111352.0,18.1,4.4,3.2,24.3,5,3,20859.092367139343,No
1179,HR,Junior,Master's,Average,6.6,4.8,76965.0,44.2,2.2,1.3,12.1,1,3,16801.440508765547,Yes
1180,Sales,Mid,Bachelor's,High,3.5,1.5,77680.0,40.2,4.1,2.4,30.5,4,3,45128.83854252973,Yes
1181,Operations,Junior,Bachelor's,Outstanding,8.4,3.7,28591.0,28.6,2.1,4.8,18.2,1,1,,No
1182,HR,Mid,PhD,Average,10.4,3.7,94754.0,26.9,3.5,2.7,4.3,0,4,19369.68991671009,No
1183,Sales,Mid,Master's,Outstanding,1.4,0.5,98037.0,5.1,5.0,2.2,54.5,1,4,17749.38958579727,No
1184,Sales,Mid,Diploma,High,9.3,5.6,52477.0,20.1,3.2,3.7,19.0,0,0,11871.286769299837,No
1185,Engineering,Mid,Diploma,Average,5.5,3.4,134805.0,25.4,2.7,3.5,10.3,2,5,38235.43524953886,No
1186,Operations,Lead,Master's,Low,2.5,1.6,184143.0,5.7,2.7,3.7,5.3,3,2,,Yes
1187,Finance,Senior,Bachelor's,High,6.3,3.1,114138.0,20.9,4.5,2.2,6.0,3,0,10874.663341111776,No
1188,Finance,Senior,Master's,Average,1.2,0.6,194631.0,15.8,2.3,3.2,15.1,0,3,10090.190080298013,No
1189,Sales,Senior,Master's,Average,4.4,1.1,135484.0,8.2,4.2,2.4,5.6,0,4,22737.09979667758,No
1190,Operations,Junior,Bachelor's,High,2.3,0.9,39134.0,18.6,2.1,4.0,2.9,3,0,,No
1191,Finance,Mid,Bachelor's,Average,1.0,0.9,95630.0,5.4,4.0,2.0,1.9,1,4,27838.519525569438,No
1192,Operations,Mid,Diploma,Outstanding,6.3,4.4,126566.0,4.1,2.6,2.1,7.7,3,4,,No
1193,Operations,Mid,Bachelor's,High,7.4,5.5,99051.0,13.3,2.8,,1.2,2,0,,No
1194,HR,Junior,Diploma,Average,7.0,2.1,35415.0,6.6,2.5,2.0,32.3,0,1,35663.26514587976,Yes
1195,HR,Senior,Bachelor's,Average,9.3,6.3,159900.0,31.4,2.4,1.2,11.1,3,5,36002.185957887785,Yes
1196,HR,Senior,Bachelor's,Average,9.3,2.0,182415.0,1.9,4.7,3.7,5.9,3,4,26188.956742893624,No
1197,HR,Mid,Master's,High,5.3,1.8,74875.0,4.7,3.0,3.4,7.0,3,3,13965.617651250022,No
1198,Engineering,Lead,Bachelor's,Average,7.3,2.7,180046.0,17.2,2.4,,12.2,2,3,34166.222014111576,No
1199,Engineering,Junior,Bachelor's,Outstanding,1.4,0.7,35725.0,7.7,4.6,2.5,16.2,2,0,36058.607363232746,No
1200,Engineering,Mid,Bachelor's,High,9.9,5.9,119059.0,5.2,2.6,3.8,11.9,6,5,11045.620937758164,Yes
1201,Finance,Junior,Bachelor's,High,18.7,14.6,53724.0,33.3,4.8,,7.2,3,4,43803.51654166336,Yes
1202,Sales,Junior,Bachelor's,High,14.7,9.7,43125.0,21.0,1.7,3.0,15.2,2,1,27279.807714988554,Yes
1203,Engineering,Mid,Bachelor's,Average,4.3,1.4,95109.0,14.2,2.0,2.2,2.8,0,1,97193.27498472668,No
1204,HR,Junior,Master's,High,1.5,1.0,69268.0,5.5,2.6,2.8,4.3,2,5,55194.184236656954,No
1205,Operations,Mid,Master's,High,3.0,2.2,112956.0,8.2,3.0,2.9,4.6,1,3,,No
1206,Operations,Junior,Bachelor's,Average,2.5,1.9,37630.0,7.8,1.8,2.9,11.7,1,3,,Yes
1207,Finance,Mid,Diploma,Average,4.2,3.7,84084.0,20.4,3.2,3.9,43.6,1,1,44294.091523373914,No
1208,Finance,Senior,Diploma,Average,6.9,1.4,87685.0,18.8,3.4,4.9,12.7,1,5,12549.278800116193,No
1209,Engineering,Mid,Bachelor's,Average,4.9,4.0,85594.0,4.8,2.7,3.3,8.4,2,5,41838.31021174908,No
1210,Engineering,Senior,Master's,Outstanding,0.9,0.3,147037.0,12.7,3.5,2.4,4.6,0,2,49697.01631140117,No
1211,Engineering,Senior,Bachelor's,High,13.4,7.1,121121.0,20.5,1.0,4.9,23.3,5,3,1150.4356488431622,Yes
1212,Engineering,Senior,Bachelor's,High,0.3,0.1,158350.0,15.5,2.5,3.5,12.9,4,4,44493.51058351376,No
1213,Finance,Junior,Diploma,Average,4.0,0.9,23712.0,6.9,2.5,4.6,13.8,1,3,62089.646967110755,No
1214,Finance,Senior,Master's,Low,6.3,5.4,96678.0,23.9,3.5,2.8,10.0,1,1,9933.316260131449,No
1215,Engineering,Mid,Diploma,Average,18.2,5.8,84435.0,23.0,3.8,3.7,19.1,1,2,1603.783278798331,No
1216,Engineering,Junior,PhD,Outstanding,6.6,2.2,49170.0,3.0,2.4,4.4,21.2,1,5,24191.333426681642,No
1217,HR,Lead,Master's,Outstanding,6.7,3.8,246009.0,2.8,3.2,4.7,7.3,1,5,13017.596201693459,No
1218,Operations,Junior,PhD,Average,4.2,3.7,53870.0,27.6,4.9,3.3,18.1,3,5,,No
1219,Finance,Junior,PhD,High,4.1,3.2,41167.0,12.5,2.5,2.5,14.2,1,4,6855.00868494756,No
1220,Engineering,Mid,Bachelor's,Average,7.0,3.9,61993.0,7.8,3.2,,9.0,2,3,51436.66246036223,Yes
1221,Engineering,Junior,Bachelor's,Average,6.2,5.3,23379.0,14.0,5.0,3.7,1.6,1,5,12658.814099709714,No
1222,HR,Lead,Bachelor's,Average,6.0,1.7,192308.0,11.5,4.1,1.2,11.5,0,3,8774.36421333912,No
1223,Operations,Mid,Bachelor's,Average,16.9,14.3,93581.0,25.3,2.6,2.5,17.3,3,0,,Yes
1224,Finance,Junior,Master's,Average,3.3,2.2,20000.0,12.9,5.0,3.6,7.4,1,4,18188.94546135425,No
1225,Finance,Lead,Bachelor's,High,4.6,2.5,253456.0,20.9,2.5,3.1,12.0,2,4,51961.562264352426,No
1226,Finance,Junior,Master's,Low,2.2,0.7,45675.0,1.1,2.2,2.4,3.2,1,3,36060.530725253666,Yes
1227,Operations,Mid,Diploma,Average,8.7,5.5,109028.0,7.4,1.4,4.8,5.9,2,1,,No
1228,Finance,Junior,Diploma,High,0.7,0.2,45829.0,41.0,2.0,,9.3,1,0,1130.7858669142947,No
1229,HR,Senior,Master's,Outstanding,4.2,1.9,130695.0,16.7,1.8,5.0,7.3,0,4,9287.284179246615,No
1230,Engineering,Junior,Bachelor's,Low,9.1,4.8,40201.0,50.6,4.0,1.3,5.1,2,0,30412.368975624828,Yes
1231,Sales,Junior,Bachelor's,Low,3.5,0.8,27534.0,13.8,3.7,2.5,14.9,0,5,36655.5153343745,No
1232,Finance,Mid,Diploma,Average,4.1,1.7,56488.0,2.7,2.9,2.5,18.3,1,3,39499.07820341138,No
1233,Operations,Junior,Master's,Average,5.6,1.8,48010.0,4.6,3.3,,0.5,3,0,,No
1234,HR,Mid,Diploma,Average,6.7,4.2,122102.0,5.7,3.9,2.0,14.4,1,3,19886.537368386795,No
1235,Engineering,Junior,Bachelor's,Low,13.6,10.7,44105.0,7.6,4.5,1.7,11.6,3,3,72834.05240849387,No
1236,Sales,Senior,Diploma,Average,4.9,1.9,153349.0,32.9,4.1,3.4,33.5,1,3,2209.2026774990118,No
1237,Finance,Mid,Master's,High,5.1,3.5,111766.0,31.0,3.4,2.0,5.2,1,2,41288.389799153396,No
1238,Operations,Junior,Diploma,High,8.1,4.1,51050.0,11.4,3.2,1.8,5.8,0,0,,No
1239,Operations,Mid,Master's,Low,5.9,1.9,55987.0,11.5,3.1,4.3,13.7,1,5,,No
1240,Sales,Mid,Diploma,Low,6.9,2.5,74973.0,23.7,2.4,1.6,16.7,2,2,39377.50130271153,Yes
1241,Engineering,Mid,Bachelor's,Average,9.7,6.6,111779.0,14.8,2.5,3.8,7.8,0,4,7722.646979692356,No
1242,Operations,Senior,Diploma,High,0.4,0.3,118977.0,13.0,4.0,2.9,4.6,2,4,,No
1243,Operations,Mid,Master's,Average,1.0,0.2,74812.0,35.6,1.4,2.1,35.8,2,1,,Yes
1244,Finance,Senior,PhD,High,1.0,0.7,193657.0,2.9,2.0,3.6,17.2,2,4,39065.92288193645,No
1245,Engineering,Senior,Bachelor's,High,6.2,2.8,58885.0,6.5,4.4,3.6,30.8,2,0,33586.02500196982,No
1246,Operations,Junior,Bachelor's,High,2.2,1.5,61098.0,15.8,2.8,,3.6,2,2,,No
1247,Operations,Junior,Diploma,High,4.7,2.2,42840.0,6.3,4.8,3.5,13.2,6,3,,No
1248,Operations,Mid,Diploma,High,9.9,5.7,53815.0,24.2,2.4,,22.5,2,2,,No
1249,Engineering,Junior,Diploma,Average,3.0,1.7,64975.0,26.3,3.4,1.0,21.6,3,3,21255.17506543445,Yes
1250,Sales,Junior,Bachelor's,High,4.1,1.5,46745.0,23.6,2.8,4.2,18.3,0,5,31225.67045838132,No
1251,HR,Mid,Diploma,Average,4.4,2.3,74374.0,8.0,3.0,2.1,7.6,0,1,13663.487760598762,No
1252,Engineering,Junior,PhD,High,9.3,7.1,57930.0,35.0,4.5,3.2,16.6,2,1,75034.63331410398,No
1253,Sales,Senior,Bachelor's,Average,13.8,11.2,168354.0,11.8,4.1,4.9,6.6,1,4,3491.8831384394725,No
1254,Engineering,Junior,Bachelor's,High,14.3,10.8,63551.0,7.2,2.3,3.7,8.2,1,1,1254.9311018018595,No
1255,Finance,Mid,Master's,Average,13.4,10.0,82926.0,1.1,2.4,3.1,4.9,0,0,58301.113308371314,No
1256,Sales,Mid,Master's,Average,12.1,9.4,78149.0,3.7,4.4,2.9,15.0,1,1,20267.857596077272,No
1257,Engineering,Senior,Diploma,Average,5.8,3.9,144887.0,18.4,3.6,3.1,31.0,1,2,36267.89352242477,No
1258,Finance,Senior,Bachelor's,Average,16.7,14.1,114967.0,8.3,3.9,1.0,5.1,2,1,75217.12863901384,No
1259,Finance,Junior,Bachelor's,High,6.4,5.2,50097.0,34.2,2.1,4.2,3.6,1,1,46398.32094210467,No
1260,Operations,Lead,Bachelor's,Outstanding,9.6,8.3,181851.0,17.7,1.8,,9.8,3,1,,Yes
1261,Sales,Junior,Master's,High,1.3,0.5,53131.0,21.1,4.6,,20.5,0,5,44381.31884731589,No
1262,HR,Mid,Bachelor's,Outstanding,3.9,3.1,84807.0,14.1,3.2,4.6,14.0,1,4,54217.76367148598,No
1263,Engineering,Mid,Master's,Average,11.5,3.9,42998.0,29.7,4.2,3.3,34.7,1,4,6613.593488270203,No
1264,Engineering,Lead,Diploma,Low,0.9,0.8,208530.0,9.1,3.3,2.3,16.2,1,3,21066.686885008254,No
1265,Finance,Lead,Bachelor's,High,13.3,5.0,207708.0,16.9,4.9,3.9,33.8,1,5,19747.630045793776,No
1266,Engineering,Junior,Bachelor's,High,3.0,2.3,47709.0,9.7,4.7,3.9,17.8,1,4,21379.894331402502,No
1267,Engineering,Senior,Bachelor's,Average,6.6,1.7,147309.0,10.7,4.0,2.7,8.3,2,3,33155.666286064166,No
1268,HR,Mid,Bachelor's,High,1.5,0.4,123744.0,17.1,2.7,4.2,18.1,1,4,14112.3266603728,No
1269,Engineering,Lead,Master's,Low,8.0,5.7,111339.0,7.9,4.2,,8.1,1,5,2557.482928240911,No
1270,Finance,Junior,Diploma,Average,5.6,4.4,58104.0,11.1,2.4,3.3,23.4,0,0,44347.17749352243,No
1271,Engineering,Junior,Diploma,Average,6.7,2.3,44224.0,42.5,2.2,3.9,1.6,2,3,24351.838711344924,Yes
1272,Finance,Mid,Diploma,Average,3.7,2.9,112251.0,5.5,4.2,2.1,13.6,1,5,23612.937856745128,No
1273,Engineering,Junior,Diploma,Average,5.0,1.8,33340.0,14.6,1.8,3.3,10.3,0,3,27432.67939583283,No
1274,Operations,Junior,Bachelor's,High,1.5,1.2,61198.0,26.9,4.5,1.8,1.7,0,1,,No
1275,Operations,Junior,Diploma,Average,3.3,1.1,29323.0,3.6,2.5,3.0,24.1,4,1,,No
1276,Engineering,Junior,Master's,High,8.2,2.1,46161.0,3.2,1.8,1.3,12.1,1,0,46883.574515414424,No
1277,Engineering,Mid,Bachelor's,High,8.9,3.8,69606.0,8.4,2.8,4.8,9.5,2,4,29360.527683905315,No
1278,Engineering,Senior,Bachelor's,Average,8.7,5.9,164178.0,8.6,2.9,1.9,17.7,0,1,46380.517724552,No
1279,Sales,Junior,Master's,Low,1.1,0.3,50813.0,1.3,3.6,3.5,9.9,2,4,45916.10832445485,No
1280,HR,Lead,Master's,Outstanding,5.6,2.4,254516.0,3.1,2.0,,16.3,2,1,8514.3339047951,No
1281,Finance,Senior,Diploma,High,1.3,0.4,72658.0,28.0,5.0,3.3,11.4,1,2,36672.618925789786,No
1282,HR,Mid,Diploma,Average,7.5,4.5,125106.0,18.0,4.3,3.3,10.4,2,3,37541.573236557786,No
1283,Engineering,Junior,Master's,Low,6.9,3.7,48357.0,16.9,3.2,4.9,13.3,3,0,1419.4878683039688,Yes
1284,Engineering,Lead,Bachelor's,Average,5.0,3.4,147473.0,4.3,1.6,5.0,27.5,2,1,13059.886423190736,Yes
1285,Operations,Senior,Diploma,High,4.5,1.8,125214.0,22.0,3.2,4.6,25.1,3,4,,No
1286,Engineering,Senior,Master's,Low,0.9,0.3,172389.0,13.9,2.9,3.5,5.2,2,1,22982.26394437622,No
1287,HR,Mid,Master's,Low,3.3,1.5,131773.0,15.3,1.7,3.4,11.3,1,4,73561.84016025074,No
1288,Engineering,Mid,Bachelor's,High,3.5,2.2,89519.0,35.9,4.4,4.2,6.4,2,0,5702.534663913994,No
1289,Finance,Senior,Diploma,High,1.5,0.3,133224.0,18.0,3.6,2.5,24.9,4,5,28588.664047039387,No
1290,Sales,Junior,Bachelor's,Average,11.7,8.0,20000.0,55.8,2.8,2.6,6.1,0,4,25278.310723758732,No
1291,Sales,Mid,Bachelor's,High,5.3,1.8,125904.0,4.2,4.1,,8.1,0,4,52953.4484133421,No
1292,HR,Junior,Bachelor's,Average,4.8,1.2,60107.0,16.9,3.4,3.3,5.6,2,2,21167.292439364133,No
1293,HR,Senior,Diploma,High,2.1,0.6,137398.0,14.3,2.6,5.0,9.6,2,2,54689.6375889765,No
1294,Engineering,Junior,Master's,High,1.1,0.8,24804.0,9.1,3.9,3.7,15.8,1,5,31013.184302661222,No
1295,Engineering,Junior,Bachelor's,Outstanding,4.9,3.9,41043.0,15.6,2.3,1.1,13.3,3,4,29775.242540997344,No
1296,Engineering,Senior,Bachelor's,Outstanding,1.4,1.1,154910.0,11.8,4.2,1.9,14.6,3,3,27947.227176675966,No
1297,HR,Senior,Bachelor's,High,4.0,1.7,193236.0,11.4,4.5,3.2,5.9,1,1,31465.133603349383,No
1298,Sales,Junior,Bachelor's,Average,25.6,13.5,51359.0,8.0,3.3,,7.3,2,2,10021.813440706537,No
1299,Operations,Mid,Bachelor's,High,8.7,2.4,105035.0,13.9,4.3,,11.5,2,5,,No
1300,Operations,Junior,Bachelor's,High,3.4,2.3,63772.0,17.1,1.6,3.9,17.2,3,4,,Yes
