claim_id,policy_type,claim_type,incident_location_type,witnesses_present,agent_flagged_history,police_report_filed,claimant_age,policy_tenure_years,prior_claims_count,days_to_report_claim,claim_amount_kes,estimated_repair_cost_kes,claim_amount_to_policy_limit_ratio,customer_credit_score,claim_status
1,Auto,Collision,Suburban,Yes,No,Yes,56.0,5.3,1,13.8,175266.0,168870.0,0.453,683.2707999108521,Legitimate
2,Property,Collision,Urban,Yes,Yes,No,18.0,6.3,0,6.7,145569.0,137120.0,0.461,518.2032466388724,Legitimate
3,Property,Theft,Rural,No,No,Yes,32.0,7.0,1,1.3,113048.0,102264.0,0.209,514.7045781546728,Legitimate
4,Life,Theft,Suburban,Yes,No,,44.0,7.9,0,1.1,378146.0,387872.0,0.213,454.0973658303491,Legitimate
5,Life,Theft,Urban,No,No,,30.0,2.9,0,7.9,92851.0,92099.0,0.297,739.4837776721021,Legitimate
6,Auto,Fire,Suburban,No,No,Yes,44.0,4.2,0,1.1,91731.0,85744.0,0.186,,Legitimate
7,Health,Medical,Rural,Yes,No,,35.0,3.1,1,1.0,91862.0,74889.0,0.23,626.9387546352641,Legitimate
8,Health,Medical,Suburban,No,No,,43.0,0.9,0,4.8,309119.0,340032.0,0.2,,Legitimate
9,Health,Medical,Urban,Yes,Yes,,44.0,2.1,2,4.4,197600.0,180476.0,0.212,541.0305480551106,Legitimate
10,Health,Liability,Urban,Yes,No,No,54.0,9.5,0,0.7,130405.0,149045.0,0.309,735.0375024789328,Legitimate
11,Auto,Medical,Rural,Yes,No,,53.0,14.7,1,2.5,507312.0,544617.0,0.446,631.4235339541307,Legitimate
12,Auto,Fire,Suburban,Yes,No,Yes,49.0,1.9,2,5.3,240994.0,260437.0,0.172,783.4198921786458,Legitimate
13,Auto,Collision,Urban,No,No,Yes,35.0,7.3,0,4.1,144717.0,162459.0,0.353,682.7570743526513,Legitimate
14,Auto,Collision,Urban,No,No,No,30.0,5.0,2,7.2,73539.0,74130.0,0.183,721.4406669227774,Legitimate
15,Health,Collision,Suburban,Yes,No,No,45.0,3.4,1,2.3,319263.0,287253.0,0.187,714.1738793897379,Legitimate
16,Health,Medical,Urban,Yes,No,,19.0,6.3,1,4.3,6202.0,6218.0,0.124,702.6575116988574,Legitimate
17,Property,Fire,Urban,Yes,No,Yes,41.0,2.0,2,3.5,459659.0,495244.0,0.314,722.0076941285431,Legitimate
18,Auto,Theft,Urban,No,No,Yes,45.0,2.4,0,1.4,144338.0,131892.0,0.299,606.6574868466298,Legitimate
19,Property,Medical,Rural,No,No,,34.0,1.7,3,0.6,141835.0,143113.0,0.18,541.6428965550117,Legitimate
20,Property,Liability,Suburban,Yes,No,Yes,73.0,9.9,0,4.6,138094.0,139625.0,0.17,556.1996125968651,Legitimate
21,Property,Liability,Suburban,No,No,Yes,47.0,6.5,0,3.8,195296.0,212550.0,0.559,587.306567988965,Fraudulent
22,Health,Liability,Suburban,No,Yes,Yes,43.0,6.3,1,13.5,346210.0,323043.0,0.391,660.7814635496356,Legitimate
23,Property,Collision,Urban,Yes,No,Yes,27.0,3.5,0,6.0,178726.0,176264.0,0.194,723.5097092050981,Legitimate
24,Auto,Theft,Urban,No,No,Yes,55.0,4.4,1,5.0,607346.0,637644.0,0.393,722.6228272190679,Fraudulent
25,Auto,Theft,Rural,Yes,No,Yes,71.0,6.0,1,6.4,26233.0,30940.0,0.525,600.3084300467879,Legitimate
26,Property,Medical,Urban,Yes,No,,43.0,5.4,1,1.6,190084.0,173198.0,0.303,668.1033167793707,Legitimate
27,Life,Theft,Rural,No,No,,41.0,1.4,0,4.7,66821.0,65326.0,0.714,561.8652628075497,Legitimate
28,Auto,Liability,Urban,No,No,No,18.0,0.5,1,1.4,198514.0,204682.0,0.193,825.2039035594464,Legitimate
29,Health,Medical,Rural,Yes,No,,36.0,1.2,1,2.3,196475.0,194348.0,0.341,,Legitimate
30,Auto,Medical,Urban,Yes,No,,39.0,3.6,1,2.9,205933.0,199873.0,0.168,571.1843014445541,Legitimate
31,Auto,Collision,Rural,Yes,No,Yes,26.0,9.7,0,14.4,57005.0,60401.0,0.384,704.7988802812409,Legitimate
32,Health,Theft,Urban,No,No,No,58.0,5.5,0,7.0,58977.0,53008.0,0.314,473.65827336670577,Legitimate
33,Health,Medical,Suburban,No,No,,35.0,24.6,0,7.2,43779.0,48889.0,0.363,675.8056284676755,Legitimate
34,Life,Medical,Suburban,Yes,No,,49.0,2.1,2,1.6,61630.0,58616.0,0.673,741.2197306954887,Legitimate
35,Life,Collision,Suburban,No,No,,36.0,4.2,0,8.7,13551.0,15509.0,0.245,721.4058735677278,Legitimate
36,Health,Collision,Suburban,Yes,No,Yes,42.0,3.2,3,6.4,137011.0,152707.0,0.219,734.4909162141744,Legitimate
37,Auto,Medical,Urban,Yes,No,,48.0,3.4,1,1.1,143469.0,143143.0,0.293,762.2107885405294,Legitimate
38,Health,Fire,Suburban,No,No,No,51.0,14.8,1,20.5,121650.0,128606.0,0.237,850.0,Legitimate
39,Property,Collision,Urban,No,No,Yes,37.0,0.2,1,3.1,140990.0,146755.0,0.588,641.0535572894739,Legitimate
40,Auto,Medical,Suburban,No,No,,18.0,6.2,0,10.3,252304.0,318964.0,0.27,740.8152162794539,Legitimate
41,Auto,Fire,Suburban,Yes,No,Yes,37.0,2.1,2,1.8,371603.0,376587.0,0.284,645.8423836132744,Legitimate
42,Auto,Medical,Rural,No,No,,50.0,3.8,0,12.7,163072.0,171380.0,0.359,,Legitimate
43,Property,Collision,Urban,No,Yes,Yes,34.0,2.7,0,5.1,142448.0,149864.0,0.706,746.0080082280399,Fraudulent
44,Health,Medical,Urban,Yes,No,,50.0,4.5,2,17.1,101750.0,92876.0,0.285,756.5459807440546,Legitimate
45,Auto,Collision,Urban,Yes,No,No,36.0,11.5,1,7.4,200005.0,179611.0,0.465,567.3194187799926,Legitimate
46,Health,Medical,Urban,Yes,No,,53.0,7.4,1,7.2,174809.0,164004.0,0.181,716.4155264868853,Legitimate
47,Property,Fire,Urban,Yes,No,No,48.0,2.4,2,1.2,101908.0,98905.0,0.249,661.122325993708,Legitimate
48,Life,Collision,Suburban,Yes,No,,39.0,5.5,1,4.8,44457.0,42494.0,0.763,621.2576896172122,Legitimate
49,Health,Fire,Suburban,No,No,Yes,65.0,6.4,0,18.8,30949.0,33985.0,0.404,524.9288535975636,Legitimate
50,Life,Theft,Suburban,No,No,,49.0,2.8,0,3.9,100254.0,97937.0,0.319,606.0750696123076,Legitimate
51,Auto,Medical,Urban,Yes,No,,38.0,4.1,1,2.6,174311.0,174644.0,0.172,617.7296376228162,Legitimate
52,Auto,Medical,Rural,No,No,,44.0,1.6,2,4.7,232958.0,207928.0,0.378,764.2951070009404,Legitimate
53,Auto,Theft,Urban,Yes,No,Yes,20.0,2.9,0,5.6,34675.0,35207.0,0.351,644.2811135490789,Legitimate
54,Property,Medical,Rural,Yes,No,,46.0,1.2,0,4.5,202166.0,224893.0,0.419,786.5877761448869,Legitimate
55,Life,Collision,Urban,Yes,Yes,,48.0,4.1,1,5.6,203372.0,180594.0,0.308,574.1910517354773,Legitimate
56,Auto,Medical,Suburban,Yes,No,,26.0,2.8,1,0.7,115306.0,111752.0,0.221,698.5388518966123,Legitimate
57,Auto,Theft,Urban,No,No,Yes,41.0,4.6,1,1.1,322340.0,303377.0,0.299,783.6528300125125,Legitimate
58,Life,Collision,Rural,No,No,,40.0,1.8,3,3.2,52064.0,48343.0,0.191,650.9780187115547,Legitimate
59,Property,Collision,Suburban,No,No,Yes,36.0,10.1,1,9.4,202865.0,210115.0,0.516,814.9944639954397,Legitimate
60,Auto,Collision,Suburban,No,Yes,No,30.0,5.9,1,6.9,113058.0,105267.0,0.187,788.4241626834322,Legitimate
61,Auto,Collision,Suburban,No,No,Yes,35.0,2.1,1,9.2,229501.0,240597.0,0.317,627.0722308358769,Legitimate
62,Health,Liability,Suburban,No,No,Yes,29.0,6.0,0,4.6,468248.0,488808.0,0.195,605.5815605671697,Legitimate
63,Health,Fire,Suburban,Yes,No,Yes,28.0,3.3,4,11.2,191948.0,222446.0,0.171,416.2392210896849,Legitimate
64,Auto,Theft,Rural,No,No,Yes,59.0,6.6,1,4.2,461932.0,482807.0,0.295,525.9560447787458,Legitimate
65,Property,Collision,Rural,Yes,No,Yes,26.0,4.3,1,10.2,347407.0,379324.0,0.282,771.3448469157565,Legitimate
66,Health,Medical,Suburban,No,No,,46.0,6.2,1,4.1,72135.0,67675.0,0.539,571.2812654568871,Fraudulent
67,Property,Theft,Rural,Yes,No,Yes,55.0,1.9,0,2.8,105561.0,120516.0,0.177,674.0537972064395,Legitimate
68,Life,Collision,Rural,Yes,No,,41.0,2.5,1,0.8,89653.0,99372.0,0.412,584.8637799106536,Legitimate
69,Health,Medical,Suburban,Yes,No,,37.0,4.5,0,3.1,17874.0,17567.0,0.212,638.2041664773689,Legitimate
70,Property,Medical,Suburban,Yes,No,,37.0,3.3,1,10.9,130502.0,120846.0,0.203,650.9869754171275,Legitimate
71,Auto,Liability,Suburban,Yes,No,Yes,68.0,4.0,0,5.6,82917.0,64009.0,0.225,678.5999340108343,Legitimate
72,Life,Collision,Urban,Yes,No,,42.0,9.6,0,10.6,119362.0,124511.0,0.316,,Legitimate
73,Health,Medical,Rural,No,No,,50.0,1.7,2,5.8,103360.0,113405.0,0.243,617.2623908773833,Legitimate
74,Health,Collision,Urban,Yes,No,Yes,45.0,3.9,0,2.0,180017.0,176237.0,0.319,753.2084090566058,Legitimate
75,Property,Collision,Urban,No,No,Yes,27.0,8.7,1,6.9,157473.0,136799.0,0.179,618.69173302784,Legitimate
76,Auto,Collision,Rural,Yes,No,No,35.0,5.6,0,1.9,301711.0,290996.0,0.215,754.7842581271734,Legitimate
77,Health,Theft,Urban,Yes,No,Yes,54.0,13.7,0,14.7,322531.0,344356.0,0.224,747.4259837578243,Legitimate
78,Property,Medical,Suburban,Yes,No,,43.0,9.5,2,13.7,94653.0,89538.0,0.247,812.0931379362521,Legitimate
79,Auto,Medical,Suburban,Yes,Yes,,34.0,1.3,1,2.5,228160.0,216561.0,0.675,652.130287062213,Legitimate
80,Property,Collision,Suburban,No,Yes,No,34.0,4.5,1,1.3,407926.0,372796.0,0.211,753.9355199717073,Fraudulent
81,Auto,Theft,Suburban,No,Yes,Yes,18.0,2.8,0,11.3,286255.0,253160.0,0.337,537.4798800638046,Legitimate
82,Auto,Collision,Urban,Yes,No,No,23.0,8.8,0,11.1,113727.0,115548.0,0.263,791.3414751701778,Legitimate
83,Life,Collision,Urban,Yes,No,,29.0,6.8,2,2.6,30657.0,31558.0,0.17,692.0680103637957,Legitimate
84,Life,Theft,Suburban,Yes,No,,18.0,4.6,0,0.7,226758.0,226728.0,0.748,609.1035977695444,Legitimate
85,Property,Collision,Rural,No,No,No,44.0,2.2,1,9.8,276337.0,282774.0,0.221,602.6255198496755,Legitimate
86,Property,Medical,Rural,No,No,,46.0,2.3,0,3.7,177264.0,166544.0,0.674,571.4393899075363,Legitimate
87,Auto,Theft,Urban,No,No,No,49.0,4.9,2,5.4,242115.0,247422.0,0.275,,Legitimate
88,Auto,Medical,Urban,No,No,,25.0,1.8,2,6.6,31914.0,30162.0,0.285,466.19216799824926,Legitimate
89,Property,Medical,Suburban,Yes,No,,50.0,4.0,1,9.6,88248.0,94760.0,0.661,746.7808789731914,Legitimate
90,Property,Collision,Rural,No,No,Yes,47.0,11.0,0,3.0,257407.0,255437.0,0.558,565.4702246122893,Legitimate
91,Auto,Collision,Suburban,Yes,Yes,Yes,31.0,3.3,0,4.9,431205.0,473267.0,0.212,624.5441420566501,Legitimate
92,Auto,Collision,Urban,No,No,Yes,42.0,5.6,4,8.6,41703.0,42677.0,0.582,519.4996154351588,Fraudulent
93,Property,Collision,Suburban,No,No,Yes,34.0,3.3,0,3.1,208904.0,202973.0,0.571,769.0683980552824,Legitimate
94,Property,Collision,Urban,Yes,No,No,27.0,1.5,1,1.5,89855.0,92266.0,0.417,748.1314479506855,Legitimate
95,Property,Collision,Urban,Yes,No,Yes,24.0,2.4,2,1.0,227777.0,246013.0,0.178,701.1638466773156,Legitimate
96,Life,Fire,Urban,Yes,No,,25.0,3.7,0,3.6,149395.0,141010.0,0.603,702.9083067106978,Legitimate
97,Health,Collision,Suburban,No,No,No,18.0,9.4,0,13.4,159036.0,161418.0,0.655,599.194252574022,Fraudulent
98,Property,Medical,Urban,No,No,,33.0,6.8,3,2.9,86317.0,93974.0,0.402,511.42667869993056,Legitimate
99,Auto,Collision,Suburban,No,No,No,54.0,2.3,1,6.0,142809.0,153400.0,0.196,774.6029718646564,Fraudulent
100,Auto,Collision,Urban,No,No,Yes,51.0,2.7,0,13.7,144623.0,157269.0,0.264,825.5848641248634,Legitimate
101,Health,Medical,Urban,Yes,No,,27.0,8.6,0,2.7,192933.0,214275.0,0.267,704.0518779675061,Legitimate
102,Health,Collision,Suburban,Yes,No,Yes,72.0,1.0,2,1.9,202614.0,206367.0,0.211,656.678263779068,Legitimate
103,Auto,Collision,Urban,Yes,No,Yes,37.0,7.2,1,12.7,573752.0,512736.0,0.279,724.9817558953363,Legitimate
104,Property,Collision,Suburban,Yes,Yes,Yes,50.0,2.0,0,0.8,17877.0,18296.0,0.258,572.3715524053245,Legitimate
105,Auto,Collision,Urban,Yes,No,No,31.0,11.0,0,2.7,538983.0,490413.0,0.29,761.6689651355508,Legitimate
106,Auto,Theft,Urban,No,No,No,25.0,3.7,0,1.5,235947.0,247807.0,0.43,717.6611364065767,Legitimate
107,Property,Collision,Urban,Yes,No,No,18.0,7.0,1,7.5,117970.0,113229.0,0.321,695.7638367384677,Legitimate
108,Property,Collision,Rural,Yes,No,Yes,39.0,7.8,1,2.0,86807.0,86940.0,0.508,680.9581048205083,Legitimate
109,Property,Fire,Suburban,No,No,Yes,76.0,2.1,1,6.9,92698.0,94980.0,0.537,508.12003012409275,Fraudulent
110,Property,Collision,Suburban,No,No,Yes,53.0,3.5,2,10.8,162532.0,138317.0,0.527,548.6968649048194,Legitimate
111,Property,Theft,Urban,Yes,No,Yes,33.0,10.4,2,4.0,290842.0,257552.0,0.171,731.509997071362,Legitimate
112,Health,Collision,Urban,Yes,No,Yes,47.0,8.2,1,10.9,64370.0,71235.0,0.208,583.3741494937312,Legitimate
113,Auto,Liability,Urban,Yes,No,Yes,57.0,2.1,2,5.0,312516.0,308613.0,0.716,515.8864006559969,Legitimate
114,Auto,Collision,Urban,Yes,No,Yes,30.0,3.9,0,2.2,199122.0,191794.0,0.204,708.8175462574054,Legitimate
115,Auto,Liability,Urban,Yes,No,No,47.0,5.7,2,18.6,311988.0,320209.0,0.615,706.2721258222003,Legitimate
116,Health,Collision,Urban,No,No,No,49.0,13.7,0,8.2,283981.0,289623.0,0.178,810.7229862860122,Legitimate
117,Life,Collision,Urban,Yes,No,,42.0,3.2,1,18.3,233930.0,267757.0,0.305,768.0827493669523,Legitimate
118,Property,Medical,Suburban,Yes,No,,42.0,3.5,0,3.6,97905.0,95372.0,0.475,634.4821945952995,Legitimate
119,Health,Medical,Urban,Yes,No,,40.0,2.7,0,17.6,106027.0,108655.0,0.212,,Legitimate
120,Auto,Collision,Urban,Yes,No,Yes,43.0,5.1,0,13.9,117210.0,115737.0,0.415,672.3757172561955,Legitimate
121,Health,Theft,Urban,No,No,Yes,40.0,8.0,0,4.8,143636.0,141919.0,0.231,678.3462542955862,Legitimate
122,Health,Collision,Urban,Yes,No,No,26.0,2.1,1,10.8,268134.0,278522.0,0.432,558.1195338499426,Legitimate
123,Auto,Collision,Suburban,No,No,Yes,34.0,6.4,0,1.9,253098.0,260760.0,0.698,727.3758896445131,Legitimate
124,Property,Collision,Suburban,Yes,No,Yes,31.0,2.2,1,4.8,500313.0,519039.0,0.201,791.6717266870626,Legitimate
125,Life,Liability,Suburban,No,No,,50.0,3.0,1,1.1,739654.0,721258.0,0.182,723.7090766314191,Legitimate
126,Auto,Collision,Suburban,No,No,Yes,33.0,1.7,0,0.8,200805.0,211186.0,0.258,595.4812605682703,Legitimate
127,Health,Theft,Urban,No,No,Yes,40.0,1.8,1,6.6,555600.0,574462.0,0.185,553.3597505199948,Legitimate
128,Health,Medical,Suburban,Yes,No,,49.0,6.6,0,5.2,26040.0,29324.0,0.389,703.1669703570152,Legitimate
129,Life,Medical,Suburban,Yes,No,,34.0,9.7,4,3.5,147095.0,168146.0,0.191,635.0496981956439,Legitimate
130,Auto,Theft,Urban,No,No,No,32.0,7.8,2,0.2,359285.0,388441.0,0.226,,Legitimate
131,Property,Medical,Urban,Yes,No,,50.0,6.8,1,2.2,154686.0,136394.0,0.257,651.8952723924773,Legitimate
132,Property,Medical,Rural,No,No,,73.0,2.8,1,2.3,70861.0,74111.0,0.295,733.5805926251929,Legitimate
133,Auto,Medical,Urban,No,No,,40.0,5.9,2,0.9,533908.0,564676.0,0.199,673.4530765905567,Legitimate
134,Health,Collision,Urban,Yes,No,Yes,18.0,4.6,0,3.6,178861.0,202768.0,0.329,,Legitimate
135,Auto,Collision,Suburban,No,No,No,43.0,3.9,0,6.3,241825.0,234565.0,0.174,545.3568663784215,Legitimate
136,Life,Medical,Urban,Yes,No,,40.0,1.2,1,0.1,145055.0,147567.0,0.289,678.9787162638287,Legitimate
137,Health,Liability,Suburban,Yes,No,No,54.0,2.2,0,8.7,38234.0,40958.0,0.181,792.5019149502451,Legitimate
138,Health,Fire,Suburban,No,No,No,27.0,16.1,0,8.4,736835.0,770393.0,0.422,593.732190423163,Legitimate
139,Auto,Collision,Suburban,Yes,No,Yes,33.0,3.5,0,3.7,122800.0,118647.0,0.185,772.1252560402603,Legitimate
140,Auto,Medical,Urban,No,Yes,,49.0,6.8,2,3.6,335922.0,342493.0,0.312,,Legitimate
141,Property,Liability,Suburban,No,No,Yes,33.0,1.4,0,13.1,237508.0,234845.0,0.296,549.6967677994987,Legitimate
142,Auto,Collision,Urban,Yes,No,No,35.0,8.4,1,1.2,464461.0,388659.0,0.28,583.4043318225717,Legitimate
143,Property,Liability,Urban,Yes,No,Yes,41.0,2.4,2,4.4,99335.0,100484.0,0.286,727.1126071231045,Legitimate
144,Health,Theft,Urban,Yes,No,No,65.0,6.0,3,2.4,192124.0,198105.0,0.569,662.3099743871151,Legitimate
145,Auto,Collision,Suburban,No,Yes,Yes,64.0,8.4,1,10.6,113006.0,118749.0,0.199,589.7437426885324,Legitimate
146,Property,Collision,Urban,No,No,Yes,51.0,4.6,1,9.2,85977.0,93910.0,0.319,671.4936115456032,Legitimate
147,Health,Theft,Suburban,Yes,Yes,Yes,46.0,2.2,1,4.6,48879.0,48320.0,0.299,634.8752533920168,Fraudulent
148,Life,Collision,Suburban,Yes,No,,51.0,3.9,0,8.5,286969.0,314687.0,0.185,682.8425590954579,Legitimate
149,Auto,Collision,Rural,No,No,No,36.0,2.4,0,0.4,115294.0,123570.0,0.675,384.3270671776817,Legitimate
150,Auto,Fire,Urban,Yes,No,Yes,46.0,11.9,1,8.4,130128.0,122655.0,0.265,609.2978682551783,Legitimate
151,Health,Collision,Urban,Yes,No,Yes,29.0,3.1,1,9.0,197094.0,192165.0,0.173,498.16368472718005,Legitimate
152,Auto,Collision,Urban,No,No,No,47.0,0.7,0,5.2,201088.0,191928.0,0.386,683.0860028470354,Legitimate
153,Property,Collision,Suburban,Yes,No,Yes,43.0,5.0,1,2.0,127610.0,144824.0,0.286,546.4504308372988,Legitimate
154,Auto,Liability,Rural,No,No,Yes,44.0,7.4,2,2.1,268460.0,296178.0,0.172,706.2531350918789,Legitimate
155,Property,Collision,Urban,No,No,Yes,48.0,6.3,1,2.4,194762.0,196781.0,0.193,757.3743677364816,Legitimate
156,Auto,Medical,Suburban,No,No,,43.0,3.9,0,11.6,245825.0,222554.0,0.175,766.82288597529,Legitimate
157,Health,Medical,Urban,No,Yes,,44.0,15.8,1,8.9,230415.0,245518.0,0.329,768.7790763579553,Legitimate
158,Auto,Theft,Suburban,No,No,Yes,47.0,3.1,1,3.4,34021.0,38458.0,0.262,516.7134516737565,Legitimate
159,Auto,Medical,Urban,Yes,No,,42.0,2.1,0,0.5,175589.0,176228.0,0.475,685.6136932268151,Legitimate
160,Health,Medical,Urban,No,No,,36.0,2.8,2,27.9,79209.0,87406.0,0.212,610.5854691633136,Legitimate
161,Auto,Collision,Urban,Yes,No,Yes,18.0,9.4,3,1.7,25178.0,26670.0,0.198,790.451393125694,Legitimate
162,Property,Theft,Suburban,Yes,No,No,57.0,3.6,1,4.7,407231.0,387014.0,0.198,766.020847672195,Legitimate
163,Property,Medical,Rural,Yes,No,,43.0,18.4,1,4.8,82378.0,82462.0,0.54,454.34917604875983,Legitimate
164,Property,Theft,Suburban,Yes,No,Yes,60.0,6.4,0,12.2,110748.0,107027.0,0.349,502.09888863041465,Legitimate
165,Auto,Fire,Suburban,No,No,Yes,44.0,1.8,2,9.8,250141.0,243177.0,0.305,716.1514382328733,Fraudulent
166,Life,Collision,Suburban,No,No,,54.0,6.1,2,3.7,90502.0,92399.0,0.397,850.0,Legitimate
167,Health,Collision,Suburban,Yes,No,Yes,41.0,2.2,1,2.4,127167.0,119142.0,0.37,792.2977294018758,Legitimate
168,Property,Medical,Suburban,No,No,,47.0,0.5,2,2.9,227316.0,239830.0,0.197,,Legitimate
169,Auto,Theft,Rural,Yes,No,Yes,44.0,6.2,1,5.0,602141.0,543582.0,0.431,582.6782752598383,Legitimate
170,Health,Collision,Urban,Yes,No,Yes,31.0,16.8,1,5.1,268128.0,253995.0,0.594,724.778492356607,Legitimate
171,Auto,Collision,Urban,Yes,Yes,Yes,43.0,6.4,1,1.5,134798.0,122195.0,0.301,731.8627107059042,Legitimate
172,Property,Liability,Suburban,Yes,No,Yes,33.0,3.0,0,2.8,44394.0,42523.0,0.205,425.5644461697216,Legitimate
173,Auto,Liability,Urban,Yes,Yes,Yes,50.0,2.6,1,1.3,92026.0,81413.0,0.692,586.9470419324946,Legitimate
174,Life,Fire,Suburban,Yes,No,,19.0,0.6,1,3.1,160823.0,166069.0,0.227,748.7912354576116,Legitimate
175,Life,Medical,Suburban,No,No,,39.0,2.6,1,3.8,52792.0,57273.0,0.202,606.5192204952333,Legitimate
176,Auto,Medical,Urban,Yes,No,,56.0,3.0,0,0.9,94371.0,104191.0,0.214,572.725816421568,Legitimate
177,Life,Medical,Urban,Yes,No,,31.0,3.6,0,6.2,165120.0,145985.0,0.439,611.4628771871802,Legitimate
178,Property,Theft,Urban,Yes,Yes,No,34.0,2.0,0,13.4,310051.0,349219.0,0.168,739.5976205055583,Legitimate
179,Health,Collision,Suburban,Yes,No,Yes,69.0,2.6,2,6.5,88039.0,82592.0,0.28,804.5660907473994,Legitimate
180,Auto,Theft,Urban,No,No,No,48.0,2.1,0,3.5,23167.0,22680.0,0.463,541.3269997793408,Legitimate
181,Health,Collision,Suburban,Yes,No,Yes,37.0,7.6,0,0.3,227273.0,231858.0,0.245,697.9760203308937,Legitimate
182,Property,Medical,Rural,Yes,No,,32.0,7.3,0,9.0,38462.0,41868.0,0.219,572.7683448152475,Legitimate
183,Property,Medical,Suburban,Yes,Yes,,31.0,5.1,1,2.0,99453.0,94148.0,0.667,573.5470363305266,Legitimate
184,Life,Liability,Suburban,Yes,No,,29.0,4.8,1,4.4,339540.0,325760.0,0.183,720.886267837151,Legitimate
185,Property,Collision,Urban,Yes,No,Yes,52.0,3.5,0,2.6,362580.0,413646.0,0.204,796.5212480366177,Legitimate
186,Auto,Theft,Suburban,Yes,No,Yes,37.0,2.1,2,5.7,140698.0,128076.0,0.352,545.4237776974365,Legitimate
187,Health,Theft,Suburban,No,No,Yes,27.0,10.8,0,16.0,384769.0,387399.0,0.37,633.4753414035177,Legitimate
188,Auto,Theft,Suburban,Yes,Yes,Yes,45.0,4.0,2,3.6,429163.0,420277.0,0.176,611.2424987957652,Legitimate
189,Auto,Collision,Urban,Yes,No,No,43.0,5.8,3,7.8,178778.0,165784.0,0.243,676.5785525791842,Legitimate
190,Life,Liability,Urban,Yes,No,,44.0,8.1,1,5.6,382451.0,365895.0,0.187,566.1910640303446,Legitimate
191,Property,Collision,Suburban,Yes,No,Yes,34.0,1.2,1,6.8,296830.0,265638.0,0.726,491.48141073636316,Legitimate
192,Auto,Medical,Suburban,No,No,,31.0,19.3,1,2.5,62728.0,58996.0,0.188,786.1739297897498,Legitimate
193,Health,Collision,Urban,Yes,No,Yes,33.0,15.4,2,5.6,97157.0,90912.0,0.329,589.1585852795018,Legitimate
194,Auto,Theft,Urban,Yes,No,Yes,54.0,9.5,1,1.3,48428.0,51300.0,0.168,653.4320940155776,Legitimate
195,Life,Liability,Urban,No,No,,57.0,2.1,0,0.8,76369.0,75324.0,0.62,491.53619679870496,Legitimate
196,Health,Theft,Suburban,Yes,No,Yes,45.0,4.3,1,7.1,138556.0,134765.0,0.37,686.1120713563619,Legitimate
197,Life,Theft,Suburban,Yes,No,,39.0,1.1,1,6.7,250816.0,257916.0,0.65,629.1951837830196,Legitimate
198,Property,Collision,Urban,No,Yes,No,70.0,11.9,2,10.0,241758.0,263666.0,0.459,806.6570657729108,Legitimate
199,Property,Fire,Suburban,No,No,Yes,29.0,1.6,2,12.8,206018.0,207483.0,0.689,,Fraudulent
200,Life,Theft,Suburban,No,No,,30.0,10.1,1,4.0,304634.0,326307.0,0.204,612.8113920955137,Legitimate
201,Property,Collision,Suburban,Yes,No,No,52.0,1.5,0,7.1,137881.0,145483.0,0.284,,Legitimate
202,Auto,Medical,Urban,Yes,No,,27.0,3.3,0,1.3,437064.0,431935.0,0.384,585.8151476420559,Legitimate
203,Health,Theft,Rural,No,No,Yes,44.0,4.5,0,3.1,256147.0,245169.0,0.328,830.8199602017617,Legitimate
204,Property,Collision,Suburban,No,No,Yes,41.0,5.7,2,0.7,45253.0,44214.0,0.825,503.11266806074946,Legitimate
205,Auto,Collision,Urban,No,No,Yes,49.0,4.9,2,1.4,58854.0,62482.0,0.18,839.415775124832,Legitimate
206,Auto,Medical,Urban,No,No,,66.0,8.3,0,16.5,279706.0,268535.0,0.564,590.4072627503633,Legitimate
207,Auto,Fire,Suburban,Yes,No,No,39.0,16.1,2,1.4,214117.0,223966.0,0.333,544.5666048602985,Legitimate
208,Property,Collision,Suburban,Yes,No,Yes,44.0,5.7,0,1.7,162512.0,159897.0,0.309,518.2165766936246,Legitimate
209,Auto,Collision,Urban,No,No,Yes,51.0,1.8,1,6.9,92528.0,91339.0,0.442,686.5191401980132,Legitimate
210,Auto,Medical,Suburban,Yes,No,,20.0,3.9,0,8.4,101142.0,110628.0,0.179,664.320510916944,Legitimate
211,Health,Collision,Urban,Yes,No,Yes,38.0,7.5,1,2.7,227584.0,235882.0,0.338,659.7607891040303,Legitimate
212,Property,Collision,Rural,Yes,No,No,38.0,2.3,0,6.9,109996.0,101259.0,0.195,561.658847238103,Legitimate
213,Life,Collision,Suburban,No,No,,78.0,8.1,1,1.5,66974.0,72224.0,0.185,550.7473700319588,Legitimate
214,Auto,Theft,Urban,No,No,Yes,43.0,9.3,0,2.1,131192.0,132052.0,0.3,654.2881562358015,Legitimate
215,Life,Medical,Suburban,Yes,No,,46.0,4.4,0,4.9,32503.0,32677.0,0.2,582.5895848534653,Legitimate
216,Life,Medical,Urban,Yes,Yes,,41.0,13.0,0,11.8,178302.0,188937.0,0.422,701.4956471461522,Legitimate
217,Property,Theft,Suburban,Yes,Yes,No,66.0,0.5,1,5.5,90295.0,104330.0,0.523,585.6710536381405,Fraudulent
218,Property,Medical,Urban,Yes,Yes,,39.0,1.2,0,4.2,243383.0,250749.0,0.347,612.3743686609118,Legitimate
219,Auto,Medical,Urban,No,No,,38.0,14.0,0,7.7,568155.0,602095.0,0.68,620.6484929856631,Legitimate
220,Life,Fire,Rural,Yes,No,,66.0,8.3,0,1.9,214615.0,207943.0,0.235,,Legitimate
221,Auto,Collision,Suburban,Yes,No,Yes,60.0,8.6,0,1.7,153522.0,153551.0,0.173,762.9071615385672,Legitimate
222,Health,Collision,Urban,Yes,Yes,No,18.0,5.8,1,5.8,68474.0,75438.0,0.475,850.0,Legitimate
223,Health,Medical,Suburban,Yes,No,,52.0,7.5,1,6.4,176333.0,207452.0,0.177,638.2118333129672,Legitimate
224,Property,Medical,Urban,Yes,No,,44.0,10.4,0,0.2,71382.0,63116.0,0.199,563.3434256724364,Legitimate
225,Life,Fire,Rural,No,No,,49.0,11.1,0,1.0,274962.0,291933.0,0.237,739.060795469625,Legitimate
226,Auto,Liability,Urban,No,No,No,18.0,2.3,1,3.6,433222.0,453661.0,0.385,558.938052130292,Legitimate
227,Auto,Collision,Urban,Yes,Yes,No,33.0,5.5,4,1.8,356278.0,407609.0,0.18,538.9795465170344,Legitimate
228,Health,Collision,Urban,Yes,No,Yes,18.0,1.1,2,4.6,226118.0,233800.0,0.176,635.3953504713111,Legitimate
229,Life,Collision,Urban,Yes,No,,42.0,3.9,0,10.2,203683.0,185679.0,0.167,735.1888545356252,Legitimate
230,Auto,Collision,Rural,Yes,No,Yes,23.0,1.9,0,2.7,163824.0,170950.0,0.193,628.2086659615642,Legitimate
231,Auto,Collision,Urban,Yes,No,Yes,41.0,4.4,1,5.1,84866.0,83271.0,0.212,764.629146366876,Legitimate
232,Auto,Medical,Suburban,Yes,No,,39.0,2.7,1,1.7,598131.0,552085.0,0.242,552.6016579640869,Legitimate
233,Property,Medical,Suburban,Yes,No,,44.0,16.7,2,6.7,364737.0,375785.0,0.25,,Legitimate
234,Health,Liability,Urban,Yes,No,Yes,51.0,5.5,2,1.3,135908.0,135572.0,0.23,512.9821163098466,Legitimate
235,Property,Collision,Rural,No,No,No,56.0,3.7,2,2.2,176736.0,182907.0,0.766,,Fraudulent
236,Property,Medical,Rural,No,No,,18.0,3.0,1,5.0,14595.0,15264.0,0.217,759.6031298261239,Legitimate
237,Property,Medical,Urban,Yes,No,,51.0,10.4,2,4.3,189735.0,170476.0,0.24,,Legitimate
238,Auto,Medical,Urban,Yes,No,,39.0,3.7,1,1.1,134551.0,138140.0,0.519,626.4982326534079,Legitimate
239,Property,Liability,Rural,Yes,No,No,51.0,8.5,2,1.5,533748.0,491878.0,0.22,588.3161742397185,Legitimate
240,Auto,Fire,Rural,Yes,No,No,58.0,10.4,2,1.3,142683.0,140208.0,0.369,528.219505520482,Legitimate
241,Auto,Collision,Urban,No,No,No,36.0,1.1,0,2.4,388611.0,381433.0,0.446,471.6808002535255,Fraudulent
242,Life,Collision,Urban,Yes,No,,39.0,5.3,0,6.7,228089.0,203789.0,0.585,574.953600081864,Legitimate
243,Auto,Liability,Suburban,No,No,No,46.0,1.6,1,3.2,299732.0,326923.0,0.567,629.0794043853983,Legitimate
244,Auto,Theft,Urban,No,Yes,Yes,58.0,0.7,1,0.9,218172.0,202714.0,0.189,691.9005620852322,Legitimate
245,Life,Theft,Suburban,Yes,No,,18.0,9.2,1,1.6,11256.0,11832.0,0.225,652.6074647123287,Legitimate
246,Auto,Theft,Rural,No,Yes,Yes,51.0,5.9,2,6.6,107907.0,107095.0,0.171,604.3679767220153,Legitimate
247,Property,Medical,Rural,No,No,,47.0,9.3,2,3.8,85662.0,92081.0,0.173,730.0168117509952,Legitimate
248,Auto,Fire,Suburban,No,No,Yes,38.0,4.6,0,1.4,52704.0,46667.0,0.168,578.3562963844379,Legitimate
249,Health,Collision,Suburban,Yes,No,Yes,34.0,13.6,0,2.8,147052.0,144651.0,0.417,830.1482053501054,Legitimate
250,Auto,Medical,Suburban,Yes,No,,50.0,18.6,1,5.7,162756.0,175804.0,0.342,599.7197838189934,Legitimate
251,Property,Liability,Urban,No,Yes,Yes,37.0,5.6,0,1.8,8530.0,8181.0,0.171,684.8652634036897,Legitimate
252,Auto,Collision,Urban,No,No,No,36.0,3.7,1,3.4,66755.0,67793.0,0.403,564.928548600212,Fraudulent
253,Auto,Collision,Urban,Yes,No,No,73.0,0.4,0,14.4,59644.0,51906.0,0.216,685.8003448876651,Legitimate
254,Life,Collision,Urban,No,No,,43.0,4.5,0,5.5,195009.0,170343.0,0.313,600.9562951490445,Legitimate
255,Property,Fire,Rural,No,No,No,65.0,3.4,2,5.8,96193.0,101605.0,0.719,660.632681145966,Fraudulent
256,Auto,Medical,Urban,Yes,No,,21.0,9.9,1,3.4,83092.0,81632.0,0.17,596.2646401685788,Legitimate
257,Property,Collision,Urban,No,No,Yes,46.0,9.0,1,17.8,118766.0,126448.0,0.232,623.4526634857166,Legitimate
258,Life,Liability,Rural,Yes,No,,34.0,2.7,1,0.9,78019.0,76745.0,0.172,684.2087466914281,Legitimate
259,Auto,Collision,Suburban,Yes,No,Yes,28.0,2.7,2,3.3,107031.0,119518.0,0.261,461.4450283667469,Legitimate
260,Life,Medical,Rural,Yes,No,,19.0,19.1,0,1.0,83803.0,83822.0,0.397,733.1952388519094,Legitimate
261,Auto,Fire,Rural,Yes,No,Yes,48.0,1.3,0,3.0,222113.0,244380.0,0.705,667.7912873624463,Legitimate
262,Health,Theft,Urban,Yes,No,Yes,18.0,5.4,1,11.3,153671.0,155194.0,0.659,721.5210532874767,Legitimate
263,Life,Fire,Urban,No,No,,32.0,2.5,0,10.2,175246.0,176234.0,0.274,638.1789202822579,Legitimate
264,Auto,Theft,Suburban,No,No,No,47.0,7.8,1,11.4,118119.0,115802.0,0.729,739.3947882727566,Fraudulent
265,Auto,Collision,Urban,No,No,Yes,75.0,2.9,1,11.9,86053.0,94311.0,0.316,535.5418404143189,Legitimate
266,Auto,Medical,Suburban,Yes,No,,37.0,11.8,3,6.0,295795.0,286611.0,0.551,533.1438033321003,Legitimate
267,Life,Theft,Rural,Yes,No,,43.0,5.7,0,0.1,351487.0,427150.0,0.179,469.4613479629163,Legitimate
268,Life,Theft,Urban,No,No,,35.0,8.9,0,6.4,555642.0,593284.0,0.219,589.2045720725591,Legitimate
269,Auto,Collision,Urban,No,No,Yes,35.0,4.7,2,15.9,168992.0,182681.0,0.435,588.3959610976453,Legitimate
270,Health,Collision,Rural,No,No,Yes,20.0,3.7,1,12.2,207455.0,190374.0,0.172,608.899789424404,Legitimate
271,Health,Collision,Suburban,Yes,No,Yes,30.0,3.1,1,1.4,177883.0,150054.0,0.567,596.3252460330807,Legitimate
272,Health,Medical,Urban,Yes,No,,33.0,1.7,0,4.3,127351.0,131532.0,0.388,,Legitimate
273,Auto,Medical,Urban,Yes,No,,23.0,1.3,0,1.7,145030.0,141996.0,0.181,378.93621160107347,Legitimate
274,Property,Medical,Suburban,Yes,No,,55.0,4.1,0,12.1,297132.0,277597.0,0.266,682.1914242500595,Legitimate
275,Auto,Theft,Rural,No,No,Yes,50.0,3.1,0,5.6,89397.0,77834.0,0.388,799.8668418819752,Legitimate
276,Property,Medical,Urban,Yes,No,,43.0,2.2,0,1.1,175449.0,196936.0,0.406,571.3306800886357,Legitimate
277,Property,Medical,Rural,Yes,No,,38.0,1.5,0,3.0,83167.0,71458.0,0.453,602.3571777359915,Legitimate
278,Property,Theft,Rural,No,No,No,31.0,4.7,2,4.2,186122.0,196050.0,0.388,741.097257284374,Fraudulent
279,Auto,Medical,Urban,No,No,,26.0,6.7,0,7.7,214573.0,209934.0,0.399,702.6103233699565,Legitimate
280,Health,Collision,Suburban,Yes,No,Yes,27.0,6.5,1,3.4,442763.0,504885.0,0.446,651.694884977846,Legitimate
281,Life,Medical,Urban,Yes,No,,30.0,2.6,1,4.4,283447.0,290016.0,0.784,664.8388466543473,Fraudulent
282,Health,Medical,Urban,Yes,No,,19.0,2.1,1,14.6,517269.0,437242.0,0.212,767.3860406340949,Legitimate
283,Auto,Fire,Suburban,No,No,Yes,36.0,4.0,0,7.5,132431.0,143091.0,0.354,,Legitimate
284,Property,Liability,Urban,No,Yes,Yes,43.0,13.3,2,7.7,169981.0,172863.0,0.296,643.8408133338799,Legitimate
285,Life,Medical,Rural,No,No,,54.0,19.0,2,3.3,384937.0,425707.0,0.544,734.2419942355303,Legitimate
286,Health,Theft,Rural,Yes,No,Yes,42.0,4.0,1,4.2,253569.0,240599.0,0.181,,Legitimate
287,Auto,Medical,Urban,No,No,,31.0,6.2,2,4.7,171620.0,187882.0,0.194,721.4187954402863,Legitimate
288,Health,Collision,Suburban,Yes,No,Yes,45.0,11.8,0,2.6,103356.0,115343.0,0.511,727.4009563386477,Legitimate
289,Auto,Medical,Urban,Yes,No,,55.0,6.7,0,4.1,86291.0,95848.0,0.175,574.7578449853953,Legitimate
290,Auto,Collision,Urban,Yes,No,Yes,43.0,13.0,2,1.0,224274.0,218367.0,0.267,662.4230334951428,Legitimate
291,Life,Liability,Rural,Yes,No,,39.0,7.7,0,0.9,33674.0,34194.0,0.196,629.6598654256402,Legitimate
292,Life,Fire,Urban,Yes,No,,19.0,1.4,0,2.8,75534.0,69602.0,0.644,486.30159196381,Legitimate
293,Auto,Theft,Urban,Yes,No,Yes,23.0,7.8,2,5.7,314000.0,308351.0,0.442,617.0204767990133,Legitimate
294,Auto,Collision,Rural,Yes,No,Yes,44.0,10.3,0,3.2,60032.0,59702.0,0.606,610.1908235255523,Legitimate
295,Property,Collision,Suburban,No,No,Yes,18.0,5.7,0,6.2,133805.0,135638.0,0.539,615.9176082302198,Legitimate
296,Auto,Theft,Urban,Yes,No,Yes,47.0,7.0,1,5.2,92952.0,109336.0,0.199,675.9921870676371,Legitimate
297,Life,Medical,Suburban,Yes,No,,38.0,3.4,0,6.3,199824.0,209550.0,0.283,578.2905289160279,Legitimate
298,Auto,Collision,Rural,Yes,No,Yes,31.0,6.1,0,0.6,22619.0,22418.0,0.179,691.2275472272127,Legitimate
299,Property,Medical,Suburban,Yes,No,,33.0,4.7,0,5.3,335054.0,306742.0,0.44,585.7590748446237,Legitimate
300,Auto,Collision,Urban,Yes,No,No,19.0,5.0,0,6.5,177412.0,186067.0,0.191,560.5070417610293,Legitimate
301,Health,Collision,Rural,Yes,No,Yes,30.0,5.2,0,3.9,26428.0,22840.0,0.168,790.7891932793657,Legitimate
302,Health,Collision,Urban,No,Yes,No,49.0,2.6,4,5.1,250402.0,256580.0,0.171,588.6919583122732,Fraudulent
303,Auto,Liability,Urban,Yes,No,Yes,76.0,4.4,1,11.5,174133.0,173030.0,0.38,845.6458234018945,Legitimate
304,Auto,Fire,Suburban,Yes,No,Yes,49.0,9.7,1,5.9,230726.0,220899.0,0.387,618.6512233265755,Legitimate
305,Auto,Collision,Suburban,Yes,No,No,31.0,1.0,0,2.0,36588.0,34503.0,0.18,812.8090264529844,Legitimate
306,Auto,Collision,Urban,Yes,No,Yes,55.0,1.2,0,3.1,158975.0,156322.0,0.252,543.5498149555996,Legitimate
307,Health,Collision,Suburban,Yes,No,Yes,29.0,11.6,0,3.3,187973.0,195707.0,0.167,785.5970938565865,Legitimate
308,Auto,Medical,Rural,No,No,,52.0,7.8,0,3.3,35820.0,32838.0,0.229,549.5602594348117,Legitimate
309,Life,Collision,Suburban,Yes,No,,64.0,4.3,1,4.9,175901.0,163179.0,0.573,661.5868683534029,Legitimate
310,Health,Medical,Suburban,No,No,,49.0,10.2,1,11.3,122713.0,134623.0,0.174,726.3294089447256,Legitimate
311,Auto,Collision,Urban,No,No,No,47.0,3.3,2,5.4,453711.0,363988.0,0.176,587.8950444210191,Legitimate
312,Health,Medical,Rural,No,No,,26.0,5.7,0,3.0,129544.0,128877.0,0.725,703.464765151917,Legitimate
313,Property,Medical,Suburban,No,No,,54.0,2.1,5,4.9,227728.0,226459.0,0.419,514.0386778118344,Fraudulent
314,Health,Liability,Rural,No,No,No,45.0,6.6,0,2.8,225767.0,254484.0,0.192,762.9788354676534,Legitimate
315,Property,Liability,Suburban,No,No,Yes,31.0,1.7,1,9.0,27440.0,26246.0,0.549,723.5992795503868,Fraudulent
316,Life,Medical,Urban,Yes,No,,52.0,2.7,0,2.0,36638.0,36408.0,0.247,672.6865854307076,Legitimate
317,Life,Collision,Suburban,Yes,No,,49.0,7.7,0,10.5,107864.0,96846.0,0.639,636.0000351066261,Legitimate
318,Auto,Collision,Rural,Yes,No,No,55.0,3.3,0,2.1,46124.0,46367.0,0.187,756.6067421768959,Legitimate
319,Health,Liability,Rural,No,No,Yes,50.0,9.1,1,5.9,147965.0,140852.0,0.259,592.0047453984793,Legitimate
320,Auto,Collision,Urban,Yes,No,No,35.0,1.4,0,7.0,124273.0,121939.0,0.217,559.2496782346345,Legitimate
321,Auto,Collision,Suburban,No,Yes,Yes,23.0,7.4,1,1.1,139833.0,134100.0,0.335,646.2157133624942,Fraudulent
322,Health,Theft,Suburban,Yes,No,Yes,18.0,4.0,2,5.2,185043.0,179847.0,0.205,850.0,Legitimate
323,Auto,Medical,Rural,Yes,No,,28.0,3.0,3,4.3,133370.0,142368.0,0.273,661.0095081504439,Legitimate
324,Health,Theft,Urban,Yes,No,No,44.0,5.4,1,3.9,198379.0,216290.0,0.245,660.7823052169512,Legitimate
325,Property,Liability,Suburban,Yes,No,Yes,46.0,12.8,2,7.7,93987.0,99187.0,0.387,850.0,Legitimate
326,Auto,Theft,Urban,Yes,No,Yes,54.0,8.5,2,3.1,424795.0,440675.0,0.221,588.1001624897658,Legitimate
327,Health,Collision,Rural,Yes,No,No,52.0,4.4,0,5.1,174310.0,164480.0,0.211,659.1225539597855,Legitimate
328,Health,Liability,Suburban,Yes,Yes,Yes,43.0,3.5,3,3.9,51911.0,57520.0,0.416,598.2891208307205,Fraudulent
329,Life,Liability,Suburban,Yes,No,,18.0,6.1,2,3.6,358511.0,373111.0,0.221,677.9570106961705,Legitimate
330,Auto,Fire,Urban,Yes,No,Yes,30.0,21.2,0,7.2,234007.0,197932.0,0.22,550.8672033606916,Legitimate
331,Auto,Collision,Urban,Yes,Yes,Yes,44.0,9.8,1,6.8,92301.0,98358.0,0.175,697.4524620803984,Legitimate
332,Property,Fire,Rural,Yes,No,Yes,18.0,3.6,0,11.0,44125.0,45002.0,0.293,684.2054801884711,Legitimate
333,Property,Medical,Urban,No,No,,40.0,2.7,1,4.2,281003.0,250700.0,0.168,708.5685913490331,Legitimate
334,Life,Fire,Urban,No,No,,59.0,3.3,2,2.8,101803.0,102395.0,0.19,590.0411877541211,Legitimate
335,Auto,Theft,Urban,Yes,No,Yes,45.0,10.8,3,6.3,303237.0,286973.0,0.493,662.2500131145576,Legitimate
336,Life,Collision,Suburban,No,No,,56.0,2.3,1,7.1,109957.0,119887.0,0.71,549.1280283182922,Legitimate
337,Property,Fire,Suburban,No,No,Yes,38.0,11.3,1,2.7,109457.0,109783.0,0.671,658.5041379598238,Legitimate
338,Auto,Theft,Urban,Yes,No,Yes,55.0,4.1,3,7.0,328077.0,329406.0,0.182,595.7652091006548,Legitimate
339,Auto,Collision,Suburban,Yes,No,Yes,40.0,7.6,0,5.8,95134.0,90290.0,0.261,,Legitimate
340,Auto,Liability,Rural,No,Yes,Yes,18.0,3.8,2,7.2,348328.0,351400.0,0.232,682.9666077456859,Legitimate
341,Auto,Theft,Suburban,No,No,Yes,32.0,4.7,1,6.2,316036.0,281915.0,0.451,602.7958946560615,Fraudulent
342,Health,Theft,Suburban,Yes,No,No,48.0,3.6,0,9.5,432527.0,364036.0,0.168,845.9496652424957,Legitimate
343,Property,Medical,Suburban,Yes,No,,34.0,5.4,1,6.8,163776.0,154664.0,0.212,850.0,Legitimate
344,Property,Medical,Suburban,No,No,,49.0,2.8,1,17.1,232028.0,231687.0,0.217,649.778724938124,Legitimate
345,Property,Collision,Urban,No,No,Yes,53.0,5.5,1,11.8,157014.0,150714.0,0.226,652.7531492766472,Legitimate
346,Auto,Liability,Urban,Yes,No,Yes,30.0,18.4,0,0.4,122316.0,131103.0,0.267,599.2010217398564,Legitimate
347,Auto,Theft,Urban,Yes,Yes,Yes,48.0,6.2,4,1.8,47101.0,45003.0,0.774,791.295975701852,Fraudulent
348,Property,Fire,Suburban,Yes,No,No,44.0,1.6,0,1.5,368855.0,348188.0,0.823,579.2037046640928,Legitimate
349,Auto,Collision,Suburban,No,No,Yes,41.0,2.5,0,9.7,209391.0,215094.0,0.183,699.0669032947341,Legitimate
350,Property,Liability,Rural,No,No,Yes,39.0,4.6,1,10.0,202254.0,192519.0,0.187,850.0,Fraudulent
351,Health,Collision,Urban,Yes,No,No,40.0,3.3,1,0.3,256343.0,251202.0,0.177,512.210820620519,Legitimate
352,Auto,Collision,Suburban,Yes,No,Yes,44.0,6.0,1,3.2,160020.0,166107.0,0.337,563.5793801575435,Legitimate
353,Property,Medical,Urban,Yes,No,,28.0,3.7,0,5.4,86760.0,89712.0,0.606,726.6610930067355,Legitimate
354,Health,Fire,Urban,Yes,No,Yes,80.0,5.8,0,2.8,27137.0,25632.0,0.475,644.3597572641008,Legitimate
355,Auto,Collision,Suburban,No,No,Yes,31.0,7.0,2,7.3,57516.0,58611.0,0.466,583.2615511854276,Legitimate
356,Health,Medical,Urban,Yes,No,,40.0,6.4,1,5.1,223251.0,250008.0,0.671,510.85335815031965,Legitimate
357,Property,Collision,Urban,Yes,No,No,50.0,3.7,2,3.7,55896.0,53943.0,0.202,695.6832457698288,Legitimate
358,Auto,Medical,Urban,Yes,Yes,,47.0,21.2,0,4.3,150704.0,159768.0,0.276,601.7293801847624,Legitimate
359,Auto,Liability,Rural,Yes,No,Yes,57.0,1.4,2,3.6,68406.0,67374.0,0.216,585.8048529700525,Legitimate
360,Auto,Collision,Suburban,Yes,No,No,55.0,2.8,0,3.3,219086.0,214251.0,0.498,693.1399929536344,Legitimate
361,Auto,Collision,Rural,No,No,Yes,48.0,1.2,1,2.0,167626.0,183978.0,0.184,737.323401406636,Legitimate
362,Health,Medical,Suburban,Yes,No,,29.0,18.2,1,7.0,507009.0,501927.0,0.185,740.6686601613761,Legitimate
363,Health,Fire,Suburban,No,No,No,32.0,13.2,1,4.9,125059.0,117984.0,0.407,724.0034787718673,Legitimate
364,Health,Theft,Rural,No,No,Yes,58.0,8.6,1,14.4,87797.0,91826.0,0.201,723.1698394270551,Legitimate
365,Auto,Medical,Urban,No,Yes,,33.0,6.3,0,7.2,536019.0,524004.0,0.177,644.8088840075519,Legitimate
366,Property,Collision,Suburban,Yes,Yes,Yes,39.0,3.7,0,5.9,196099.0,200513.0,0.293,688.222660662138,Legitimate
367,Auto,Medical,Suburban,Yes,No,,18.0,11.2,0,6.8,91873.0,89169.0,0.433,690.8393659355456,Legitimate
368,Property,Medical,Suburban,No,No,,38.0,3.4,2,1.0,297399.0,299631.0,0.238,759.162563339894,Legitimate
369,Auto,Collision,Suburban,No,Yes,Yes,66.0,14.4,0,5.8,187011.0,198607.0,0.169,639.2480737560305,Legitimate
370,Auto,Theft,Urban,Yes,No,Yes,45.0,10.0,1,12.1,77670.0,87410.0,0.201,543.9058231961338,Legitimate
371,Health,Collision,Suburban,Yes,No,No,37.0,0.9,2,5.0,113169.0,112613.0,0.194,668.7070343301476,Legitimate
372,Auto,Collision,Suburban,No,No,No,52.0,2.0,0,7.8,141341.0,151197.0,0.523,571.5885311023937,Legitimate
373,Health,Collision,Urban,No,No,Yes,18.0,1.4,0,4.3,13189.0,12895.0,0.169,589.0095054733869,Legitimate
374,Auto,Liability,Suburban,No,No,Yes,44.0,8.0,0,9.2,342954.0,349172.0,0.229,,Legitimate
375,Life,Collision,Rural,Yes,No,,45.0,7.2,0,2.4,401762.0,409847.0,0.663,718.1553667640193,Legitimate
376,Health,Fire,Urban,Yes,No,Yes,45.0,3.1,2,14.0,9857.0,9745.0,0.197,565.1763361119052,Legitimate
377,Health,Collision,Rural,Yes,No,No,39.0,6.4,0,12.8,109125.0,109113.0,0.248,583.2494814710008,Legitimate
378,Auto,Fire,Suburban,Yes,No,Yes,41.0,1.8,0,4.7,96067.0,110810.0,0.334,766.2077285663859,Legitimate
379,Health,Medical,Urban,No,No,,44.0,4.2,0,7.7,45739.0,36980.0,0.225,646.3386872729784,Legitimate
380,Life,Theft,Suburban,Yes,No,,49.0,6.0,1,6.1,345069.0,327743.0,0.37,616.6486919206898,Legitimate
381,Auto,Collision,Urban,Yes,No,No,18.0,11.0,3,3.7,132046.0,129470.0,0.201,408.45037197305805,Legitimate
382,Property,Fire,Urban,No,No,No,51.0,10.1,1,3.3,119230.0,115832.0,0.63,428.83656324623394,Legitimate
383,Health,Medical,Suburban,No,No,,53.0,11.1,0,16.7,114269.0,118010.0,0.676,,Legitimate
384,Property,Collision,Urban,No,No,No,46.0,5.1,2,4.8,28019.0,27514.0,0.233,700.3027151217166,Legitimate
385,Life,Medical,Suburban,Yes,No,,49.0,1.6,2,5.3,69589.0,72089.0,0.361,,Legitimate
386,Auto,Collision,Urban,Yes,No,No,27.0,4.6,1,5.7,233474.0,220008.0,0.195,,Legitimate
387,Auto,Collision,Urban,Yes,No,Yes,41.0,4.2,1,13.3,229547.0,209266.0,0.231,703.2935641270491,Legitimate
388,Life,Theft,Suburban,Yes,No,,62.0,4.0,0,7.7,139094.0,132222.0,0.526,530.7598390562359,Legitimate
389,Life,Collision,Suburban,No,No,,39.0,7.2,1,3.6,141776.0,147639.0,0.242,741.2101348083567,Legitimate
390,Property,Liability,Suburban,Yes,No,Yes,36.0,9.9,0,4.6,76171.0,73456.0,0.335,659.1803914887074,Legitimate
391,Life,Collision,Suburban,Yes,No,,45.0,5.5,1,9.3,192750.0,222522.0,0.242,537.0152362566561,Legitimate
392,Property,Collision,Urban,No,No,Yes,32.0,3.1,2,7.9,22932.0,20899.0,0.388,,Legitimate
393,Property,Theft,Suburban,Yes,No,No,45.0,10.5,0,1.8,73996.0,72270.0,0.259,597.7696885607379,Legitimate
394,Auto,Theft,Urban,No,No,Yes,18.0,8.7,1,4.5,253191.0,254821.0,0.762,688.2233804055668,Fraudulent
395,Property,Liability,Suburban,Yes,No,Yes,61.0,10.1,2,5.6,103064.0,97442.0,0.355,676.2865308369057,Legitimate
396,Health,Collision,Urban,Yes,No,No,32.0,11.3,1,9.6,227127.0,237476.0,0.693,,Legitimate
397,Health,Medical,Suburban,Yes,No,,25.0,5.9,3,0.7,115075.0,122983.0,0.285,675.8765302059211,Legitimate
398,Property,Fire,Urban,No,No,No,41.0,10.8,1,1.1,125144.0,107350.0,0.198,745.2549597167573,Legitimate
399,Auto,Theft,Urban,No,No,Yes,46.0,1.1,4,2.7,127702.0,131083.0,0.279,686.5753076335806,Fraudulent
400,Life,Theft,Suburban,Yes,No,,70.0,1.9,1,1.0,42552.0,41237.0,0.27,702.1550229059548,Legitimate
401,Auto,Medical,Suburban,No,Yes,,22.0,0.9,0,7.9,157596.0,143454.0,0.207,695.162054406605,Fraudulent
402,Health,Collision,Suburban,No,No,Yes,30.0,10.1,0,3.9,242269.0,221781.0,0.195,601.8986510752623,Legitimate
403,Health,Medical,Urban,Yes,No,,45.0,3.8,1,8.4,96053.0,87495.0,0.246,634.6558942703928,Legitimate
404,Life,Liability,Suburban,Yes,No,,49.0,17.7,4,8.0,107645.0,106368.0,0.812,680.0073059027204,Legitimate
405,Auto,Theft,Urban,No,No,No,35.0,1.9,1,3.0,341863.0,326218.0,0.518,683.6574991559567,Legitimate
406,Health,Collision,Urban,Yes,No,Yes,38.0,4.1,1,1.0,162510.0,156761.0,0.498,608.9691164257246,Legitimate
407,Auto,Theft,Suburban,Yes,Yes,No,27.0,0.4,3,3.5,141795.0,162478.0,0.202,642.2322458806075,Legitimate
408,Property,Collision,Urban,Yes,No,No,34.0,4.6,2,0.9,172929.0,150234.0,0.201,749.5549887756763,Legitimate
409,Property,Liability,Urban,Yes,No,Yes,44.0,1.8,1,13.7,27061.0,29355.0,0.212,676.4842285569091,Legitimate
410,Auto,Liability,Rural,Yes,No,Yes,47.0,3.3,1,3.1,106688.0,121094.0,0.275,724.6388047199567,Legitimate
411,Auto,Medical,Suburban,Yes,Yes,,42.0,8.7,0,12.0,317541.0,304412.0,0.45,827.4192101933393,Legitimate
412,Auto,Medical,Suburban,Yes,No,,50.0,2.1,1,2.5,128634.0,122460.0,0.245,527.1903902617719,Legitimate
413,Property,Medical,Suburban,No,No,,46.0,7.1,1,1.5,249553.0,288943.0,0.283,743.1813809946461,Legitimate
414,Property,Medical,Suburban,Yes,No,,38.0,4.7,1,1.5,318312.0,313645.0,0.179,850.0,Legitimate
415,Life,Liability,Rural,No,Yes,,45.0,0.6,1,12.3,74800.0,74200.0,0.324,758.4027868840918,Fraudulent
416,Property,Theft,Urban,Yes,No,No,62.0,1.4,0,5.5,729515.0,656347.0,0.186,649.7772525198693,Legitimate
417,Health,Collision,Urban,Yes,No,No,30.0,6.0,0,2.2,119097.0,111270.0,0.392,686.0915537625708,Legitimate
418,Life,Fire,Urban,No,No,,41.0,1.6,1,3.7,165178.0,163064.0,0.291,632.4775928087838,Legitimate
419,Auto,Theft,Suburban,Yes,No,No,44.0,3.6,1,1.6,164150.0,164440.0,0.205,663.2694001155072,Legitimate
420,Property,Collision,Rural,Yes,No,Yes,31.0,10.5,0,3.6,109297.0,90506.0,0.383,670.5048021412339,Legitimate
421,Property,Medical,Urban,Yes,No,,47.0,1.5,2,5.9,62038.0,62057.0,0.437,662.6266392939285,Legitimate
422,Life,Liability,Rural,Yes,No,,19.0,2.4,0,1.3,159899.0,142591.0,0.388,694.5712769689167,Legitimate
423,Auto,Liability,Rural,Yes,No,Yes,35.0,5.1,2,5.3,218007.0,185328.0,0.424,637.3327306341832,Legitimate
424,Health,Fire,Suburban,Yes,No,Yes,35.0,2.4,0,3.3,373774.0,362204.0,0.373,745.3406293546507,Legitimate
425,Health,Collision,Urban,No,No,No,52.0,2.2,2,3.1,177828.0,201787.0,0.183,707.4564141815009,Legitimate
426,Life,Collision,Urban,No,No,,53.0,4.0,0,3.8,98576.0,104257.0,0.17,653.2782306476328,Legitimate
427,Auto,Medical,Suburban,Yes,No,,35.0,1.4,0,5.4,173181.0,157810.0,0.403,594.6643305013754,Legitimate
428,Property,Medical,Rural,Yes,No,,35.0,8.1,0,5.9,21728.0,20768.0,0.285,,Legitimate
429,Health,Collision,Urban,No,No,Yes,54.0,2.3,0,4.2,134046.0,125412.0,0.234,550.2153375318469,Legitimate
430,Auto,Medical,Suburban,Yes,No,,44.0,2.7,2,6.3,138212.0,114636.0,0.398,622.7861272024636,Legitimate
431,Auto,Theft,Urban,No,No,No,20.0,2.1,3,6.9,287267.0,311200.0,0.47,644.9906695121038,Legitimate
432,Property,Fire,Suburban,Yes,No,Yes,42.0,4.6,0,0.8,119802.0,132779.0,0.168,618.8472153487618,Legitimate
433,Property,Theft,Urban,Yes,No,Yes,62.0,4.2,1,4.4,101183.0,96228.0,0.167,531.229728517988,Legitimate
434,Auto,Medical,Suburban,No,No,,28.0,4.4,1,1.5,100363.0,110960.0,0.22,704.330293874611,Legitimate
435,Auto,Theft,Urban,No,No,Yes,53.0,8.4,1,7.7,383480.0,374424.0,0.37,641.506054551987,Legitimate
436,Auto,Theft,Urban,Yes,Yes,Yes,52.0,4.4,0,5.7,294957.0,312556.0,0.322,539.2735383294488,Legitimate
437,Auto,Medical,Urban,Yes,No,,18.0,4.4,2,6.5,104876.0,102363.0,0.17,585.5749013906005,Legitimate
438,Life,Theft,Suburban,Yes,No,,43.0,3.7,2,6.9,179822.0,180669.0,0.215,574.213011051895,Legitimate
439,Auto,Fire,Suburban,Yes,No,Yes,30.0,9.9,2,12.5,88204.0,97258.0,0.517,643.9075583161423,Legitimate
440,Health,Liability,Rural,No,No,Yes,34.0,9.3,0,3.0,155660.0,147611.0,0.643,808.5724662430263,Fraudulent
441,Health,Theft,Suburban,Yes,No,Yes,33.0,14.6,0,3.3,64070.0,58855.0,0.378,606.1377004931568,Legitimate
442,Auto,Medical,Rural,No,No,,31.0,1.3,0,1.6,244059.0,212339.0,0.499,582.6656205359983,Legitimate
443,Auto,Liability,Urban,No,No,Yes,20.0,4.1,3,0.1,115352.0,113731.0,0.236,743.4955205855348,Legitimate
444,Auto,Medical,Urban,No,No,,45.0,1.7,1,10.6,102181.0,93992.0,0.26,702.6491575402016,Legitimate
445,Life,Collision,Urban,Yes,No,,31.0,2.7,0,1.6,127016.0,118563.0,0.363,688.2948109576665,Legitimate
446,Health,Theft,Urban,Yes,No,Yes,60.0,5.7,0,6.4,340844.0,319653.0,0.781,629.8608404012998,Fraudulent
447,Auto,Collision,Suburban,No,No,Yes,31.0,0.4,0,2.2,51624.0,49153.0,0.387,756.268588928626,Legitimate
448,Health,Fire,Rural,Yes,No,No,60.0,10.7,0,5.4,167555.0,160430.0,0.239,798.2940819405784,Legitimate
449,Auto,Collision,Urban,Yes,No,No,58.0,2.2,1,5.6,100464.0,111636.0,0.264,731.653587229087,Legitimate
450,Property,Collision,Rural,Yes,Yes,Yes,64.0,5.4,2,4.3,180692.0,170214.0,0.399,716.6719806042556,Legitimate
451,Life,Theft,Suburban,Yes,No,,26.0,1.9,0,2.1,71832.0,66910.0,0.274,621.8455008465338,Legitimate
452,Health,Liability,Urban,No,No,No,35.0,2.6,1,11.5,39925.0,40044.0,0.342,668.9365425252686,Fraudulent
453,Auto,Collision,Urban,No,No,Yes,50.0,1.3,1,9.1,349488.0,350195.0,0.217,468.48358833831935,Legitimate
454,Property,Medical,Urban,Yes,Yes,,29.0,4.7,1,3.8,148211.0,139827.0,0.18,814.0339592421941,Legitimate
455,Health,Collision,Urban,No,No,Yes,35.0,3.0,0,0.8,386068.0,390662.0,0.351,511.64115376513075,Legitimate
456,Health,Medical,Urban,No,No,,59.0,4.8,1,6.9,222150.0,238669.0,0.773,651.9359461230293,Fraudulent
457,Auto,Medical,Suburban,Yes,No,,30.0,9.0,1,9.1,175768.0,207159.0,0.204,690.0693498944476,Legitimate
458,Life,Collision,Urban,Yes,No,,50.0,6.3,1,4.0,8284.0,8090.0,0.166,544.603481446704,Legitimate
459,Health,Medical,Suburban,Yes,No,,26.0,3.7,1,6.6,130414.0,134164.0,0.408,640.9737837432971,Legitimate
460,Auto,Medical,Suburban,Yes,No,,46.0,5.6,1,6.6,190070.0,175760.0,0.191,504.96867929376026,Legitimate
461,Property,Liability,Urban,Yes,No,Yes,34.0,3.0,1,8.0,56406.0,53413.0,0.196,665.8477322502395,Legitimate
462,Property,Collision,Rural,No,No,No,29.0,3.4,0,6.5,27162.0,26197.0,0.471,686.1126303279382,Legitimate
463,Auto,Medical,Urban,Yes,No,,39.0,4.0,1,6.1,85608.0,77345.0,0.284,646.3540955931607,Legitimate
464,Auto,Collision,Suburban,No,No,Yes,41.0,1.7,1,0.6,170711.0,159819.0,0.172,673.9617403430168,Legitimate
465,Health,Theft,Urban,Yes,No,Yes,57.0,1.1,0,8.4,52262.0,48246.0,0.364,621.7887860706511,Legitimate
466,Health,Medical,Suburban,Yes,No,,38.0,4.2,0,2.5,47316.0,43563.0,0.451,608.5794714138424,Legitimate
467,Auto,Collision,Suburban,No,No,No,44.0,5.4,0,4.1,82413.0,78957.0,0.255,748.5453826588647,Legitimate
468,Auto,Collision,Suburban,No,No,No,31.0,2.7,0,14.4,110781.0,102267.0,0.177,552.0657017412019,Legitimate
469,Health,Collision,Rural,Yes,No,No,51.0,3.4,3,10.2,129712.0,119740.0,0.169,725.5535984703614,Legitimate
470,Health,Collision,Rural,No,No,No,50.0,7.1,2,7.1,123515.0,121296.0,0.23,575.9858195015956,Legitimate
471,Property,Collision,Suburban,No,No,No,43.0,13.6,1,2.5,170293.0,179819.0,0.299,393.5089544949301,Legitimate
472,Life,Fire,Rural,No,No,,47.0,2.8,2,6.3,500603.0,495880.0,0.21,555.2100551692654,Legitimate
473,Auto,Collision,Suburban,Yes,No,Yes,37.0,10.2,0,9.4,202742.0,212577.0,0.174,,Legitimate
474,Health,Fire,Suburban,Yes,Yes,No,41.0,4.7,3,6.9,248869.0,223233.0,0.386,,Legitimate
475,Auto,Medical,Suburban,Yes,No,,34.0,1.8,0,2.0,207392.0,211037.0,0.262,,Legitimate
476,Health,Liability,Urban,Yes,Yes,No,50.0,5.5,2,3.4,146172.0,137660.0,0.765,573.6973748968129,Fraudulent
477,Auto,Fire,Urban,Yes,No,No,18.0,2.6,0,4.0,214425.0,251056.0,0.242,562.9280486291134,Legitimate
478,Auto,Liability,Urban,Yes,No,No,41.0,6.8,2,15.4,105208.0,97345.0,0.22,667.1118009680224,Legitimate
479,Health,Medical,Suburban,Yes,No,,41.0,5.7,1,5.2,275308.0,284598.0,0.326,617.4070364335032,Legitimate
480,Auto,Medical,Urban,No,No,,45.0,7.6,2,0.8,87121.0,88920.0,0.197,777.9047585718733,Legitimate
481,Auto,Theft,Rural,No,No,No,35.0,10.9,1,2.2,196193.0,215647.0,0.197,636.981128831914,Legitimate
482,Health,Liability,Urban,Yes,No,Yes,29.0,2.4,2,12.5,69910.0,70537.0,0.179,796.4123026746471,Legitimate
483,Auto,Collision,Rural,Yes,No,Yes,57.0,5.1,0,3.4,98779.0,99546.0,0.452,499.8567677394424,Legitimate
484,Auto,Fire,Urban,No,No,No,57.0,10.5,0,7.0,169199.0,174371.0,0.48,639.628611790928,Legitimate
485,Property,Liability,Suburban,No,No,No,35.0,2.2,0,1.1,244570.0,263241.0,0.387,763.2335312825584,Legitimate
486,Health,Collision,Rural,No,No,No,72.0,2.6,1,4.1,169805.0,163804.0,0.17,644.1165786477881,Legitimate
487,Health,Collision,Urban,Yes,No,Yes,35.0,8.1,0,4.1,70487.0,70853.0,0.27,594.0233850168121,Legitimate
488,Property,Medical,Urban,Yes,No,,35.0,4.9,0,6.5,53732.0,60527.0,0.417,656.6550661922412,Legitimate
489,Auto,Medical,Urban,No,No,,48.0,11.2,0,15.0,352899.0,328644.0,0.346,676.678344289407,Legitimate
490,Life,Fire,Suburban,Yes,No,,58.0,2.5,0,6.2,145071.0,147214.0,0.289,700.4719588855046,Legitimate
491,Health,Medical,Rural,No,No,,65.0,15.2,0,9.4,279628.0,255500.0,0.578,566.1090878469952,Legitimate
492,Health,Collision,Suburban,No,No,Yes,44.0,5.0,1,2.0,73172.0,69408.0,0.207,535.0909665903293,Legitimate
493,Auto,Collision,Rural,No,No,No,27.0,5.9,2,12.1,289514.0,283944.0,0.347,634.397745226159,Legitimate
494,Auto,Collision,Urban,Yes,No,Yes,45.0,2.7,3,3.7,229285.0,203588.0,0.168,530.5864260453557,Legitimate
495,Auto,Collision,Suburban,No,No,Yes,38.0,5.0,0,20.1,241699.0,222330.0,0.277,700.2966169035456,Legitimate
496,Health,Medical,Urban,Yes,No,,42.0,6.2,0,2.8,264537.0,276423.0,0.216,754.7519871616867,Legitimate
497,Property,Theft,Urban,No,No,No,54.0,7.2,2,8.1,154035.0,152320.0,0.566,550.563382436137,Legitimate
498,Life,Medical,Urban,No,No,,55.0,2.9,0,3.8,210509.0,207376.0,0.241,,Legitimate
499,Property,Medical,Urban,Yes,No,,41.0,17.0,3,5.3,23721.0,24623.0,0.325,806.8648927097848,Legitimate
500,Health,Fire,Urban,No,No,Yes,57.0,3.1,1,1.5,418822.0,454897.0,0.398,729.5144940311123,Legitimate
501,Property,Collision,Urban,Yes,No,Yes,22.0,2.9,1,10.8,117472.0,126135.0,0.362,736.5753166565058,Legitimate
502,Health,Collision,Suburban,Yes,No,No,68.0,3.4,0,2.4,329832.0,394593.0,0.338,,Legitimate
503,Auto,Medical,Rural,No,No,,18.0,5.2,0,6.6,27472.0,27654.0,0.478,731.52350684622,Legitimate
504,Property,Collision,Suburban,No,No,Yes,37.0,3.1,0,1.5,130344.0,123078.0,0.233,673.4224388980172,Legitimate
505,Life,Medical,Suburban,Yes,No,,50.0,7.9,1,7.1,104847.0,100878.0,0.462,637.3575538690116,Legitimate
506,Auto,Medical,Rural,Yes,No,,50.0,7.4,0,11.5,249475.0,229355.0,0.27,700.5055385605647,Legitimate
507,Auto,Liability,Suburban,Yes,No,Yes,35.0,15.5,1,7.9,182210.0,178010.0,0.638,521.9286370686086,Legitimate
508,Auto,Collision,Urban,Yes,No,Yes,32.0,3.2,0,8.7,95132.0,86033.0,0.298,592.2935643343965,Legitimate
509,Auto,Theft,Suburban,Yes,No,Yes,44.0,2.6,2,5.2,327905.0,331356.0,0.172,662.9621325725972,Legitimate
510,Property,Fire,Urban,Yes,Yes,No,47.0,6.3,0,1.7,193784.0,214001.0,0.173,682.2125667474866,Legitimate
511,Life,Collision,Urban,No,No,,48.0,1.6,1,4.0,253488.0,228543.0,0.227,,Legitimate
512,Life,Collision,Urban,Yes,No,,55.0,1.6,0,7.6,80272.0,78354.0,0.372,685.6232830788188,Legitimate
513,Property,Medical,Urban,No,No,,46.0,5.4,1,7.1,207210.0,214796.0,0.186,784.3493501794763,Legitimate
514,Auto,Fire,Rural,Yes,No,Yes,51.0,5.9,0,3.2,496009.0,506960.0,0.207,654.5999026135875,Legitimate
515,Health,Medical,Suburban,Yes,Yes,,36.0,4.6,0,1.9,24413.0,25466.0,0.249,713.2506102449561,Legitimate
516,Health,Medical,Rural,Yes,No,,51.0,6.0,1,9.0,156402.0,149348.0,0.418,659.7996957772863,Legitimate
517,Life,Collision,Urban,Yes,No,,59.0,10.2,2,12.8,180030.0,195857.0,0.301,580.1257124165885,Legitimate
518,Auto,Collision,Urban,Yes,No,Yes,41.0,7.0,0,1.2,209344.0,232003.0,0.772,467.38008116987794,Legitimate
519,Auto,Theft,Urban,Yes,No,Yes,18.0,5.4,1,4.4,124210.0,115228.0,0.225,666.5268675824033,Legitimate
520,Property,Liability,Rural,No,No,Yes,49.0,3.8,3,0.9,96683.0,106323.0,0.175,657.5007021559379,Legitimate
521,Property,Medical,Urban,Yes,No,,25.0,12.9,0,8.4,416934.0,355912.0,0.198,719.936715901938,Legitimate
522,Life,Medical,Suburban,No,No,,35.0,7.6,2,3.3,349358.0,309081.0,0.568,574.2975063150008,Legitimate
523,Life,Collision,Urban,No,No,,18.0,1.3,1,3.8,217365.0,226218.0,0.687,742.1511779878297,Legitimate
524,Health,Collision,Urban,Yes,No,No,46.0,7.2,0,2.9,211069.0,206886.0,0.763,568.2482165859203,Legitimate
525,Life,Medical,Suburban,Yes,No,,42.0,8.4,0,6.3,145996.0,136329.0,0.538,589.5670709672207,Legitimate
526,Property,Medical,Suburban,No,No,,42.0,5.9,0,0.7,96892.0,104908.0,0.37,,Legitimate
527,Health,Theft,Urban,Yes,No,Yes,36.0,5.8,0,5.5,182538.0,175218.0,0.269,773.8787038118483,Legitimate
528,Auto,Collision,Urban,Yes,Yes,Yes,56.0,12.8,1,11.1,47177.0,47913.0,0.709,596.8891028611273,Legitimate
529,Health,Medical,Urban,No,No,,24.0,7.0,1,1.9,339052.0,380945.0,0.41,665.3332605632005,Legitimate
530,Property,Theft,Rural,Yes,No,Yes,56.0,2.2,1,0.8,221698.0,223427.0,0.177,643.6116905618027,Legitimate
531,Auto,Fire,Urban,No,No,Yes,58.0,2.3,0,3.6,132281.0,129093.0,0.81,760.2662405763984,Fraudulent
532,Auto,Medical,Suburban,No,No,,35.0,1.0,1,5.1,74244.0,69131.0,0.19,607.2971869035446,Legitimate
533,Property,Collision,Urban,No,No,Yes,33.0,3.3,0,5.0,149112.0,142498.0,0.251,809.3132450961348,Legitimate
534,Life,Medical,Urban,No,No,,34.0,9.2,1,3.9,207567.0,205556.0,0.283,,Legitimate
535,Auto,Collision,Urban,No,No,Yes,43.0,5.5,0,14.4,873168.0,964198.0,0.52,723.6247927021335,Legitimate
536,Health,Liability,Urban,Yes,No,No,46.0,4.3,0,1.1,74281.0,73722.0,0.283,674.9047589579003,Legitimate
537,Auto,Collision,Suburban,No,No,No,36.0,6.0,2,7.6,428296.0,364027.0,0.186,655.4331396068246,Legitimate
538,Property,Collision,Urban,Yes,No,Yes,48.0,7.7,1,10.4,491049.0,465500.0,0.513,492.54622393111146,Legitimate
539,Health,Collision,Rural,No,No,Yes,43.0,1.3,0,3.2,160191.0,162544.0,0.2,582.7959877371266,Legitimate
540,Auto,Theft,Rural,No,No,No,47.0,8.7,2,11.1,282500.0,301440.0,0.408,717.9308251198663,Fraudulent
541,Health,Theft,Suburban,Yes,No,Yes,44.0,0.9,0,2.8,57054.0,54997.0,0.225,622.7813457909702,Legitimate
542,Health,Theft,Urban,Yes,No,No,40.0,3.9,1,6.2,19614.0,18459.0,0.272,,Legitimate
543,Auto,Collision,Urban,No,No,Yes,45.0,8.9,2,4.7,99392.0,103488.0,0.74,565.4404510406624,Legitimate
544,Property,Medical,Rural,Yes,No,,75.0,4.8,3,3.3,90038.0,78747.0,0.614,658.014551999931,Legitimate
545,Health,Collision,Rural,No,No,No,31.0,4.8,2,1.8,192538.0,197004.0,0.326,,Legitimate
546,Property,Medical,Suburban,Yes,No,,21.0,11.3,0,4.6,125801.0,131936.0,0.317,748.801712132111,Legitimate
547,Life,Collision,Rural,Yes,No,,39.0,3.1,0,0.9,110374.0,109051.0,0.542,651.5030866592338,Legitimate
548,Health,Medical,Rural,Yes,No,,37.0,5.7,0,2.5,43219.0,44075.0,0.224,687.3712681201846,Legitimate
549,Property,Theft,Suburban,No,Yes,No,39.0,1.0,0,10.1,169135.0,184025.0,0.629,574.0279143023184,Fraudulent
550,Health,Collision,Urban,Yes,No,No,43.0,0.9,0,8.2,379252.0,362143.0,0.335,533.7072278518845,Legitimate
551,Property,Theft,Rural,Yes,No,No,21.0,15.8,1,4.3,162047.0,147611.0,0.273,557.7631288971445,Legitimate
552,Health,Medical,Urban,Yes,No,,44.0,2.9,1,9.4,61129.0,62621.0,0.573,633.9622598227966,Legitimate
553,Auto,Medical,Urban,Yes,No,,49.0,2.7,1,4.0,134003.0,118086.0,0.268,746.6115531802868,Legitimate
554,Health,Theft,Urban,Yes,No,No,29.0,3.7,0,6.5,91689.0,92900.0,0.253,577.8897296725269,Legitimate
555,Auto,Collision,Urban,Yes,No,Yes,31.0,6.6,3,3.9,88689.0,77188.0,0.197,614.4758088028107,Legitimate
556,Property,Medical,Urban,Yes,No,,32.0,4.1,0,5.8,198477.0,197486.0,0.183,403.4879011000476,Legitimate
557,Health,Medical,Rural,Yes,No,,31.0,5.2,0,7.2,280141.0,299279.0,0.245,605.7191986514705,Legitimate
558,Auto,Medical,Urban,No,Yes,,33.0,2.7,0,7.0,96268.0,97272.0,0.275,,Legitimate
559,Auto,Theft,Urban,Yes,No,No,43.0,2.5,0,3.4,91623.0,96994.0,0.464,504.28590870573566,Legitimate
560,Auto,Collision,Rural,No,No,Yes,46.0,8.0,1,3.2,146616.0,151398.0,0.2,735.024323592431,Legitimate
561,Life,Theft,Urban,Yes,Yes,,39.0,0.9,0,5.5,141816.0,148394.0,0.272,518.5289834864693,Legitimate
562,Life,Theft,Suburban,No,No,,52.0,9.1,0,17.6,192488.0,197941.0,0.172,499.66305251864867,Legitimate
563,Auto,Collision,Suburban,No,No,Yes,60.0,2.0,0,9.0,272565.0,301435.0,0.176,688.1769758270627,Legitimate
564,Property,Collision,Rural,No,No,No,44.0,3.4,2,5.5,67483.0,68023.0,0.237,,Legitimate
565,Auto,Collision,Urban,No,No,Yes,20.0,1.7,3,3.0,164230.0,168124.0,0.821,648.1139276411195,Fraudulent
566,Health,Medical,Suburban,Yes,No,,72.0,5.0,0,5.0,80040.0,81474.0,0.321,683.0823910650221,Legitimate
567,Life,Theft,Urban,No,Yes,,18.0,7.8,1,5.3,33704.0,36532.0,0.571,562.1298329167621,Fraudulent
568,Auto,Medical,Suburban,Yes,No,,37.0,8.2,0,7.7,142737.0,135622.0,0.199,525.1128091241416,Legitimate
569,Life,Liability,Urban,No,No,,42.0,1.3,0,15.1,92517.0,93043.0,0.195,618.2734851335748,Legitimate
570,Life,Medical,Rural,No,Yes,,49.0,6.1,0,1.5,155232.0,163656.0,0.465,659.6198586505095,Legitimate
571,Property,Liability,Urban,Yes,No,No,49.0,3.4,1,5.9,474579.0,481566.0,0.169,580.471223503539,Legitimate
572,Property,Medical,Urban,No,No,,42.0,1.4,3,1.4,61384.0,53474.0,0.223,656.577977081551,Fraudulent
573,Auto,Medical,Rural,No,No,,30.0,2.1,1,8.8,165933.0,169703.0,0.524,594.9447152072448,Legitimate
574,Auto,Theft,Suburban,Yes,No,Yes,46.0,7.1,2,1.6,54143.0,42549.0,0.299,703.6934685344929,Legitimate
575,Auto,Liability,Urban,Yes,No,No,40.0,1.5,1,6.0,111056.0,127261.0,0.172,697.830696769724,Legitimate
576,Life,Liability,Urban,Yes,No,,18.0,3.1,1,7.7,271041.0,226831.0,0.185,750.5628740859761,Legitimate
577,Auto,Theft,Suburban,No,No,Yes,28.0,0.8,1,1.3,169113.0,158476.0,0.179,531.0027182603769,Legitimate
578,Property,Collision,Urban,No,No,Yes,42.0,7.9,6,4.7,333303.0,356909.0,0.234,719.2499654470378,Legitimate
579,Property,Liability,Urban,Yes,No,No,47.0,2.1,0,8.1,166759.0,169227.0,0.288,647.5435212743653,Legitimate
580,Health,Collision,Rural,Yes,No,No,64.0,6.3,1,3.0,31776.0,30157.0,0.282,699.3043787922103,Legitimate
581,Auto,Medical,Rural,Yes,No,,26.0,3.5,2,9.5,100818.0,102808.0,0.21,512.2696733996629,Legitimate
582,Auto,Collision,Suburban,No,No,No,36.0,14.9,1,0.2,301210.0,344887.0,0.449,530.4137042266301,Legitimate
583,Health,Collision,Rural,Yes,No,Yes,52.0,2.3,0,6.0,267814.0,253549.0,0.665,547.4550306269892,Legitimate
584,Property,Medical,Suburban,Yes,No,,53.0,9.7,0,0.6,25871.0,25255.0,0.304,636.1233451077096,Legitimate
585,Auto,Collision,Urban,Yes,No,No,42.0,3.4,2,5.3,167572.0,164867.0,0.477,686.6476508904768,Legitimate
586,Life,Collision,Suburban,Yes,No,,37.0,2.7,1,4.2,414533.0,475418.0,0.22,581.1468850071591,Legitimate
587,Auto,Medical,Urban,Yes,No,,23.0,5.2,2,4.1,139663.0,169893.0,0.217,649.8000703433792,Legitimate
588,Auto,Collision,Urban,Yes,No,No,18.0,2.0,0,4.6,146402.0,166222.0,0.391,,Legitimate
589,Property,Liability,Urban,No,No,No,41.0,2.6,3,7.9,130778.0,148604.0,0.171,509.7397394973465,Legitimate
590,Life,Theft,Suburban,No,No,,49.0,6.5,0,4.3,191144.0,168502.0,0.399,622.570916597165,Legitimate
591,Auto,Fire,Urban,No,No,Yes,72.0,4.8,1,1.9,271500.0,210338.0,0.183,578.1367343869646,Legitimate
592,Health,Collision,Urban,Yes,No,Yes,34.0,5.6,1,11.7,238013.0,228892.0,0.48,766.3479742234479,Legitimate
593,Auto,Collision,Rural,No,No,Yes,22.0,1.2,0,16.4,98667.0,93388.0,0.398,685.0912618887401,Legitimate
594,Property,Medical,Urban,No,No,,51.0,4.1,1,6.1,109291.0,109554.0,0.185,588.8720205140813,Legitimate
595,Life,Fire,Suburban,Yes,No,,38.0,3.0,1,15.2,88000.0,87676.0,0.471,540.9727829669823,Legitimate
596,Auto,Collision,Urban,No,No,No,21.0,0.4,1,2.9,49046.0,50299.0,0.56,660.0107933478503,Legitimate
597,Auto,Medical,Suburban,Yes,No,,44.0,3.6,1,4.0,180165.0,200723.0,0.207,655.1970493530964,Legitimate
598,Property,Medical,Rural,No,No,,34.0,1.6,0,2.6,216762.0,219973.0,0.19,723.3535792341689,Legitimate
599,Auto,Theft,Suburban,Yes,No,Yes,49.0,2.6,0,2.2,260591.0,276335.0,0.197,673.612836346375,Legitimate
600,Auto,Liability,Urban,Yes,No,No,40.0,2.5,0,10.8,73135.0,75842.0,0.184,633.9863926524125,Legitimate
601,Health,Liability,Suburban,No,No,No,55.0,11.1,2,9.4,182640.0,185935.0,0.386,517.2678329379062,Legitimate
602,Auto,Liability,Urban,Yes,No,Yes,40.0,2.9,1,4.6,47750.0,45119.0,0.368,622.7057938235238,Legitimate
603,Property,Liability,Urban,Yes,No,Yes,64.0,4.3,0,8.2,371329.0,382469.0,0.247,765.0496705045138,Legitimate
604,Auto,Liability,Urban,No,Yes,No,19.0,2.0,0,6.2,63196.0,63582.0,0.19,701.4143777115343,Legitimate
605,Property,Liability,Rural,No,No,Yes,48.0,1.8,1,4.1,170526.0,138189.0,0.462,623.6584442235435,Legitimate
606,Health,Medical,Rural,No,No,,32.0,6.9,1,5.8,160843.0,146786.0,0.238,795.2003446981332,Legitimate
607,Health,Theft,Urban,Yes,No,No,59.0,5.8,0,7.2,296155.0,313198.0,0.214,646.1703291420044,Legitimate
608,Auto,Medical,Suburban,No,No,,62.0,8.7,0,4.8,285930.0,307594.0,0.178,432.8941804146134,Legitimate
609,Auto,Medical,Suburban,No,No,,40.0,2.0,0,4.0,30707.0,27471.0,0.485,464.1950932063105,Legitimate
610,Property,Collision,Suburban,Yes,No,Yes,32.0,5.8,0,1.2,156207.0,158479.0,0.191,438.06034820716,Legitimate
611,Property,Medical,Urban,Yes,No,,36.0,8.2,1,2.2,455305.0,442579.0,0.26,609.3372879641829,Legitimate
612,Property,Theft,Rural,No,Yes,No,58.0,5.9,1,5.3,285925.0,265233.0,0.368,591.1669697199318,Fraudulent
613,Health,Collision,Rural,No,No,No,20.0,7.0,2,4.3,171385.0,180308.0,0.346,656.8167516935149,Legitimate
614,Auto,Collision,Urban,No,No,Yes,31.0,1.9,1,1.1,101266.0,99392.0,0.238,824.4130812577299,Legitimate
615,Auto,Theft,Suburban,Yes,No,Yes,37.0,8.9,1,9.3,643836.0,709380.0,0.767,570.1461465066362,Legitimate
616,Property,Medical,Rural,Yes,No,,18.0,5.1,1,12.9,97662.0,97056.0,0.212,693.1258805628337,Legitimate
617,Property,Medical,Rural,Yes,No,,25.0,12.5,0,7.8,144894.0,138096.0,0.698,587.6386594397974,Legitimate
618,Life,Theft,Urban,No,No,,39.0,3.4,1,4.6,250599.0,261431.0,0.437,655.7081994925795,Legitimate
619,Auto,Theft,Rural,No,No,Yes,26.0,2.5,2,1.4,123396.0,108683.0,0.198,757.2322647816025,Legitimate
620,Health,Theft,Urban,Yes,No,No,18.0,1.8,1,4.5,90011.0,83360.0,0.189,690.6754585313291,Legitimate
621,Health,Theft,Suburban,Yes,No,Yes,42.0,9.2,0,4.0,128502.0,122922.0,0.202,752.3480430920919,Legitimate
622,Life,Medical,Suburban,Yes,No,,25.0,12.7,0,0.9,30302.0,24398.0,0.171,516.961811581271,Legitimate
623,Auto,Liability,Suburban,No,No,Yes,48.0,4.1,1,1.9,401771.0,367193.0,0.654,572.6014110986843,Legitimate
624,Auto,Liability,Suburban,No,No,No,47.0,7.1,1,6.4,185391.0,196065.0,0.273,675.3308888076076,Legitimate
625,Auto,Collision,Suburban,Yes,No,Yes,81.0,4.3,0,4.6,66835.0,67464.0,0.736,591.5281011465632,Legitimate
626,Health,Medical,Urban,No,Yes,,40.0,7.2,3,2.2,88838.0,84909.0,0.766,589.5528852249475,Fraudulent
627,Auto,Theft,Rural,Yes,No,Yes,37.0,1.1,1,7.8,57805.0,54417.0,0.284,720.9900029912694,Legitimate
628,Life,Theft,Urban,Yes,No,,39.0,3.8,1,3.0,28242.0,28695.0,0.41,493.27241866650536,Legitimate
629,Auto,Liability,Urban,Yes,No,Yes,56.0,4.2,2,7.0,417702.0,453167.0,0.205,617.0375690725191,Legitimate
630,Health,Theft,Urban,No,No,Yes,45.0,5.2,0,4.5,43556.0,42798.0,0.223,744.1441734320258,Legitimate
631,Property,Collision,Suburban,Yes,No,No,47.0,6.2,1,10.7,40265.0,43751.0,0.194,358.6781352159801,Legitimate
632,Life,Collision,Urban,No,No,,44.0,4.7,0,3.8,135925.0,149103.0,0.264,666.1160991901663,Legitimate
633,Property,Theft,Urban,Yes,No,No,46.0,3.7,2,8.8,86166.0,86943.0,0.783,523.3550497518523,Fraudulent
634,Property,Theft,Urban,Yes,No,Yes,34.0,13.8,0,1.9,101631.0,93004.0,0.372,567.5043566770286,Legitimate
635,Auto,Fire,Urban,Yes,No,Yes,47.0,3.2,2,1.3,96966.0,101552.0,0.532,619.6460919075953,Legitimate
636,Auto,Liability,Rural,Yes,Yes,Yes,29.0,7.2,0,7.3,160362.0,145637.0,0.339,705.9253607168768,Legitimate
637,Health,Medical,Urban,Yes,No,,46.0,4.2,2,3.5,87678.0,92236.0,0.204,754.6815644816397,Legitimate
638,Auto,Liability,Rural,Yes,No,No,45.0,4.0,3,3.4,307693.0,284222.0,0.422,653.2014774758968,Legitimate
639,Health,Fire,Rural,Yes,No,Yes,27.0,5.9,2,0.9,165188.0,182251.0,0.206,695.3612132605433,Legitimate
640,Property,Theft,Suburban,No,No,Yes,54.0,8.4,1,10.8,117953.0,107774.0,0.18,626.8423210101207,Legitimate
641,Health,Fire,Urban,No,No,No,53.0,6.5,0,2.4,53357.0,50310.0,0.386,672.5976161390116,Legitimate
642,Life,Medical,Urban,Yes,No,,51.0,4.4,2,8.6,155624.0,162951.0,0.328,708.3646802136568,Legitimate
643,Life,Medical,Suburban,Yes,No,,32.0,2.1,0,6.0,349909.0,354465.0,0.34,651.9601488026685,Legitimate
644,Property,Collision,Rural,No,No,No,35.0,2.5,1,8.3,140261.0,131682.0,0.22,,Legitimate
645,Auto,Theft,Urban,Yes,No,Yes,44.0,2.7,3,3.0,125170.0,111533.0,0.551,701.4013822815647,Legitimate
646,Auto,Collision,Suburban,No,No,No,36.0,24.0,2,6.8,277749.0,259026.0,0.295,517.2503447766794,Legitimate
647,Life,Theft,Suburban,Yes,No,,43.0,2.1,1,8.8,251349.0,253628.0,0.331,693.0707446018819,Legitimate
648,Life,Collision,Urban,Yes,No,,34.0,1.7,0,5.4,204883.0,194845.0,0.474,645.4191737055266,Legitimate
649,Health,Theft,Suburban,Yes,No,No,33.0,2.8,0,2.5,436319.0,435777.0,0.183,665.0015275092843,Legitimate
650,Property,Theft,Urban,Yes,No,Yes,44.0,3.3,1,2.1,103658.0,108111.0,0.337,798.1269838730533,Legitimate
651,Health,Collision,Rural,No,No,No,40.0,4.6,6,5.1,211481.0,228439.0,0.625,640.2475354924201,Legitimate
652,Health,Theft,Rural,No,No,Yes,35.0,6.2,0,5.3,67621.0,62799.0,0.332,824.3312612257197,Legitimate
653,Auto,Collision,Urban,No,No,No,22.0,3.2,0,11.9,70109.0,71509.0,0.297,585.1229343644795,Legitimate
654,Auto,Theft,Rural,Yes,No,Yes,29.0,13.2,0,2.5,87946.0,91501.0,0.528,645.0601574262826,Legitimate
655,Auto,Theft,Suburban,No,No,No,52.0,6.5,0,1.9,341334.0,382933.0,0.189,576.7207144111885,Legitimate
656,Auto,Medical,Urban,No,No,,31.0,8.0,2,4.3,38800.0,37264.0,0.539,593.5215230942488,Legitimate
657,Health,Theft,Rural,No,No,No,42.0,2.0,0,6.9,137419.0,124361.0,0.213,608.724569640979,Legitimate
658,Auto,Collision,Urban,No,No,No,35.0,1.2,1,6.8,261970.0,246541.0,0.705,581.9796733548496,Legitimate
659,Health,Collision,Rural,Yes,No,No,53.0,4.9,0,3.6,57342.0,61277.0,0.578,716.8958132197785,Legitimate
660,Auto,Medical,Urban,Yes,No,,60.0,18.8,1,0.4,146562.0,147842.0,0.226,751.9699826828534,Legitimate
661,Life,Medical,Rural,No,No,,37.0,1.3,0,10.0,87558.0,97820.0,0.173,452.19206776856316,Legitimate
662,Auto,Theft,Urban,Yes,No,Yes,47.0,12.6,2,2.4,154682.0,144761.0,0.404,656.2815789826626,Legitimate
663,Auto,Collision,Suburban,Yes,No,No,25.0,3.4,2,3.3,203326.0,198133.0,0.333,,Legitimate
664,Health,Collision,Suburban,No,No,Yes,21.0,4.6,1,2.8,159140.0,171256.0,0.177,758.7551918997841,Legitimate
665,Auto,Fire,Rural,Yes,No,No,28.0,6.8,4,15.5,131585.0,116829.0,0.232,735.0420977496702,Legitimate
666,Auto,Collision,Suburban,No,No,No,18.0,3.8,2,4.5,220484.0,242685.0,0.183,768.5651897162762,Legitimate
667,Auto,Collision,Rural,Yes,No,Yes,36.0,15.3,0,4.2,224449.0,234718.0,0.424,728.5232010782294,Legitimate
668,Auto,Liability,Urban,No,No,No,26.0,8.7,0,2.5,404256.0,415388.0,0.241,,Legitimate
669,Health,Collision,Suburban,No,No,Yes,25.0,9.2,2,3.1,63041.0,70228.0,0.234,691.7080617219129,Legitimate
670,Life,Collision,Rural,No,No,,34.0,3.6,2,1.5,247870.0,245143.0,0.19,584.235072917973,Legitimate
671,Property,Fire,Suburban,No,No,Yes,42.0,4.6,0,6.0,76665.0,69047.0,0.206,765.2057911266622,Legitimate
672,Health,Medical,Suburban,Yes,No,,35.0,5.0,1,3.6,119746.0,119040.0,0.233,,Legitimate
673,Health,Liability,Urban,No,No,No,38.0,5.3,1,1.5,71618.0,66012.0,0.258,714.7350298957841,Legitimate
674,Auto,Theft,Urban,Yes,No,Yes,52.0,10.8,0,4.3,95741.0,96406.0,0.203,604.1092802211182,Legitimate
675,Property,Fire,Suburban,No,No,Yes,46.0,7.5,1,2.5,232432.0,227299.0,0.445,529.1256194676195,Legitimate
676,Auto,Theft,Suburban,Yes,No,No,41.0,4.5,0,6.6,34311.0,35055.0,0.444,707.2811894759641,Legitimate
677,Auto,Collision,Rural,Yes,No,No,30.0,5.1,0,0.7,155292.0,151486.0,0.81,635.22992616671,Legitimate
678,Life,Collision,Suburban,Yes,No,,18.0,7.1,3,2.4,85838.0,87448.0,0.247,770.4301165346557,Legitimate
679,Health,Collision,Urban,No,No,Yes,59.0,2.0,2,2.1,129910.0,146573.0,0.193,777.4605305843834,Legitimate
680,Health,Medical,Urban,Yes,No,,42.0,13.2,1,1.0,263301.0,267026.0,0.404,641.3866025429154,Legitimate
681,Property,Collision,Suburban,Yes,No,No,57.0,3.9,1,2.9,191577.0,188097.0,0.242,600.1982555895906,Legitimate
682,Auto,Fire,Suburban,No,No,No,51.0,23.9,0,2.9,108510.0,111103.0,0.286,797.6087796066755,Legitimate
683,Auto,Medical,Urban,No,No,,23.0,10.1,0,17.9,326638.0,324809.0,0.402,633.0281789711028,Legitimate
684,Auto,Collision,Suburban,No,Yes,No,54.0,4.3,1,5.7,151752.0,179537.0,0.186,693.5374139738333,Legitimate
685,Auto,Fire,Suburban,No,No,Yes,19.0,4.6,1,6.7,557596.0,653316.0,0.18,582.0479036644841,Legitimate
686,Property,Theft,Urban,Yes,No,No,38.0,4.4,0,2.2,66201.0,59426.0,0.396,688.3389821273154,Legitimate
687,Auto,Collision,Rural,No,No,No,37.0,16.3,1,5.2,336741.0,349983.0,0.183,,Legitimate
688,Auto,Theft,Suburban,Yes,No,No,18.0,4.5,1,3.8,287373.0,274797.0,0.173,504.81233053113016,Legitimate
689,Auto,Theft,Urban,Yes,No,Yes,44.0,4.2,4,6.2,46477.0,47466.0,0.172,609.9552369190872,Legitimate
690,Property,Medical,Urban,Yes,Yes,,18.0,2.0,3,7.2,128089.0,151459.0,0.456,660.2504386926084,Legitimate
691,Auto,Liability,Rural,Yes,No,Yes,46.0,1.8,0,6.4,127156.0,129740.0,0.83,639.7293667739099,Legitimate
692,Property,Medical,Urban,Yes,No,,43.0,1.6,2,3.1,38415.0,40078.0,0.459,666.6240548342068,Legitimate
693,Health,Liability,Suburban,No,No,Yes,41.0,8.2,0,0.3,122611.0,126061.0,0.249,664.0784235055924,Legitimate
694,Auto,Theft,Rural,Yes,No,No,27.0,2.9,1,2.7,142880.0,144945.0,0.522,646.4205929477733,Legitimate
695,Auto,Theft,Rural,Yes,No,Yes,43.0,0.8,1,1.4,14473.0,14647.0,0.183,772.2530224084812,Legitimate
696,Auto,Collision,Suburban,Yes,No,Yes,64.0,2.8,0,3.6,53041.0,56800.0,0.347,547.9258905375599,Legitimate
697,Auto,Medical,Suburban,No,No,,52.0,2.3,0,1.9,139952.0,131030.0,0.334,656.9626663883803,Legitimate
698,Life,Theft,Suburban,Yes,No,,50.0,2.6,1,10.8,201686.0,206514.0,0.232,692.8997605968545,Legitimate
699,Property,Theft,Urban,No,No,Yes,40.0,4.3,2,0.9,192158.0,208263.0,0.227,538.1535260456451,Fraudulent
700,Auto,Fire,Rural,No,No,No,29.0,4.1,0,2.2,59899.0,57481.0,0.359,687.180963598795,Legitimate
701,Health,Collision,Urban,No,No,Yes,73.0,6.2,0,3.0,188532.0,163510.0,0.278,656.0584496522158,Legitimate
702,Life,Collision,Urban,Yes,No,,61.0,1.0,0,4.6,138428.0,117787.0,0.405,535.1546898663328,Legitimate
703,Auto,Theft,Rural,Yes,No,No,57.0,0.5,0,1.7,273244.0,286021.0,0.176,720.6504184725512,Legitimate
704,Auto,Medical,Urban,No,Yes,,46.0,2.9,0,4.1,222144.0,243720.0,0.184,626.8671147541065,Legitimate
705,Health,Theft,Rural,No,No,Yes,38.0,8.3,0,9.0,126972.0,135849.0,0.228,685.0591985500487,Legitimate
706,Property,Liability,Suburban,No,No,Yes,32.0,6.5,1,1.6,185422.0,164972.0,0.191,709.0320254049361,Legitimate
707,Auto,Fire,Suburban,No,No,Yes,21.0,6.6,1,5.4,70405.0,78547.0,0.563,625.2463094571755,Legitimate
708,Property,Medical,Suburban,Yes,No,,30.0,4.5,1,7.7,192808.0,208414.0,0.388,635.7101016949218,Legitimate
709,Life,Theft,Suburban,Yes,No,,53.0,4.0,0,1.9,191296.0,224665.0,0.292,575.3353810961303,Legitimate
710,Property,Collision,Urban,No,No,No,28.0,7.3,1,2.7,55756.0,58432.0,0.214,667.4444639186809,Legitimate
711,Health,Medical,Urban,No,Yes,,41.0,5.8,0,4.2,99843.0,100781.0,0.36,850.0,Legitimate
712,Health,Medical,Urban,Yes,No,,32.0,6.5,1,8.9,155129.0,160374.0,0.263,661.4204300577807,Legitimate
713,Auto,Medical,Rural,No,No,,18.0,3.3,1,0.3,443598.0,439868.0,0.167,629.0272432846198,Legitimate
714,Auto,Collision,Urban,Yes,No,Yes,47.0,3.5,1,4.5,30245.0,31094.0,0.182,597.6301923511645,Legitimate
715,Health,Fire,Urban,Yes,No,Yes,42.0,4.4,1,10.1,304369.0,261964.0,0.428,694.9186299990623,Legitimate
716,Health,Theft,Urban,No,No,Yes,56.0,1.8,0,6.9,331013.0,369323.0,0.169,753.5121258725094,Legitimate
717,Health,Collision,Suburban,Yes,No,No,36.0,3.5,2,2.6,537193.0,507447.0,0.246,458.433922816631,Legitimate
718,Life,Fire,Urban,No,No,,52.0,7.0,2,3.1,198282.0,201604.0,0.328,626.4673185843488,Legitimate
719,Life,Medical,Urban,Yes,No,,34.0,1.6,0,10.5,185656.0,199478.0,0.407,607.4952181700195,Legitimate
720,Health,Collision,Urban,No,No,Yes,42.0,1.8,1,5.6,139532.0,150573.0,0.427,695.8527026913744,Legitimate
721,Health,Liability,Urban,No,No,Yes,18.0,2.6,0,2.9,146924.0,145283.0,0.168,718.7905136926985,Legitimate
722,Life,Liability,Urban,Yes,No,,36.0,1.6,1,2.0,121032.0,133878.0,0.424,619.536267646861,Legitimate
723,Property,Medical,Rural,No,No,,27.0,10.0,3,17.3,65265.0,68857.0,0.638,611.4324225847224,Fraudulent
724,Health,Medical,Rural,Yes,No,,55.0,8.3,1,6.4,414697.0,396488.0,0.184,682.0103757541538,Legitimate
725,Health,Medical,Suburban,Yes,No,,46.0,2.3,2,4.5,239569.0,228356.0,0.175,575.7796234162963,Legitimate
726,Property,Medical,Urban,Yes,No,,44.0,1.6,0,11.1,132997.0,125966.0,0.258,560.1915798868574,Legitimate
727,Health,Theft,Rural,Yes,No,Yes,35.0,1.6,1,10.9,120615.0,122497.0,0.756,618.5392025592707,Legitimate
728,Property,Medical,Suburban,Yes,No,,37.0,4.2,0,5.3,389936.0,351926.0,0.323,672.3752029951028,Legitimate
729,Property,Collision,Urban,No,No,Yes,46.0,4.9,1,11.6,21700.0,19901.0,0.189,501.191033977846,Legitimate
730,Life,Theft,Urban,No,No,,58.0,4.3,0,8.9,185851.0,188836.0,0.186,618.2854801938429,Legitimate
731,Property,Medical,Suburban,Yes,No,,18.0,10.3,0,2.8,93261.0,83513.0,0.418,499.91081376658263,Legitimate
732,Auto,Liability,Rural,Yes,Yes,No,44.0,9.4,0,5.9,125041.0,122224.0,0.541,666.923042286976,Legitimate
733,Health,Theft,Urban,Yes,Yes,Yes,32.0,4.3,0,3.8,233248.0,204902.0,0.421,643.8826786773542,Legitimate
734,Auto,Medical,Suburban,No,No,,18.0,4.3,1,1.8,210330.0,199075.0,0.787,660.2826383913359,Legitimate
735,Life,Theft,Urban,Yes,No,,48.0,1.9,0,3.2,114480.0,110499.0,0.503,712.0628509041458,Legitimate
736,Auto,Collision,Rural,Yes,No,No,34.0,3.8,0,8.9,176926.0,165870.0,0.817,655.6647790440868,Legitimate
737,Auto,Medical,Urban,Yes,No,,57.0,0.7,0,12.0,104523.0,93444.0,0.171,706.3242920539777,Legitimate
738,Auto,Fire,Urban,Yes,No,No,18.0,6.1,1,4.0,88653.0,82877.0,0.332,597.492145196438,Legitimate
739,Auto,Fire,Urban,No,No,No,57.0,4.6,0,5.0,516892.0,537074.0,0.65,549.0471340053268,Legitimate
740,Health,Liability,Urban,No,No,Yes,34.0,8.7,2,2.6,31710.0,29615.0,0.184,492.5084791928134,Legitimate
741,Auto,Theft,Rural,Yes,Yes,No,34.0,8.5,0,2.5,117825.0,108763.0,0.178,672.3735321183277,Legitimate
742,Auto,Medical,Urban,Yes,No,,18.0,5.0,1,13.0,73985.0,61581.0,0.447,720.0640671909243,Legitimate
743,Auto,Medical,Urban,Yes,No,,26.0,7.5,2,3.0,84777.0,77506.0,0.199,850.0,Legitimate
744,Health,Liability,Suburban,No,No,Yes,48.0,4.6,1,5.9,399840.0,434615.0,0.303,629.9956486511062,Legitimate
745,Property,Liability,Rural,Yes,No,No,51.0,9.3,0,13.9,355537.0,341759.0,0.356,757.1888691849475,Legitimate
746,Auto,Fire,Urban,Yes,No,Yes,33.0,4.3,3,5.7,178363.0,215258.0,0.332,640.6568777505055,Legitimate
747,Health,Collision,Suburban,Yes,No,No,48.0,2.2,3,9.8,356016.0,374690.0,0.634,618.8925281957833,Fraudulent
748,Auto,Medical,Rural,Yes,No,,65.0,6.5,0,3.3,143220.0,151830.0,0.226,783.2851006127373,Legitimate
749,Health,Collision,Urban,Yes,No,No,51.0,3.1,0,5.9,147328.0,123537.0,0.283,630.6395555920013,Legitimate
750,Health,Theft,Suburban,No,No,No,33.0,5.4,1,2.6,117771.0,116830.0,0.523,523.7393573082477,Legitimate
751,Auto,Collision,Rural,No,No,No,47.0,3.8,1,8.9,466571.0,504207.0,0.349,598.407583097356,Legitimate
752,Auto,Collision,Suburban,Yes,No,Yes,35.0,2.9,0,1.6,117854.0,99290.0,0.182,680.9790622580899,Legitimate
753,Auto,Liability,Suburban,No,No,Yes,59.0,3.3,1,13.3,229770.0,212994.0,0.235,611.5647541916588,Legitimate
754,Health,Theft,Urban,No,No,Yes,26.0,3.0,0,1.0,322303.0,347967.0,0.248,716.8265231155204,Legitimate
755,Health,Medical,Rural,Yes,No,,32.0,5.7,0,3.4,167142.0,175616.0,0.223,687.4672963487513,Legitimate
756,Auto,Theft,Urban,Yes,No,No,46.0,5.2,2,2.5,213382.0,231401.0,0.301,550.7977040603419,Legitimate
757,Property,Collision,Suburban,Yes,No,No,52.0,6.2,0,9.3,62765.0,56484.0,0.264,570.4885359900925,Legitimate
758,Auto,Collision,Urban,Yes,No,Yes,46.0,4.9,3,5.6,87771.0,85745.0,0.378,660.1449604963321,Legitimate
759,Life,Theft,Suburban,No,No,,18.0,2.3,0,2.3,116006.0,101859.0,0.279,644.9693048458553,Legitimate
760,Auto,Medical,Urban,No,No,,51.0,2.4,2,4.2,104924.0,99980.0,0.796,643.7915207846657,Fraudulent
761,Health,Collision,Suburban,No,No,No,46.0,6.5,1,2.0,68743.0,67214.0,0.229,645.5020416374919,Legitimate
762,Life,Collision,Suburban,Yes,No,,37.0,2.5,0,7.1,97209.0,97813.0,0.231,683.0061348559021,Legitimate
763,Property,Collision,Urban,No,No,No,56.0,22.8,0,12.5,33452.0,36939.0,0.318,718.0396356116943,Legitimate
764,Health,Medical,Urban,Yes,No,,34.0,6.9,0,4.4,158901.0,141234.0,0.341,732.0446744366747,Legitimate
765,Property,Theft,Suburban,No,No,Yes,42.0,4.2,1,2.9,160419.0,182540.0,0.288,707.0872979939599,Legitimate
766,Property,Medical,Suburban,No,No,,38.0,1.6,0,11.5,35498.0,34423.0,0.384,,Legitimate
767,Life,Medical,Suburban,No,No,,45.0,3.6,1,12.5,286743.0,299843.0,0.26,604.8471907311598,Legitimate
768,Property,Fire,Rural,Yes,No,Yes,40.0,5.7,0,2.6,165487.0,150977.0,0.415,637.266834084693,Legitimate
769,Property,Theft,Suburban,Yes,No,Yes,28.0,7.6,0,4.5,385119.0,386519.0,0.253,546.8078788251678,Legitimate
770,Life,Medical,Rural,Yes,No,,45.0,2.1,0,8.4,543148.0,411589.0,0.471,762.7155518214852,Legitimate
771,Life,Theft,Urban,No,No,,50.0,9.2,0,5.3,207841.0,208359.0,0.623,707.0267941932262,Legitimate
772,Health,Fire,Suburban,No,Yes,Yes,22.0,3.5,0,0.4,292606.0,283729.0,0.185,,Legitimate
773,Life,Collision,Urban,Yes,Yes,,39.0,3.0,0,3.9,121331.0,119916.0,0.367,718.755056629455,Legitimate
774,Health,Fire,Rural,No,No,Yes,19.0,0.9,1,6.6,402721.0,393900.0,0.339,708.2058009642304,Legitimate
775,Property,Medical,Rural,No,No,,64.0,4.8,0,1.8,60889.0,60746.0,0.182,695.519150561753,Legitimate
776,Health,Liability,Rural,Yes,No,Yes,60.0,3.2,1,0.9,56005.0,47938.0,0.236,649.9375293057763,Legitimate
777,Auto,Medical,Suburban,Yes,Yes,,41.0,5.6,1,1.5,516953.0,519389.0,0.255,651.8202003916981,Legitimate
778,Property,Liability,Rural,No,No,No,52.0,1.3,2,2.1,188311.0,187816.0,0.29,712.906703443616,Legitimate
779,Auto,Liability,Suburban,Yes,No,Yes,51.0,2.2,1,11.4,364094.0,381453.0,0.18,674.3553017944705,Legitimate
780,Health,Theft,Suburban,Yes,No,Yes,18.0,4.7,0,6.2,53446.0,48305.0,0.188,585.5692963430339,Legitimate
781,Health,Liability,Suburban,No,No,No,40.0,17.7,0,1.7,180926.0,181974.0,0.246,641.068659273454,Legitimate
782,Property,Collision,Suburban,No,Yes,Yes,67.0,12.8,0,1.3,282910.0,267947.0,0.264,639.1081265101269,Legitimate
783,Property,Liability,Urban,Yes,No,Yes,41.0,9.3,0,4.7,80616.0,79861.0,0.467,645.9056289464395,Legitimate
784,Auto,Liability,Rural,Yes,No,No,18.0,17.6,2,1.4,43792.0,37949.0,0.206,583.3082344247758,Legitimate
785,Life,Liability,Urban,No,No,,66.0,15.4,1,4.8,140394.0,136775.0,0.205,557.468462300522,Legitimate
786,Life,Liability,Urban,Yes,No,,18.0,4.0,0,6.5,313228.0,303776.0,0.227,,Legitimate
787,Health,Collision,Rural,Yes,No,Yes,56.0,3.7,0,6.2,349434.0,336896.0,0.344,599.8007878189567,Legitimate
788,Auto,Medical,Urban,No,No,,31.0,5.1,3,8.5,130617.0,136792.0,0.552,597.5410982042431,Fraudulent
789,Auto,Fire,Suburban,Yes,No,Yes,33.0,7.9,0,4.5,57045.0,55370.0,0.26,532.3133275431366,Legitimate
790,Life,Collision,Urban,Yes,Yes,,39.0,8.7,1,9.4,38771.0,39528.0,0.471,760.9917434368735,Legitimate
791,Health,Theft,Urban,Yes,No,Yes,36.0,3.7,0,6.8,188296.0,193677.0,0.76,656.5517145179809,Legitimate
792,Property,Liability,Rural,Yes,No,Yes,29.0,8.4,1,1.7,43397.0,43410.0,0.241,711.7523165991171,Legitimate
793,Health,Theft,Urban,Yes,No,No,49.0,4.6,1,1.1,171400.0,207350.0,0.261,747.2862932206434,Legitimate
794,Health,Collision,Urban,Yes,No,No,37.0,3.8,0,0.3,224674.0,222112.0,0.238,611.1495111935617,Legitimate
795,Life,Theft,Urban,No,No,,24.0,7.7,2,11.2,322717.0,349093.0,0.445,801.2010599069872,Legitimate
796,Auto,Liability,Urban,Yes,No,Yes,27.0,9.2,1,1.6,67228.0,67326.0,0.17,531.1277571094654,Legitimate
797,Auto,Theft,Suburban,No,No,No,64.0,3.9,0,5.6,132882.0,134586.0,0.328,538.8527458811166,Legitimate
798,Property,Fire,Urban,Yes,No,Yes,38.0,8.3,3,4.4,198538.0,235890.0,0.339,645.2738772382943,Legitimate
799,Property,Medical,Rural,Yes,No,,46.0,3.0,1,7.7,88828.0,88098.0,0.629,538.6104136132793,Legitimate
800,Life,Medical,Urban,No,No,,33.0,20.7,3,3.9,411452.0,393842.0,0.253,577.5162521633574,Legitimate
801,Health,Liability,Urban,No,No,No,63.0,11.6,1,6.7,238935.0,227365.0,0.204,723.0718074436771,Legitimate
802,Auto,Collision,Suburban,No,No,Yes,63.0,7.4,1,6.3,219432.0,217285.0,0.206,669.3351537042387,Legitimate
803,Auto,Liability,Rural,No,No,Yes,18.0,1.7,0,15.5,83722.0,95441.0,0.301,602.1058012734725,Legitimate
804,Auto,Collision,Suburban,Yes,No,Yes,37.0,5.2,1,9.7,175571.0,156029.0,0.308,742.8800757617948,Legitimate
805,Health,Medical,Urban,No,No,,50.0,2.0,1,1.0,99894.0,97465.0,0.205,608.1924338639303,Legitimate
806,Auto,Liability,Rural,Yes,No,Yes,39.0,7.3,2,12.5,477581.0,478314.0,0.168,520.4884831223462,Legitimate
807,Auto,Medical,Urban,Yes,No,,32.0,7.5,0,0.8,181486.0,193953.0,0.376,655.7438888136471,Legitimate
808,Health,Liability,Urban,Yes,No,Yes,53.0,6.7,0,10.5,154325.0,166084.0,0.368,675.5906142095606,Legitimate
809,Auto,Theft,Urban,Yes,No,No,64.0,6.2,1,8.7,233018.0,232373.0,0.285,670.9543514052533,Legitimate
810,Health,Collision,Urban,No,No,No,24.0,0.5,0,3.7,41236.0,40984.0,0.28,651.6345771420883,Legitimate
811,Life,Liability,Urban,Yes,No,,41.0,7.2,0,3.0,162197.0,180125.0,0.29,803.2579389659301,Legitimate
812,Life,Liability,Urban,Yes,No,,30.0,3.4,1,2.0,228077.0,230759.0,0.424,761.8749210188228,Legitimate
813,Life,Medical,Suburban,Yes,Yes,,31.0,8.8,0,3.0,119997.0,121255.0,0.43,760.2891458971155,Legitimate
814,Health,Medical,Rural,Yes,Yes,,27.0,4.6,1,1.3,406986.0,415631.0,0.197,715.572766003033,Legitimate
815,Auto,Medical,Suburban,Yes,No,,18.0,5.5,0,5.3,251888.0,252721.0,0.257,711.1088490248854,Legitimate
816,Health,Theft,Suburban,Yes,No,Yes,32.0,2.2,0,6.2,455738.0,437337.0,0.244,530.7588947345545,Legitimate
817,Auto,Liability,Urban,Yes,No,No,47.0,1.7,1,7.3,137706.0,151200.0,0.182,572.3248271565105,Legitimate
818,Auto,Medical,Urban,No,No,,39.0,11.7,1,4.0,73760.0,77831.0,0.177,630.2702885950745,Legitimate
819,Health,Medical,Suburban,No,Yes,,18.0,7.5,0,2.4,200594.0,211341.0,0.291,622.7657440268431,Legitimate
820,Life,Medical,Suburban,No,No,,60.0,4.4,1,7.0,149004.0,155680.0,0.246,667.9702512696488,Legitimate
821,Auto,Collision,Rural,Yes,No,Yes,27.0,2.3,1,5.5,408385.0,408840.0,0.487,452.05949081727397,Legitimate
822,Auto,Theft,Urban,No,No,Yes,48.0,1.8,2,4.7,152611.0,175090.0,0.193,744.3461889910764,Legitimate
823,Auto,Medical,Rural,No,No,,42.0,5.0,0,4.6,153267.0,152930.0,0.549,780.4639663834657,Legitimate
824,Health,Fire,Urban,No,No,Yes,39.0,6.6,0,7.6,138911.0,151553.0,0.451,776.6779494819772,Legitimate
825,Auto,Fire,Urban,No,No,Yes,47.0,4.8,0,8.8,649739.0,610069.0,0.367,648.5492573427024,Legitimate
826,Auto,Theft,Rural,No,No,Yes,18.0,3.4,0,4.9,38977.0,35949.0,0.228,508.98569925347283,Legitimate
827,Auto,Collision,Urban,No,No,Yes,27.0,3.8,2,3.1,145787.0,151099.0,0.206,558.4592004505367,Legitimate
828,Auto,Medical,Urban,Yes,No,,27.0,15.6,1,0.8,374602.0,329211.0,0.21,564.5700819022906,Legitimate
829,Life,Collision,Rural,No,No,,48.0,1.6,1,10.7,109457.0,88698.0,0.743,788.2364556165096,Legitimate
830,Health,Liability,Rural,No,No,Yes,33.0,11.4,0,9.8,437819.0,424403.0,0.803,686.033147409498,Fraudulent
831,Auto,Medical,Urban,Yes,No,,48.0,4.7,2,3.8,153845.0,167115.0,0.247,587.6364737812537,Legitimate
832,Property,Theft,Suburban,Yes,No,No,34.0,1.8,3,3.5,70784.0,69000.0,0.503,840.3912746538492,Legitimate
833,Health,Medical,Suburban,No,No,,59.0,8.2,2,15.9,29769.0,29438.0,0.259,553.6710228341262,Legitimate
834,Life,Medical,Urban,No,No,,50.0,3.1,1,4.9,79955.0,92981.0,0.746,523.3508114852472,Legitimate
835,Auto,Collision,Urban,Yes,No,No,55.0,1.6,1,10.5,164849.0,169074.0,0.822,765.5042593945901,Legitimate
836,Health,Collision,Suburban,No,No,No,43.0,6.4,0,7.6,209290.0,217405.0,0.169,706.4053583088815,Legitimate
837,Auto,Collision,Urban,Yes,No,Yes,57.0,4.3,0,4.6,11691.0,10556.0,0.227,669.1925707508829,Legitimate
838,Life,Collision,Urban,Yes,No,,19.0,2.2,2,0.9,158854.0,152255.0,0.493,,Legitimate
839,Auto,Collision,Rural,Yes,No,Yes,55.0,0.5,0,5.8,78836.0,80270.0,0.18,698.3061231794545,Legitimate
840,Auto,Medical,Suburban,No,No,,40.0,5.7,1,5.0,129217.0,110150.0,0.203,520.4306938418187,Legitimate
841,Auto,Collision,Urban,No,No,No,50.0,6.9,0,2.4,56951.0,60752.0,0.285,623.2186739827999,Legitimate
842,Auto,Collision,Suburban,No,No,No,38.0,5.3,1,4.7,629642.0,623066.0,0.281,673.8616559305987,Legitimate
843,Life,Theft,Rural,No,No,,42.0,4.3,1,4.5,55593.0,47694.0,0.413,704.2582378448766,Legitimate
844,Property,Collision,Urban,No,No,Yes,32.0,7.7,2,4.1,141630.0,156486.0,0.186,594.6327226979771,Legitimate
845,Auto,Fire,Rural,No,No,No,18.0,6.8,1,14.3,80404.0,71490.0,0.675,735.2678046242305,Legitimate
846,Auto,Fire,Suburban,Yes,No,Yes,30.0,7.9,2,4.2,209367.0,242708.0,0.311,685.8958534952151,Legitimate
847,Health,Theft,Suburban,Yes,No,Yes,56.0,0.3,0,1.8,40894.0,42681.0,0.194,661.1841646390675,Legitimate
848,Auto,Medical,Urban,Yes,No,,35.0,14.6,1,4.2,188514.0,203442.0,0.275,719.5318577250713,Legitimate
849,Health,Collision,Rural,No,Yes,Yes,50.0,2.7,3,1.2,37778.0,41082.0,0.546,647.7610816682122,Fraudulent
850,Auto,Collision,Rural,No,No,Yes,54.0,6.4,2,2.0,484509.0,514340.0,0.68,779.22276612284,Legitimate
851,Health,Theft,Urban,Yes,No,Yes,58.0,2.0,1,3.3,383358.0,401764.0,0.691,,Legitimate
852,Auto,Fire,Rural,No,No,No,49.0,11.5,1,7.5,173013.0,192502.0,0.265,620.5261045224263,Legitimate
853,Auto,Medical,Suburban,Yes,No,,20.0,1.1,0,10.1,65419.0,68126.0,0.56,,Legitimate
854,Auto,Medical,Suburban,No,No,,38.0,9.7,2,3.8,115161.0,108412.0,0.595,698.1057259341537,Legitimate
855,Auto,Theft,Urban,Yes,No,No,36.0,6.9,0,10.0,96378.0,105842.0,0.185,600.9567844464161,Legitimate
856,Auto,Medical,Urban,No,No,,49.0,1.9,1,2.6,179536.0,188749.0,0.641,703.1888981290795,Fraudulent
857,Life,Collision,Rural,Yes,No,,49.0,5.2,2,11.7,223082.0,220878.0,0.379,574.3253184185216,Legitimate
858,Auto,Collision,Suburban,Yes,No,No,35.0,5.6,0,2.2,173065.0,182444.0,0.266,673.2905887321518,Legitimate
859,Auto,Liability,Urban,Yes,No,Yes,62.0,2.2,0,3.0,260861.0,278590.0,0.436,700.5152427675068,Legitimate
860,Auto,Medical,Urban,Yes,No,,40.0,1.9,2,11.4,105653.0,97509.0,0.191,637.0706899751826,Legitimate
861,Property,Collision,Suburban,Yes,No,Yes,49.0,8.0,1,6.4,238039.0,280738.0,0.288,572.8649808005554,Legitimate
862,Auto,Theft,Urban,Yes,No,No,61.0,5.2,0,5.3,90013.0,86198.0,0.237,,Legitimate
863,Auto,Collision,Rural,Yes,No,Yes,46.0,4.4,2,0.2,116739.0,116019.0,0.256,580.6578842443931,Legitimate
864,Health,Collision,Urban,Yes,No,No,33.0,2.2,0,2.6,243611.0,238212.0,0.227,557.1447410518383,Legitimate
865,Life,Theft,Rural,No,No,,45.0,0.8,1,6.7,343124.0,361428.0,0.204,613.0960889218438,Legitimate
866,Property,Theft,Suburban,No,No,Yes,53.0,2.3,0,3.4,309737.0,300351.0,0.207,747.897912001835,Legitimate
867,Life,Medical,Urban,No,No,,60.0,5.3,0,0.8,10485.0,10619.0,0.21,613.9933351428929,Legitimate
868,Auto,Medical,Urban,Yes,No,,39.0,2.3,2,3.0,188542.0,195755.0,0.188,637.9907352881995,Legitimate
869,Life,Collision,Suburban,Yes,No,,39.0,5.4,1,1.5,436134.0,451807.0,0.773,677.6759085825629,Legitimate
870,Auto,Collision,Rural,No,No,Yes,35.0,1.9,0,4.3,242191.0,258608.0,0.332,666.8066400195786,Legitimate
871,Auto,Medical,Urban,Yes,No,,68.0,8.6,1,1.8,53652.0,46332.0,0.33,498.66771884054174,Legitimate
872,Life,Collision,Urban,Yes,No,,37.0,6.8,0,7.5,13955.0,15435.0,0.224,558.3329540850691,Legitimate
873,Health,Collision,Urban,Yes,No,No,47.0,8.8,0,4.6,109294.0,109073.0,0.83,641.6078528540747,Legitimate
874,Auto,Medical,Suburban,Yes,No,,36.0,4.8,3,1.9,73231.0,78339.0,0.28,787.5561002922929,Legitimate
875,Auto,Medical,Urban,No,No,,67.0,14.9,5,6.6,125675.0,138883.0,0.321,806.3451888620705,Legitimate
876,Life,Theft,Urban,Yes,No,,64.0,3.8,2,1.4,250614.0,235676.0,0.192,706.9256372983517,Legitimate
877,Auto,Theft,Suburban,No,No,Yes,26.0,7.0,0,2.5,161849.0,181830.0,0.417,710.2776456737874,Legitimate
878,Health,Medical,Rural,Yes,No,,59.0,5.5,1,6.5,408381.0,410563.0,0.478,615.3107021679149,Legitimate
879,Life,Medical,Urban,Yes,No,,21.0,7.9,1,9.9,38962.0,30930.0,0.681,694.9972221484544,Legitimate
880,Health,Medical,Suburban,Yes,No,,43.0,12.9,0,0.3,290277.0,257506.0,0.238,822.2397148928887,Legitimate
881,Auto,Liability,Suburban,Yes,No,Yes,30.0,7.8,1,1.0,30210.0,28599.0,0.262,776.3523942802166,Legitimate
882,Life,Liability,Suburban,Yes,No,,49.0,4.7,1,5.9,5000.0,4717.0,0.1,542.5841751522315,Legitimate
883,Property,Medical,Suburban,Yes,No,,35.0,7.1,1,7.9,202344.0,235422.0,0.528,848.3769727484737,Legitimate
884,Property,Collision,Suburban,No,No,No,41.0,4.3,0,4.4,503789.0,471861.0,0.807,581.4500019050164,Legitimate
885,Health,Collision,Suburban,Yes,No,No,46.0,1.8,0,5.0,89430.0,81860.0,0.21,713.7719667004819,Legitimate
886,Life,Medical,Urban,Yes,No,,50.0,6.5,0,2.9,47907.0,47095.0,0.534,686.4779467991058,Legitimate
887,Health,Medical,Rural,No,No,,42.0,3.9,0,5.2,178532.0,159624.0,0.192,713.9279314792708,Legitimate
888,Property,Collision,Urban,No,No,No,67.0,16.1,2,4.0,139079.0,118362.0,0.425,632.4773697598281,Legitimate
889,Life,Liability,Rural,Yes,No,,50.0,3.3,2,5.7,33786.0,34232.0,0.422,784.2474868712218,Legitimate
890,Property,Theft,Urban,No,No,No,18.0,5.6,0,15.6,203513.0,184566.0,0.205,491.48099602855444,Legitimate
891,Auto,Liability,Urban,No,No,Yes,48.0,15.7,0,6.0,343266.0,336914.0,0.394,,Legitimate
892,Auto,Theft,Suburban,No,No,No,34.0,2.5,0,5.1,170924.0,177730.0,0.473,,Legitimate
893,Auto,Collision,Suburban,No,No,Yes,45.0,2.7,0,9.2,163407.0,136668.0,0.352,573.6477860701931,Legitimate
894,Life,Theft,Suburban,Yes,Yes,,29.0,17.4,3,7.7,79844.0,65897.0,0.389,519.6720875833923,Legitimate
895,Health,Collision,Suburban,Yes,No,No,58.0,0.8,0,1.3,249637.0,264816.0,0.213,520.3307277584911,Legitimate
896,Health,Collision,Suburban,Yes,No,Yes,25.0,9.8,0,0.3,251785.0,232312.0,0.832,727.7492453476865,Legitimate
897,Life,Medical,Rural,No,No,,42.0,5.3,0,12.7,121868.0,133618.0,0.423,641.6124496016505,Legitimate
898,Property,Collision,Urban,No,No,Yes,45.0,9.7,3,8.4,148272.0,141701.0,0.177,719.0404385300701,Legitimate
899,Health,Medical,Suburban,Yes,No,,29.0,2.4,0,3.0,185210.0,172542.0,0.329,513.375173265787,Legitimate
900,Auto,Collision,Urban,Yes,No,Yes,25.0,1.1,2,1.8,240151.0,215482.0,0.272,659.1815939010125,Legitimate
901,Life,Collision,Urban,Yes,Yes,,47.0,7.4,1,5.0,257588.0,281404.0,0.185,651.8828680401609,Legitimate
902,Auto,Medical,Urban,No,No,,50.0,3.7,0,1.7,194636.0,159953.0,0.248,722.8792341358838,Legitimate
903,Auto,Collision,Urban,Yes,Yes,Yes,49.0,3.9,3,1.8,490449.0,470699.0,0.406,631.238101866694,Legitimate
904,Auto,Liability,Rural,Yes,No,No,62.0,12.1,0,6.2,142998.0,158106.0,0.581,684.651911825327,Legitimate
905,Auto,Collision,Urban,No,No,Yes,36.0,6.6,0,9.1,100786.0,90069.0,0.596,626.571924578862,Legitimate
906,Life,Liability,Suburban,No,No,,46.0,4.8,1,1.8,238320.0,243389.0,0.491,,Legitimate
907,Life,Collision,Rural,Yes,No,,55.0,10.0,0,5.0,58487.0,52250.0,0.321,702.7317578321173,Legitimate
908,Property,Medical,Urban,No,No,,42.0,8.9,0,9.1,108399.0,111367.0,0.185,,Legitimate
909,Property,Theft,Urban,No,No,No,52.0,2.2,1,8.3,131830.0,141041.0,0.38,668.8371333296429,Legitimate
910,Auto,Theft,Urban,No,No,Yes,22.0,2.4,3,1.8,316712.0,299657.0,0.247,760.0182324571449,Legitimate
911,Property,Collision,Suburban,Yes,No,Yes,41.0,1.2,2,4.9,72714.0,78447.0,0.698,410.05207945279346,Legitimate
912,Health,Liability,Suburban,Yes,No,Yes,73.0,2.3,1,14.5,361313.0,373744.0,0.199,638.0305350475453,Legitimate
913,Auto,Medical,Urban,No,No,,24.0,6.2,1,4.2,102916.0,84864.0,0.285,604.6845254748406,Legitimate
914,Auto,Liability,Rural,Yes,No,No,35.0,6.6,1,2.2,137906.0,142374.0,0.214,478.9796836259889,Legitimate
915,Life,Collision,Suburban,No,No,,37.0,4.0,0,0.0,69282.0,77840.0,0.519,577.4205677495534,Legitimate
916,Auto,Fire,Suburban,Yes,No,Yes,39.0,7.4,0,9.2,181234.0,177500.0,0.499,505.4016208010743,Legitimate
917,Property,Theft,Urban,No,Yes,No,47.0,1.8,0,1.6,18442.0,16527.0,0.23,523.6031512759258,Legitimate
918,Auto,Medical,Urban,No,No,,49.0,1.5,0,1.4,124647.0,118628.0,0.457,473.0553832116339,Legitimate
919,Auto,Collision,Urban,No,No,No,49.0,9.9,0,11.4,179954.0,178093.0,0.221,636.7504407561722,Legitimate
920,Auto,Fire,Urban,No,No,Yes,20.0,4.0,1,4.9,181909.0,177936.0,0.221,639.9160135348232,Legitimate
921,Auto,Medical,Urban,Yes,No,,34.0,5.2,1,2.2,162048.0,154891.0,0.688,494.48810069338987,Legitimate
922,Auto,Collision,Urban,No,No,Yes,22.0,9.4,0,0.8,257672.0,267060.0,0.197,660.3627819714803,Legitimate
923,Health,Theft,Urban,No,Yes,No,32.0,6.3,0,4.2,678061.0,712790.0,0.208,673.8464950766795,Legitimate
924,Health,Medical,Urban,Yes,No,,28.0,4.9,2,3.4,114935.0,108836.0,0.205,606.4138294422405,Legitimate
925,Property,Medical,Urban,No,No,,44.0,5.8,0,4.6,55827.0,51177.0,0.183,621.1300448885124,Legitimate
926,Life,Theft,Rural,No,No,,29.0,6.8,0,3.6,101928.0,106916.0,0.508,813.9026833871218,Fraudulent
927,Life,Medical,Urban,No,No,,58.0,4.9,1,3.6,148254.0,153591.0,0.456,685.8392922076079,Legitimate
928,Auto,Collision,Rural,Yes,No,Yes,24.0,2.5,0,5.6,191036.0,222437.0,0.285,615.7641292612018,Legitimate
929,Auto,Medical,Suburban,No,No,,52.0,9.3,0,6.3,151885.0,163929.0,0.176,767.217237685632,Legitimate
930,Auto,Medical,Rural,Yes,No,,32.0,8.0,1,4.6,278120.0,317804.0,0.263,638.6489215336439,Legitimate
931,Property,Medical,Rural,Yes,No,,26.0,7.1,0,8.6,105769.0,114338.0,0.181,590.4411892071611,Legitimate
932,Life,Theft,Urban,Yes,No,,46.0,11.1,0,0.5,105589.0,94810.0,0.247,698.3287585017246,Legitimate
933,Auto,Theft,Suburban,Yes,Yes,Yes,40.0,5.8,0,8.8,115402.0,110101.0,0.705,686.2310434844944,Fraudulent
934,Property,Theft,Suburban,Yes,No,Yes,42.0,2.4,1,4.3,39474.0,46195.0,0.733,811.0866295942618,Legitimate
935,Health,Medical,Suburban,No,No,,28.0,2.3,1,2.3,191466.0,156526.0,0.286,584.3129028439265,Legitimate
936,Health,Medical,Suburban,No,No,,53.0,1.4,3,12.3,85002.0,85912.0,0.232,679.1252847886255,Legitimate
937,Health,Liability,Rural,No,No,Yes,60.0,2.1,0,2.5,114373.0,110834.0,0.234,707.2247447366185,Legitimate
938,Auto,Theft,Urban,No,No,Yes,52.0,16.7,3,7.1,202021.0,192646.0,0.459,642.7682248694088,Legitimate
939,Health,Theft,Suburban,Yes,No,No,57.0,4.4,1,3.9,104805.0,109936.0,0.234,540.8246175416679,Legitimate
940,Health,Collision,Suburban,No,No,No,62.0,3.2,0,6.8,174666.0,158132.0,0.257,592.437134929022,Legitimate
941,Auto,Fire,Suburban,Yes,No,Yes,70.0,13.1,2,4.0,45006.0,45413.0,0.196,631.5227953358839,Legitimate
942,Auto,Collision,Urban,No,No,Yes,36.0,6.9,3,8.0,225028.0,206508.0,0.171,605.7978609188137,Legitimate
943,Property,Medical,Urban,Yes,No,,34.0,8.3,1,16.4,133318.0,124746.0,0.187,616.8769287929751,Legitimate
944,Property,Collision,Suburban,Yes,No,Yes,48.0,30.0,1,2.0,48876.0,50866.0,0.712,595.0625110379153,Legitimate
945,Health,Medical,Rural,No,No,,20.0,15.0,2,6.8,32062.0,31857.0,0.319,597.7606597987284,Legitimate
946,Property,Collision,Urban,Yes,No,Yes,59.0,7.7,1,1.3,41353.0,35266.0,0.277,705.1629512468326,Legitimate
947,Auto,Collision,Suburban,No,No,Yes,37.0,11.6,1,4.2,64490.0,57431.0,0.285,624.844659876271,Legitimate
948,Life,Fire,Rural,Yes,No,,53.0,3.4,1,6.5,128895.0,122965.0,0.311,703.8952938430239,Legitimate
949,Auto,Fire,Urban,Yes,No,No,34.0,3.6,2,1.9,144781.0,132563.0,0.239,710.3793031937926,Legitimate
950,Life,Fire,Rural,Yes,No,,41.0,2.9,0,11.6,9216.0,10380.0,0.184,826.3924690467406,Legitimate
951,Auto,Theft,Suburban,Yes,No,Yes,41.0,1.9,0,4.4,244760.0,240234.0,0.368,850.0,Legitimate
952,Life,Collision,Urban,Yes,No,,48.0,7.4,3,7.2,193054.0,196162.0,0.228,746.651485672293,Legitimate
953,Health,Collision,Urban,Yes,No,Yes,33.0,2.7,1,6.3,515413.0,463926.0,0.179,752.3357949247087,Legitimate
954,Health,Collision,Urban,No,No,Yes,21.0,1.5,1,15.3,206054.0,197110.0,0.614,780.0839483414725,Legitimate
955,Auto,Collision,Urban,Yes,No,Yes,32.0,12.3,2,4.0,153602.0,151938.0,0.322,580.532592513855,Legitimate
956,Auto,Fire,Suburban,No,No,No,38.0,5.5,1,7.0,10446.0,10635.0,0.209,535.907232214325,Legitimate
957,Auto,Collision,Urban,Yes,No,No,28.0,2.3,0,6.0,177032.0,183586.0,0.198,726.7671011697554,Legitimate
958,Auto,Collision,Rural,No,No,Yes,28.0,2.5,0,8.5,170228.0,196851.0,0.186,741.2642415987832,Legitimate
959,Health,Fire,Urban,Yes,No,Yes,46.0,3.5,1,6.4,242428.0,228979.0,0.346,579.4045401111415,Legitimate
960,Property,Medical,Urban,Yes,No,,67.0,1.4,0,4.6,377844.0,349528.0,0.312,752.2006156693208,Legitimate
961,Health,Fire,Suburban,Yes,No,Yes,44.0,14.6,2,0.4,93578.0,107415.0,0.64,640.4711978550387,Legitimate
962,Health,Medical,Rural,No,No,,44.0,0.7,0,4.4,58186.0,60310.0,0.265,656.9276124356436,Legitimate
963,Auto,Fire,Rural,No,No,No,50.0,14.1,0,7.5,148377.0,152014.0,0.273,655.1744533019939,Legitimate
964,Property,Medical,Urban,No,No,,42.0,7.0,0,2.2,59972.0,53701.0,0.826,675.3261873452676,Legitimate
965,Health,Collision,Urban,No,No,Yes,53.0,1.7,0,14.4,320114.0,315417.0,0.171,737.8266271691175,Legitimate
966,Auto,Collision,Urban,Yes,No,No,25.0,0.6,0,1.5,159815.0,152352.0,0.561,696.3196058754785,Legitimate
967,Auto,Theft,Suburban,Yes,No,No,54.0,2.2,0,5.2,333293.0,278298.0,0.201,798.8543781091118,Legitimate
968,Property,Medical,Urban,Yes,No,,18.0,3.5,1,4.5,360630.0,364008.0,0.206,721.2614292709088,Legitimate
969,Life,Fire,Suburban,Yes,No,,24.0,2.8,2,0.8,14263.0,12968.0,0.248,721.3897640306396,Legitimate
970,Auto,Fire,Rural,No,No,Yes,18.0,12.1,0,6.9,134284.0,145175.0,0.175,635.5295456649305,Legitimate
971,Health,Collision,Urban,No,No,Yes,66.0,6.2,0,0.9,65314.0,75047.0,0.221,795.6014018000327,Legitimate
972,Life,Medical,Urban,No,No,,34.0,1.4,0,6.3,143949.0,144959.0,0.325,537.9626599946369,Legitimate
973,Life,Fire,Urban,No,No,,18.0,6.3,1,4.3,135212.0,127666.0,0.186,613.7381096972614,Legitimate
974,Life,Theft,Urban,Yes,No,,57.0,1.7,0,15.3,182475.0,190529.0,0.262,743.4273218579924,Legitimate
975,Health,Medical,Rural,Yes,Yes,,38.0,2.6,2,8.4,378019.0,374779.0,0.497,461.7402912349909,Legitimate
976,Auto,Collision,Suburban,No,No,No,41.0,0.6,1,7.5,138204.0,143757.0,0.304,611.0321058913374,Legitimate
977,Property,Fire,Urban,Yes,No,Yes,34.0,13.0,0,1.9,120679.0,108788.0,0.231,684.77663621104,Legitimate
978,Auto,Medical,Suburban,Yes,No,,61.0,0.7,1,5.8,174399.0,188005.0,0.203,672.6640812730087,Legitimate
979,Health,Collision,Urban,Yes,No,Yes,44.0,3.9,0,6.1,607552.0,602287.0,0.615,623.3566984987419,Legitimate
980,Auto,Medical,Urban,No,No,,18.0,4.6,4,3.1,297310.0,340046.0,0.661,546.7661773439578,Fraudulent
981,Life,Theft,Rural,Yes,No,,22.0,1.5,1,2.2,99818.0,108197.0,0.456,728.5094715189331,Legitimate
982,Property,Liability,Urban,No,No,No,43.0,6.3,1,3.4,444472.0,501398.0,0.201,768.2046722346086,Legitimate
983,Life,Liability,Urban,Yes,No,,51.0,8.1,2,5.2,134557.0,132609.0,0.212,622.1509511167898,Legitimate
984,Health,Medical,Suburban,No,No,,31.0,2.2,1,8.1,280696.0,287400.0,0.39,633.1146556971042,Legitimate
985,Property,Medical,Suburban,Yes,No,,41.0,9.5,1,8.0,36405.0,39562.0,0.68,711.2089176593383,Legitimate
986,Property,Theft,Urban,Yes,No,Yes,49.0,1.6,2,0.7,175793.0,201368.0,0.374,,Legitimate
987,Property,Fire,Suburban,No,No,No,31.0,5.6,1,3.3,121835.0,131541.0,0.277,666.7724793509597,Legitimate
988,Health,Collision,Urban,No,No,Yes,25.0,5.4,0,0.2,191612.0,189899.0,0.327,720.4192897943535,Legitimate
989,Property,Theft,Rural,No,No,Yes,42.0,1.0,1,1.7,361004.0,429539.0,0.303,550.6672565316151,Legitimate
990,Property,Medical,Urban,Yes,No,,46.0,8.4,0,17.2,160614.0,169447.0,0.543,621.5442057422715,Legitimate
991,Auto,Theft,Rural,Yes,No,Yes,46.0,12.6,2,5.1,67973.0,58077.0,0.798,613.4830345473266,Fraudulent
992,Auto,Medical,Urban,No,No,,49.0,8.3,0,7.0,282308.0,228990.0,0.256,850.0,Legitimate
993,Health,Theft,Rural,No,No,Yes,44.0,4.9,0,4.7,38001.0,29398.0,0.652,730.1607859048663,Legitimate
994,Health,Collision,Rural,No,No,No,57.0,2.8,3,1.6,73214.0,64316.0,0.236,638.3629508478094,Legitimate
995,Health,Theft,Suburban,Yes,No,Yes,41.0,5.0,0,6.7,420846.0,444843.0,0.226,630.5386254730116,Legitimate
996,Auto,Liability,Rural,Yes,No,Yes,39.0,2.3,1,2.2,275188.0,261925.0,0.186,755.8824959278915,Legitimate
997,Auto,Liability,Urban,Yes,No,Yes,42.0,7.1,0,2.9,236553.0,224711.0,0.666,704.3020765615627,Legitimate
998,Property,Fire,Urban,No,No,Yes,25.0,2.8,1,2.3,284534.0,294824.0,0.763,848.4019771123818,Fraudulent
999,Property,Collision,Rural,Yes,No,No,18.0,3.5,1,1.5,328782.0,349128.0,0.225,712.2873923740538,Legitimate
1000,Auto,Medical,Urban,No,No,,44.0,3.4,1,7.6,117315.0,90170.0,0.235,476.2427295574808,Legitimate
1001,Property,Collision,Urban,No,No,No,49.0,6.3,1,8.8,61066.0,51721.0,0.776,584.1289483755417,Legitimate
1002,Auto,Collision,Urban,No,No,Yes,53.0,3.2,1,3.4,165818.0,193652.0,0.435,662.9462101329493,Legitimate
1003,Auto,Liability,Suburban,No,No,No,44.0,0.3,1,4.5,260062.0,286822.0,0.511,407.7721481371782,Legitimate
1004,Auto,Fire,Suburban,Yes,No,No,26.0,3.1,2,0.6,263061.0,266787.0,0.185,651.7178101184031,Legitimate
1005,Auto,Liability,Urban,Yes,No,No,57.0,4.6,0,4.6,66279.0,67247.0,0.269,,Legitimate
1006,Auto,Theft,Rural,Yes,No,No,36.0,1.6,1,3.3,302733.0,308193.0,0.476,687.2563378841928,Legitimate
1007,Auto,Medical,Urban,No,No,,59.0,2.1,1,1.5,25530.0,25941.0,0.502,758.7738846050762,Legitimate
1008,Auto,Liability,Suburban,No,No,Yes,40.0,1.2,0,6.0,166490.0,177318.0,0.283,497.82886877584826,Legitimate
1009,Health,Collision,Urban,Yes,No,Yes,29.0,7.5,1,7.7,127857.0,136813.0,0.579,750.1780410629689,Legitimate
1010,Property,Medical,Suburban,No,No,,38.0,3.7,1,0.7,587899.0,557673.0,0.54,649.9648962900217,Legitimate
1011,Auto,Medical,Urban,No,No,,53.0,5.0,0,9.6,117705.0,95833.0,0.282,648.276059187739,Legitimate
1012,Health,Fire,Suburban,Yes,No,Yes,40.0,19.3,2,4.6,267284.0,273776.0,0.462,736.232142444511,Legitimate
1013,Health,Theft,Suburban,Yes,No,No,32.0,5.3,1,3.8,12255.0,11008.0,0.243,703.686424171198,Legitimate
1014,Auto,Collision,Rural,Yes,No,Yes,29.0,3.5,0,2.4,238285.0,248272.0,0.265,649.4804854492827,Legitimate
1015,Auto,Fire,Suburban,No,No,No,71.0,2.3,0,1.4,89424.0,88686.0,0.384,767.5362867956698,Legitimate
1016,Health,Liability,Urban,Yes,No,Yes,33.0,15.6,0,15.7,127499.0,134059.0,0.342,789.8819910904424,Legitimate
1017,Health,Collision,Urban,Yes,Yes,Yes,26.0,4.4,0,2.2,55702.0,52662.0,0.53,663.2610211989946,Fraudulent
1018,Property,Fire,Suburban,No,No,No,62.0,3.5,1,3.5,68815.0,62069.0,0.365,482.884656986599,Legitimate
1019,Health,Liability,Rural,No,No,No,45.0,12.2,3,5.7,459032.0,464718.0,0.181,636.8569694543104,Legitimate
1020,Health,Collision,Urban,Yes,No,No,60.0,0.5,0,8.5,258357.0,235830.0,0.301,664.8138174368452,Legitimate
1021,Health,Medical,Suburban,Yes,No,,53.0,9.7,0,0.9,15822.0,14993.0,0.316,,Legitimate
1022,Auto,Collision,Urban,No,No,Yes,58.0,2.7,1,6.1,204827.0,213959.0,0.196,750.1101524289032,Legitimate
1023,Health,Theft,Suburban,Yes,No,No,33.0,4.8,1,6.2,102869.0,104378.0,0.644,,Fraudulent
1024,Health,Collision,Rural,Yes,No,No,51.0,9.4,0,5.6,238966.0,240070.0,0.316,760.0571266173848,Legitimate
1025,Property,Medical,Urban,Yes,Yes,,37.0,12.3,1,7.9,118256.0,121091.0,0.188,674.3156058312683,Legitimate
1026,Auto,Medical,Urban,No,No,,58.0,6.3,0,7.6,220158.0,235704.0,0.312,720.419466365043,Legitimate
1027,Life,Collision,Urban,Yes,No,,22.0,11.9,0,2.0,96785.0,91380.0,0.337,496.6461906721885,Legitimate
1028,Auto,Liability,Suburban,No,No,Yes,43.0,3.1,2,4.0,76467.0,67622.0,0.171,451.7249664471891,Legitimate
1029,Health,Collision,Urban,Yes,No,No,43.0,5.3,1,8.3,48583.0,54056.0,0.196,572.8955931447858,Legitimate
1030,Auto,Medical,Rural,Yes,No,,37.0,5.2,0,0.9,169763.0,170305.0,0.475,,Legitimate
1031,Property,Theft,Rural,Yes,No,No,37.0,11.8,1,10.6,161384.0,166377.0,0.211,626.2409945920994,Legitimate
1032,Health,Theft,Rural,Yes,No,Yes,29.0,5.1,1,6.3,128574.0,119757.0,0.369,719.0474361095503,Legitimate
1033,Life,Theft,Urban,Yes,No,,59.0,4.4,5,8.4,5000.0,5386.0,0.1,850.0,Legitimate
1034,Auto,Collision,Urban,Yes,No,No,24.0,4.5,1,8.2,340996.0,361120.0,0.74,572.705466560438,Legitimate
1035,Auto,Medical,Rural,Yes,No,,50.0,6.5,0,5.0,615887.0,557652.0,0.451,653.9289945364349,Legitimate
1036,Auto,Liability,Urban,No,No,No,36.0,8.2,0,6.8,98858.0,100625.0,0.248,658.9094508774166,Legitimate
1037,Auto,Collision,Rural,No,No,Yes,32.0,2.7,0,1.5,243105.0,270985.0,0.208,692.4566500994052,Legitimate
1038,Health,Collision,Rural,No,No,Yes,47.0,12.6,2,5.0,113537.0,117850.0,0.176,623.5451553348113,Legitimate
1039,Auto,Liability,Rural,No,No,Yes,74.0,12.4,0,8.9,144790.0,134939.0,0.534,729.8070206128436,Legitimate
1040,Auto,Collision,Urban,No,No,No,48.0,6.6,1,3.3,169761.0,162543.0,0.223,804.8784304956432,Legitimate
1041,Auto,Fire,Suburban,Yes,No,Yes,43.0,0.7,4,3.3,180791.0,214395.0,0.519,706.8056497576841,Legitimate
1042,Auto,Collision,Urban,Yes,No,No,51.0,4.7,1,3.5,219100.0,235726.0,0.216,592.0278864521628,Legitimate
1043,Life,Collision,Rural,No,No,,71.0,5.2,1,0.4,93582.0,105829.0,0.191,771.2703966557523,Legitimate
1044,Life,Theft,Urban,No,No,,33.0,2.7,1,2.8,50114.0,53893.0,0.372,681.4676072380933,Legitimate
1045,Auto,Medical,Urban,Yes,No,,37.0,2.5,1,3.2,256085.0,244518.0,0.345,791.0436568317562,Legitimate
1046,Auto,Medical,Urban,No,No,,30.0,4.1,1,9.6,317554.0,301553.0,0.206,554.4746337598737,Legitimate
1047,Property,Theft,Urban,No,No,Yes,41.0,2.2,2,6.7,276461.0,273339.0,0.236,610.8907132879433,Legitimate
1048,Life,Theft,Urban,Yes,No,,54.0,8.1,2,2.0,285557.0,278127.0,0.169,,Legitimate
1049,Health,Theft,Urban,Yes,No,Yes,52.0,3.0,0,8.2,121915.0,131286.0,0.239,731.7226689548229,Legitimate
1050,Auto,Medical,Suburban,Yes,No,,43.0,15.6,1,2.7,120547.0,131427.0,0.207,635.2390999816769,Legitimate
1051,Auto,Theft,Suburban,No,Yes,Yes,49.0,1.9,0,1.1,34585.0,34571.0,0.241,502.06226908237204,Legitimate
1052,Auto,Theft,Urban,Yes,No,Yes,43.0,2.0,0,0.4,38873.0,45255.0,0.193,621.4836891376117,Legitimate
1053,Auto,Fire,Suburban,Yes,No,Yes,31.0,4.7,1,4.1,379337.0,340035.0,0.17,450.0434782682933,Legitimate
1054,Property,Medical,Urban,No,No,,48.0,0.5,0,5.0,132448.0,128270.0,0.591,652.6760750637796,Fraudulent
1055,Auto,Medical,Urban,Yes,No,,56.0,3.3,2,6.7,368536.0,321578.0,0.764,697.953642196798,Fraudulent
1056,Health,Collision,Suburban,No,No,Yes,37.0,6.3,1,3.6,166789.0,156375.0,0.6,600.5262762472881,Legitimate
1057,Auto,Medical,Urban,No,No,,69.0,5.1,1,3.0,355796.0,369352.0,0.192,548.3359834062469,Fraudulent
1058,Auto,Fire,Urban,No,No,Yes,29.0,5.1,0,2.7,145021.0,152117.0,0.719,625.0592493960538,Legitimate
1059,Health,Medical,Urban,Yes,No,,56.0,4.4,0,4.6,124768.0,150809.0,0.257,714.8621319770824,Legitimate
1060,Auto,Fire,Suburban,Yes,Yes,Yes,42.0,7.4,1,4.5,127372.0,131845.0,0.64,783.7250519810494,Fraudulent
1061,Property,Medical,Suburban,No,No,,27.0,3.2,0,9.3,125210.0,126896.0,0.557,666.4617507562244,Legitimate
1062,Health,Liability,Urban,No,No,Yes,36.0,10.0,1,15.1,303782.0,271895.0,0.232,764.3717182116122,Legitimate
1063,Property,Theft,Urban,No,No,No,33.0,6.9,0,8.8,85160.0,83408.0,0.218,844.4690391113521,Legitimate
1064,Property,Collision,Urban,No,No,No,38.0,7.9,1,2.9,80315.0,94788.0,0.311,495.9689547813354,Legitimate
1065,Health,Medical,Rural,No,No,,29.0,16.8,0,3.8,271433.0,293823.0,0.252,676.3585950866669,Legitimate
1066,Auto,Collision,Urban,Yes,No,Yes,37.0,12.1,2,1.9,290800.0,306896.0,0.185,614.9018756018957,Legitimate
1067,Auto,Theft,Urban,Yes,No,Yes,25.0,5.1,0,1.4,281973.0,252599.0,0.184,724.7329400286137,Legitimate
1068,Health,Collision,Rural,Yes,No,No,42.0,10.9,0,1.0,70457.0,72061.0,0.324,704.3586087414055,Legitimate
1069,Life,Medical,Suburban,No,No,,48.0,4.0,1,12.1,182488.0,156283.0,0.186,649.1542161955365,Legitimate
1070,Health,Theft,Suburban,No,No,Yes,21.0,1.5,1,8.2,43028.0,47371.0,0.319,733.7195285374579,Fraudulent
1071,Health,Collision,Suburban,Yes,No,Yes,27.0,2.8,1,7.1,87985.0,100456.0,0.445,550.0024081717321,Legitimate
1072,Auto,Medical,Urban,No,No,,63.0,7.8,1,9.8,531344.0,539159.0,0.181,635.8888301176581,Legitimate
1073,Auto,Collision,Urban,No,No,No,35.0,13.6,0,5.5,333750.0,361965.0,0.261,744.3293683593749,Legitimate
1074,Auto,Collision,Urban,Yes,No,No,18.0,0.8,0,3.7,74932.0,73104.0,0.305,605.8123063402164,Legitimate
1075,Auto,Liability,Urban,Yes,No,No,42.0,6.2,0,3.6,737649.0,733440.0,0.188,535.7986736056405,Legitimate
1076,Auto,Medical,Rural,No,No,,51.0,8.6,2,3.3,313971.0,370939.0,0.204,750.9642854598947,Legitimate
1077,Property,Collision,Suburban,No,No,No,18.0,5.9,0,11.2,48439.0,44657.0,0.214,634.8680195695097,Legitimate
1078,Auto,Collision,Urban,No,No,Yes,49.0,6.6,1,7.2,81843.0,88190.0,0.252,708.7347368567507,Legitimate
1079,Life,Collision,Suburban,Yes,No,,46.0,23.0,1,3.1,16642.0,15397.0,0.261,653.952104341246,Legitimate
1080,Auto,Theft,Rural,No,No,Yes,47.0,8.0,1,4.8,110393.0,117708.0,0.462,511.13657025277996,Legitimate
1081,Auto,Liability,Suburban,Yes,No,Yes,43.0,5.4,0,3.4,130001.0,129938.0,0.638,605.4171613730913,Legitimate
1082,Health,Medical,Suburban,Yes,No,,37.0,5.3,1,7.6,44551.0,49647.0,0.222,613.8498372952159,Legitimate
1083,Property,Medical,Urban,Yes,No,,60.0,3.7,0,4.1,208269.0,195827.0,0.176,583.7450872439882,Legitimate
1084,Life,Medical,Suburban,Yes,No,,71.0,3.6,0,4.5,135924.0,127927.0,0.34,649.5981647992827,Legitimate
1085,Health,Theft,Suburban,No,No,No,52.0,8.3,2,4.9,94614.0,86672.0,0.197,772.5478384959639,Legitimate
1086,Auto,Liability,Rural,Yes,No,Yes,42.0,6.3,0,2.8,623464.0,566948.0,0.346,736.4551514804243,Legitimate
1087,Health,Collision,Urban,Yes,No,Yes,52.0,7.0,1,3.1,46239.0,49778.0,0.463,624.5359341189321,Legitimate
1088,Life,Medical,Urban,No,No,,47.0,5.2,0,2.0,81344.0,88066.0,0.186,588.3433429722011,Legitimate
1089,Auto,Theft,Suburban,No,No,Yes,32.0,8.3,3,2.5,67750.0,62129.0,0.544,653.7416914215862,Fraudulent
1090,Auto,Collision,Rural,Yes,No,No,42.0,5.3,1,19.8,310277.0,307385.0,0.396,622.3205123331146,Legitimate
1091,Property,Collision,Rural,Yes,No,Yes,26.0,15.3,0,2.1,114725.0,117114.0,0.327,835.1189792999335,Legitimate
1092,Auto,Theft,Urban,No,No,Yes,37.0,3.9,0,0.4,285327.0,321036.0,0.638,738.3714186042015,Fraudulent
1093,Auto,Fire,Rural,No,No,No,49.0,12.4,0,0.1,48551.0,49564.0,0.283,647.7616056422221,Legitimate
1094,Auto,Medical,Urban,Yes,No,,47.0,6.8,0,4.0,179261.0,186883.0,0.72,659.5283787876683,Legitimate
1095,Health,Medical,Urban,Yes,No,,40.0,15.5,1,29.7,80659.0,79293.0,0.286,515.0588415223617,Legitimate
1096,Life,Liability,Urban,No,No,,35.0,3.6,0,2.2,191661.0,183242.0,0.193,728.42008446544,Legitimate
1097,Auto,Fire,Suburban,Yes,No,No,36.0,7.7,1,5.7,416445.0,437412.0,0.491,803.7729054659258,Legitimate
1098,Auto,Theft,Suburban,Yes,Yes,No,23.0,6.9,2,4.3,313567.0,310451.0,0.232,701.3117373928611,Legitimate
1099,Health,Medical,Urban,Yes,No,,45.0,2.0,0,8.2,81772.0,87162.0,0.296,759.0755409649306,Legitimate
1100,Health,Medical,Urban,Yes,No,,42.0,3.6,0,2.4,86540.0,88335.0,0.367,705.3263973031953,Legitimate
1101,Health,Medical,Suburban,Yes,No,,59.0,1.5,1,4.6,157664.0,171476.0,0.178,646.1726193886911,Legitimate
1102,Auto,Theft,Urban,No,No,Yes,35.0,2.2,1,12.6,122420.0,132726.0,0.356,711.809155666272,Legitimate
1103,Auto,Collision,Suburban,No,No,Yes,26.0,3.7,2,6.8,80676.0,77702.0,0.227,618.5431705470601,Legitimate
1104,Health,Fire,Urban,No,No,No,51.0,9.2,2,2.6,225070.0,229948.0,0.519,,Legitimate
1105,Property,Fire,Rural,Yes,No,No,36.0,2.4,0,1.9,63735.0,62178.0,0.228,671.391017197364,Legitimate
1106,Health,Liability,Suburban,Yes,No,Yes,39.0,9.0,2,4.6,24377.0,26416.0,0.189,570.3125652594125,Legitimate
1107,Property,Collision,Rural,Yes,No,Yes,49.0,1.6,0,2.4,115332.0,110717.0,0.262,818.9100029724718,Legitimate
1108,Auto,Liability,Urban,No,No,No,30.0,7.8,1,11.1,45774.0,45701.0,0.279,597.45684250407,Legitimate
1109,Health,Collision,Suburban,No,No,Yes,59.0,12.5,0,2.5,421960.0,419673.0,0.269,743.3378391427685,Legitimate
1110,Property,Theft,Urban,No,No,No,53.0,2.0,3,3.1,217318.0,206015.0,0.171,645.0986671092913,Legitimate
1111,Health,Theft,Urban,No,No,Yes,53.0,5.6,0,7.7,14608.0,15522.0,0.243,602.7100982156037,Legitimate
1112,Property,Fire,Suburban,No,No,Yes,49.0,3.3,2,5.0,523691.0,476470.0,0.393,654.2854255360488,Legitimate
1113,Property,Liability,Suburban,No,No,Yes,51.0,10.0,0,1.4,130483.0,124804.0,0.18,739.2883376540365,Legitimate
1114,Property,Medical,Suburban,Yes,No,,43.0,6.2,3,3.9,54036.0,55014.0,0.172,634.1818686048402,Legitimate
1115,Health,Theft,Urban,Yes,No,No,18.0,8.3,1,3.4,346926.0,348894.0,0.175,745.4574335005555,Legitimate
1116,Auto,Collision,Suburban,No,No,Yes,20.0,3.5,1,8.2,224259.0,211504.0,0.204,646.675730444537,Legitimate
1117,Health,Collision,Suburban,Yes,No,Yes,36.0,3.0,1,20.1,80917.0,70406.0,0.667,418.55335328223504,Legitimate
1118,Health,Medical,Urban,Yes,No,,46.0,0.6,0,6.7,321107.0,357416.0,0.385,730.5567568102031,Legitimate
1119,Auto,Medical,Urban,No,No,,44.0,4.5,2,5.6,369544.0,358730.0,0.245,529.152132953371,Legitimate
1120,Health,Fire,Urban,Yes,No,Yes,55.0,2.3,0,7.6,276690.0,267188.0,0.322,718.4570811257116,Legitimate
1121,Life,Theft,Rural,No,No,,68.0,4.4,0,3.5,203735.0,210942.0,0.647,506.0702658224501,Legitimate
1122,Auto,Theft,Suburban,Yes,No,No,24.0,4.2,1,3.1,183392.0,159287.0,0.535,627.3054556877731,Fraudulent
1123,Health,Collision,Rural,No,No,Yes,63.0,11.0,0,16.2,170154.0,167483.0,0.47,590.9782569555251,Legitimate
1124,Property,Medical,Suburban,No,No,,27.0,5.7,1,1.9,231682.0,260915.0,0.22,782.941518031441,Legitimate
1125,Property,Liability,Rural,Yes,No,No,18.0,4.5,3,14.2,301216.0,270574.0,0.358,684.7929444866396,Legitimate
1126,Auto,Liability,Suburban,No,No,No,23.0,5.0,0,7.1,318044.0,306485.0,0.418,533.5335821827863,Legitimate
1127,Auto,Collision,Urban,No,No,No,32.0,5.0,0,2.5,58734.0,55506.0,0.175,630.0083351100393,Legitimate
1128,Life,Fire,Urban,No,No,,70.0,3.9,0,0.8,187625.0,199957.0,0.185,704.2807488332056,Legitimate
1129,Property,Theft,Suburban,Yes,Yes,Yes,35.0,12.8,0,8.3,86001.0,79041.0,0.2,551.3839260889563,Legitimate
1130,Life,Theft,Urban,No,No,,37.0,4.8,2,3.5,131572.0,151744.0,0.192,690.4107780561973,Legitimate
1131,Health,Collision,Suburban,No,No,No,43.0,8.6,2,1.4,270695.0,297331.0,0.376,681.5527774313205,Legitimate
1132,Health,Collision,Urban,No,No,Yes,58.0,7.7,2,3.3,391777.0,415542.0,0.439,765.1469467265565,Legitimate
1133,Auto,Medical,Urban,Yes,No,,34.0,4.9,0,1.4,379875.0,369359.0,0.352,731.1486697648941,Legitimate
1134,Property,Liability,Rural,Yes,No,No,40.0,2.8,1,5.8,313782.0,362442.0,0.171,704.6907363762447,Legitimate
1135,Property,Fire,Rural,Yes,No,Yes,34.0,16.9,3,8.0,50179.0,53281.0,0.19,515.1935115721182,Legitimate
1136,Property,Fire,Urban,Yes,Yes,Yes,22.0,13.4,4,4.6,221743.0,222677.0,0.187,661.6328733244522,Legitimate
1137,Health,Collision,Urban,Yes,No,Yes,29.0,3.5,1,7.5,102584.0,92143.0,0.255,686.0641532812713,Legitimate
1138,Auto,Medical,Suburban,Yes,No,,26.0,3.1,0,0.3,65952.0,69131.0,0.231,594.9775063165528,Legitimate
1139,Life,Liability,Suburban,Yes,No,,43.0,5.3,0,2.0,238593.0,253796.0,0.25,757.4025667726564,Legitimate
1140,Auto,Collision,Urban,No,No,No,33.0,7.7,0,11.0,174508.0,184868.0,0.217,508.61937676689706,Legitimate
1141,Auto,Collision,Rural,Yes,No,Yes,34.0,16.7,2,4.5,208961.0,211184.0,0.266,748.5118656255233,Legitimate
1142,Auto,Theft,Rural,No,No,Yes,27.0,8.2,0,1.7,449156.0,418037.0,0.223,598.4285803500746,Legitimate
1143,Property,Collision,Rural,No,No,No,47.0,0.4,1,3.4,240390.0,221939.0,0.244,535.8829570421766,Legitimate
1144,Auto,Collision,Urban,No,No,Yes,38.0,6.2,2,7.0,126480.0,126365.0,0.181,690.7557436826098,Legitimate
1145,Property,Medical,Urban,No,No,,28.0,14.9,0,4.1,249671.0,246494.0,0.3,752.1707712528162,Legitimate
1146,Health,Collision,Urban,Yes,No,No,54.0,2.4,2,10.1,345060.0,357269.0,0.372,771.1182405002845,Legitimate
1147,Life,Collision,Urban,Yes,No,,32.0,6.9,0,1.2,226626.0,244175.0,0.448,531.6525544155733,Legitimate
1148,Life,Collision,Suburban,No,Yes,,33.0,6.2,2,4.3,300356.0,318874.0,0.276,522.7457208701209,Legitimate
1149,Health,Collision,Suburban,Yes,Yes,Yes,41.0,7.2,0,1.8,100312.0,98767.0,0.175,740.5753405266687,Legitimate
1150,Auto,Medical,Rural,Yes,Yes,,25.0,7.2,1,5.7,401692.0,364182.0,0.303,785.5443214276888,Legitimate
1151,Auto,Liability,Suburban,No,No,Yes,51.0,1.4,0,3.2,327251.0,347216.0,0.341,731.5269405196826,Legitimate
1152,Auto,Fire,Urban,No,No,Yes,31.0,3.7,0,9.3,429088.0,377265.0,0.37,566.6619969320566,Legitimate
1153,Auto,Theft,Rural,No,No,No,47.0,8.6,1,7.0,91059.0,87727.0,0.383,689.3251029111756,Legitimate
1154,Property,Liability,Rural,No,No,No,31.0,11.6,0,7.6,431384.0,438462.0,0.393,626.6730639867793,Legitimate
1155,Life,Medical,Rural,No,No,,50.0,1.8,4,0.9,268966.0,252700.0,0.436,742.4968206617094,Legitimate
1156,Auto,Liability,Suburban,No,No,No,32.0,7.8,1,4.7,109628.0,126499.0,0.41,653.5601793152073,Legitimate
1157,Auto,Fire,Urban,Yes,No,Yes,29.0,4.8,1,0.6,212968.0,226009.0,0.456,749.5742073354494,Legitimate
1158,Auto,Liability,Suburban,Yes,No,No,28.0,4.7,0,1.6,315644.0,254196.0,0.295,547.0881084516445,Legitimate
1159,Auto,Medical,Suburban,Yes,No,,35.0,10.5,4,3.1,155319.0,133836.0,0.284,676.3151349837428,Legitimate
1160,Auto,Collision,Suburban,Yes,No,Yes,34.0,9.7,0,9.8,298474.0,380280.0,0.567,686.5902144085629,Legitimate
1161,Property,Theft,Suburban,Yes,No,No,59.0,2.2,2,1.8,256363.0,251967.0,0.437,,Legitimate
1162,Life,Theft,Rural,No,No,,18.0,4.0,2,9.2,8084.0,7917.0,0.162,672.4419634999116,Legitimate
1163,Auto,Collision,Urban,No,No,No,30.0,2.7,0,2.8,162964.0,159073.0,0.277,802.8034455297493,Legitimate
1164,Property,Collision,Urban,Yes,No,No,49.0,4.7,0,5.3,191463.0,202961.0,0.682,689.9765034501823,Legitimate
1165,Health,Collision,Rural,No,No,Yes,31.0,4.3,0,1.1,80336.0,86709.0,0.753,658.4321309925574,Legitimate
1166,Auto,Theft,Urban,No,No,Yes,21.0,10.2,0,9.3,251381.0,249208.0,0.173,750.0326140020893,Legitimate
1167,Health,Medical,Urban,Yes,No,,32.0,11.6,1,3.0,356752.0,384804.0,0.195,641.0036713257994,Legitimate
1168,Property,Theft,Urban,No,No,No,36.0,9.5,0,2.0,108763.0,119290.0,0.231,687.9431975225451,Legitimate
1169,Auto,Medical,Rural,No,Yes,,18.0,2.5,0,5.9,67602.0,65553.0,0.179,815.8949068079694,Legitimate
1170,Life,Fire,Rural,Yes,No,,35.0,2.2,1,2.1,49971.0,45364.0,0.229,697.660663803173,Legitimate
1171,Property,Medical,Suburban,Yes,No,,47.0,0.8,0,4.7,43527.0,42947.0,0.185,650.133879119431,Legitimate
1172,Life,Medical,Rural,Yes,No,,41.0,1.2,0,0.3,79960.0,69999.0,0.247,602.5620243047499,Legitimate
1173,Auto,Liability,Urban,Yes,No,No,47.0,1.5,0,5.3,20851.0,19134.0,0.417,654.9982810572119,Legitimate
1174,Health,Collision,Urban,Yes,No,Yes,50.0,5.4,1,2.0,163399.0,173609.0,0.192,677.3077233173624,Legitimate
1175,Auto,Medical,Urban,No,No,,39.0,6.6,2,10.5,47645.0,44693.0,0.436,611.9732478096231,Legitimate
1176,Auto,Liability,Suburban,Yes,No,Yes,44.0,9.2,0,2.5,86386.0,82963.0,0.226,799.1025099568658,Legitimate
1177,Life,Medical,Urban,No,No,,42.0,1.5,1,2.3,33524.0,32455.0,0.199,,Legitimate
1178,Auto,Theft,Urban,No,No,No,42.0,3.8,1,4.7,49390.0,48275.0,0.192,653.0770646097593,Legitimate
1179,Property,Theft,Suburban,No,No,Yes,55.0,3.2,1,2.1,665755.0,619075.0,0.562,588.6344175811182,Fraudulent
1180,Auto,Collision,Suburban,Yes,No,Yes,52.0,16.2,0,2.1,179293.0,186717.0,0.324,575.263249510209,Legitimate
1181,Property,Collision,Suburban,Yes,No,Yes,49.0,2.6,1,0.2,90298.0,79484.0,0.218,721.2962072462976,Legitimate
1182,Life,Medical,Urban,Yes,No,,64.0,4.2,2,1.8,279983.0,298310.0,0.291,696.5482883972096,Legitimate
1183,Property,Liability,Urban,No,No,Yes,24.0,3.0,0,6.0,691212.0,706073.0,0.429,721.532174712647,Legitimate
1184,Property,Medical,Urban,Yes,No,,29.0,5.1,3,5.8,296301.0,303234.0,0.68,519.0278960559034,Fraudulent
1185,Property,Collision,Suburban,Yes,No,Yes,34.0,2.7,0,1.6,160757.0,182736.0,0.262,772.6107920158979,Legitimate
1186,Auto,Collision,Urban,Yes,No,Yes,24.0,2.1,0,6.3,295056.0,290857.0,0.202,794.2891638781048,Legitimate
1187,Auto,Collision,Rural,No,No,Yes,44.0,0.7,1,12.8,491805.0,580136.0,0.641,539.8478569041071,Fraudulent
1188,Property,Collision,Urban,Yes,Yes,Yes,43.0,4.6,2,1.0,145765.0,150285.0,0.237,,Legitimate
1189,Health,Collision,Urban,No,No,No,39.0,11.2,1,15.2,181078.0,189986.0,0.453,711.7596539439276,Legitimate
1190,Health,Collision,Rural,Yes,No,Yes,31.0,2.5,2,8.2,125183.0,132932.0,0.359,642.4065561415231,Legitimate
1191,Life,Medical,Rural,Yes,No,,43.0,9.7,0,16.0,313164.0,327686.0,0.379,,Legitimate
1192,Property,Collision,Suburban,Yes,No,Yes,18.0,6.9,0,3.6,176552.0,190802.0,0.473,670.7249362556986,Legitimate
1193,Health,Liability,Urban,Yes,No,Yes,18.0,1.6,3,1.5,452040.0,526875.0,0.666,778.4585300695468,Legitimate
1194,Auto,Collision,Urban,No,No,Yes,51.0,4.7,0,7.7,126221.0,135583.0,0.211,522.4414383967517,Legitimate
1195,Property,Collision,Rural,Yes,No,Yes,35.0,6.1,1,3.7,247193.0,254865.0,0.695,491.80415306493774,Legitimate
1196,Property,Fire,Rural,Yes,No,Yes,64.0,5.0,0,5.0,233613.0,246739.0,0.259,,Legitimate
1197,Health,Medical,Rural,No,Yes,,55.0,5.9,0,4.1,64742.0,64753.0,0.357,671.0589533735437,Legitimate
1198,Auto,Fire,Suburban,Yes,No,Yes,26.0,6.9,0,5.7,48773.0,53781.0,0.513,536.5440738845605,Legitimate
1199,Health,Collision,Rural,Yes,No,Yes,54.0,9.4,3,4.3,262757.0,246889.0,0.286,631.2501261576541,Legitimate
1200,Auto,Medical,Suburban,No,No,,20.0,0.7,0,1.1,21811.0,24342.0,0.177,696.3259541307382,Legitimate
1201,Health,Medical,Urban,No,No,,43.0,5.9,2,4.3,97137.0,88455.0,0.219,757.3956755660763,Legitimate
1202,Auto,Medical,Urban,Yes,No,,41.0,6.1,1,3.7,94170.0,87232.0,0.673,674.2376019405461,Legitimate
1203,Life,Theft,Rural,Yes,No,,44.0,4.5,1,1.5,203852.0,193324.0,0.205,722.2966815617106,Legitimate
1204,Health,Liability,Rural,Yes,No,Yes,26.0,11.4,0,7.2,500826.0,529688.0,0.179,675.4309399191671,Legitimate
1205,Auto,Collision,Suburban,No,No,No,34.0,4.6,3,9.4,219908.0,217752.0,0.196,589.9466543320734,Legitimate
1206,Health,Collision,Rural,No,No,No,51.0,3.0,0,7.2,149109.0,129111.0,0.278,600.4173080775988,Legitimate
1207,Life,Collision,Urban,Yes,Yes,,35.0,3.8,0,11.7,171799.0,173221.0,0.328,528.3916105703885,Legitimate
1208,Auto,Medical,Urban,No,No,,32.0,6.0,0,0.8,103084.0,107155.0,0.428,685.54242076509,Legitimate
1209,Health,Collision,Urban,Yes,No,Yes,47.0,14.9,2,3.5,308288.0,302328.0,0.249,586.684653144582,Legitimate
1210,Auto,Theft,Rural,No,No,No,37.0,1.5,1,1.9,120394.0,116162.0,0.4,735.111042064683,Fraudulent
1211,Life,Collision,Urban,No,No,,19.0,4.1,1,4.3,109341.0,100987.0,0.481,697.9398262243175,Legitimate
1212,Life,Collision,Rural,No,No,,41.0,11.4,1,2.3,147656.0,165035.0,0.201,629.6367577946469,Legitimate
1213,Health,Liability,Urban,No,No,Yes,32.0,12.3,2,13.1,63983.0,55435.0,0.236,517.2409381087742,Legitimate
1214,Health,Medical,Rural,No,No,,36.0,12.3,1,1.4,140301.0,138123.0,0.705,,Legitimate
1215,Auto,Collision,Suburban,Yes,No,No,36.0,17.6,2,9.7,185960.0,173186.0,0.212,654.1189123137403,Legitimate
1216,Health,Liability,Urban,Yes,No,Yes,25.0,2.7,2,5.7,51928.0,51604.0,0.207,414.5256587219511,Legitimate
1217,Property,Theft,Urban,Yes,No,Yes,26.0,22.5,2,5.1,22391.0,23350.0,0.196,686.9392726480716,Legitimate
1218,Auto,Theft,Urban,Yes,No,Yes,44.0,12.6,1,2.2,311551.0,303113.0,0.497,611.0447484588695,Legitimate
1219,Auto,Theft,Suburban,No,No,No,22.0,16.3,0,1.4,67454.0,72391.0,0.21,615.4957341138222,Legitimate
1220,Auto,Medical,Urban,No,No,,33.0,1.2,2,3.5,64928.0,69545.0,0.209,,Legitimate
1221,Auto,Liability,Urban,Yes,No,Yes,36.0,3.9,0,4.8,60721.0,57842.0,0.194,,Legitimate
1222,Auto,Fire,Urban,Yes,No,Yes,68.0,10.2,1,4.2,145465.0,157248.0,0.731,608.9596746269758,Legitimate
1223,Life,Fire,Rural,Yes,No,,18.0,1.9,1,12.1,303211.0,256750.0,0.226,689.2415961904763,Legitimate
1224,Property,Medical,Suburban,Yes,No,,52.0,8.0,0,8.0,707434.0,635729.0,0.186,554.9619678350577,Legitimate
1225,Auto,Fire,Urban,Yes,No,Yes,39.0,1.8,0,10.2,57934.0,65250.0,0.43,668.659954095447,Legitimate
1226,Health,Medical,Urban,No,No,,26.0,11.9,2,7.2,42737.0,42277.0,0.238,616.4507242052491,Legitimate
1227,Health,Medical,Suburban,Yes,No,,55.0,14.5,1,0.5,213742.0,193825.0,0.2,665.4538516030613,Legitimate
1228,Health,Collision,Suburban,Yes,No,No,28.0,6.0,0,7.4,77595.0,74067.0,0.181,589.8707862686962,Legitimate
1229,Property,Collision,Suburban,Yes,No,Yes,46.0,7.1,1,2.0,390740.0,429634.0,0.596,594.5563888506983,Legitimate
1230,Property,Medical,Suburban,Yes,No,,53.0,5.5,3,5.3,125711.0,130046.0,0.669,672.1650354225362,Legitimate
1231,Health,Medical,Urban,Yes,No,,43.0,5.8,3,11.4,143416.0,151291.0,0.206,697.030785325694,Legitimate
1232,Health,Liability,Urban,No,No,Yes,25.0,0.5,0,6.3,354182.0,384045.0,0.2,565.6093376798638,Legitimate
1233,Auto,Fire,Suburban,Yes,No,Yes,21.0,2.6,1,11.4,70247.0,67348.0,0.373,604.4761479625525,Legitimate
1234,Health,Collision,Urban,No,No,Yes,24.0,16.3,1,8.8,537291.0,611146.0,0.248,690.1014469476387,Legitimate
1235,Auto,Liability,Rural,No,No,Yes,20.0,3.2,2,8.2,288998.0,228179.0,0.204,769.3123982854414,Legitimate
1236,Life,Collision,Suburban,No,Yes,,18.0,2.9,0,3.3,113249.0,117790.0,0.173,701.0653654291535,Legitimate
1237,Health,Liability,Suburban,Yes,No,Yes,57.0,4.5,2,2.5,349398.0,384246.0,0.43,539.6857555063202,Legitimate
1238,Auto,Collision,Urban,No,No,Yes,39.0,3.0,2,5.7,149774.0,140953.0,0.23,698.333255542869,Legitimate
1239,Property,Collision,Rural,Yes,No,Yes,28.0,11.6,2,6.4,161550.0,148742.0,0.189,677.2661745003364,Legitimate
1240,Auto,Collision,Suburban,Yes,No,No,26.0,9.7,0,4.7,48594.0,52757.0,0.372,531.1065722726905,Legitimate
1241,Auto,Theft,Urban,No,No,Yes,24.0,6.6,1,1.5,85187.0,87139.0,0.374,684.8184231255386,Legitimate
1242,Auto,Medical,Suburban,No,No,,41.0,3.2,0,2.7,195086.0,191399.0,0.386,498.63420301814716,Legitimate
1243,Property,Collision,Urban,Yes,No,Yes,50.0,2.1,2,15.1,94302.0,97544.0,0.758,714.8022485330225,Legitimate
1244,Health,Theft,Rural,No,No,Yes,38.0,1.4,0,5.6,36419.0,33626.0,0.347,618.5456022438893,Legitimate
1245,Auto,Theft,Urban,Yes,No,Yes,44.0,5.8,1,1.3,402273.0,431288.0,0.254,,Legitimate
1246,Auto,Medical,Rural,No,No,,70.0,6.4,0,2.8,180613.0,190391.0,0.551,692.707614166888,Legitimate
1247,Health,Medical,Urban,Yes,No,,60.0,4.0,1,16.2,102536.0,104578.0,0.204,621.1739872279893,Legitimate
1248,Auto,Collision,Suburban,Yes,No,No,43.0,2.4,0,4.3,530565.0,553074.0,0.244,554.1750195261153,Legitimate
1249,Auto,Collision,Rural,No,No,Yes,32.0,1.2,3,6.9,350898.0,323383.0,0.232,631.0603088413761,Legitimate
1250,Auto,Collision,Suburban,Yes,No,Yes,37.0,13.4,2,3.8,223161.0,203695.0,0.33,,Legitimate
1251,Health,Collision,Urban,No,No,No,64.0,3.8,1,2.4,73703.0,71813.0,0.351,555.578798274403,Legitimate
1252,Auto,Medical,Urban,Yes,No,,19.0,3.2,1,1.8,212520.0,193571.0,0.425,,Legitimate
1253,Auto,Medical,Urban,Yes,No,,77.0,2.1,0,1.2,105591.0,108405.0,0.192,,Legitimate
1254,Health,Collision,Rural,No,No,Yes,41.0,14.3,0,3.9,158366.0,164028.0,0.343,620.3182462334112,Legitimate
1255,Health,Theft,Rural,No,No,Yes,31.0,0.5,1,3.8,305001.0,303419.0,0.291,,Legitimate
1256,Auto,Fire,Rural,No,No,Yes,45.0,0.4,0,5.2,164159.0,170099.0,0.421,452.1305437005033,Legitimate
1257,Auto,Collision,Suburban,No,Yes,Yes,33.0,1.5,0,8.8,147797.0,166469.0,0.378,584.9894792778057,Fraudulent
1258,Life,Collision,Urban,Yes,No,,52.0,4.7,1,2.7,71147.0,73381.0,0.37,644.3935354947739,Legitimate
1259,Health,Medical,Rural,No,No,,35.0,2.2,3,5.7,139836.0,160132.0,0.278,527.6060959218953,Legitimate
1260,Life,Medical,Suburban,No,Yes,,43.0,3.7,0,5.3,225851.0,242321.0,0.412,,Legitimate
1261,Life,Medical,Suburban,Yes,No,,18.0,2.4,0,0.6,380993.0,348528.0,0.203,580.3182042537409,Legitimate
1262,Auto,Collision,Urban,Yes,No,Yes,40.0,6.6,2,4.0,177567.0,169161.0,0.315,640.6037506867883,Legitimate
1263,Auto,Theft,Suburban,No,No,No,24.0,4.3,0,1.6,369970.0,350276.0,0.187,776.2504661682343,Legitimate
1264,Auto,Collision,Urban,No,No,Yes,27.0,7.4,0,13.2,165408.0,161277.0,0.201,653.5416239205649,Legitimate
1265,Health,Collision,Rural,No,No,No,52.0,4.8,1,4.3,46079.0,47130.0,0.564,674.5604658006143,Fraudulent
1266,Auto,Liability,Urban,No,No,Yes,39.0,6.7,0,12.6,22055.0,20197.0,0.18,511.02688041925893,Legitimate
1267,Health,Liability,Suburban,Yes,No,Yes,39.0,6.0,0,9.6,119207.0,135782.0,0.243,622.4634859105081,Legitimate
1268,Property,Theft,Suburban,No,No,Yes,42.0,15.1,4,1.2,124523.0,129570.0,0.349,800.3870865070317,Legitimate
1269,Health,Medical,Rural,Yes,No,,65.0,3.6,1,9.8,42119.0,47139.0,0.256,673.7762340956047,Legitimate
1270,Life,Fire,Rural,No,No,,46.0,3.3,2,5.7,83210.0,74362.0,0.267,695.3879858300488,Legitimate
1271,Health,Collision,Urban,Yes,No,Yes,55.0,11.2,0,4.6,163711.0,175177.0,0.275,639.2477301273716,Legitimate
1272,Property,Theft,Urban,Yes,No,Yes,23.0,8.3,2,8.8,68092.0,72727.0,0.32,636.7505059819239,Legitimate
1273,Health,Medical,Rural,Yes,No,,56.0,9.1,1,1.3,71864.0,63601.0,0.182,594.7770517020582,Legitimate
1274,Health,Collision,Suburban,Yes,No,No,54.0,1.5,0,6.1,142276.0,136911.0,0.385,575.4143201236845,Legitimate
1275,Health,Theft,Urban,Yes,No,No,33.0,8.3,2,10.0,100976.0,96671.0,0.236,664.2053743933762,Legitimate
1276,Auto,Medical,Suburban,Yes,No,,41.0,5.8,1,9.4,148816.0,129307.0,0.462,717.8768462018644,Legitimate
1277,Auto,Theft,Rural,Yes,No,Yes,25.0,8.7,2,17.2,193312.0,192311.0,0.167,688.0082286854847,Legitimate
1278,Health,Liability,Rural,Yes,No,Yes,44.0,5.8,1,10.5,20665.0,22831.0,0.413,502.95604789604215,Legitimate
1279,Health,Liability,Suburban,No,No,Yes,42.0,8.6,5,6.8,363244.0,383635.0,0.167,743.876765666983,Legitimate
1280,Auto,Medical,Urban,No,No,,48.0,22.3,3,4.5,115177.0,119470.0,0.175,,Legitimate
1281,Health,Collision,Suburban,No,Yes,Yes,41.0,1.8,1,11.7,137106.0,130214.0,0.392,718.9317835975558,Fraudulent
1282,Auto,Collision,Urban,Yes,No,Yes,52.0,10.6,1,4.6,155733.0,159806.0,0.545,608.8848758234357,Legitimate
1283,Life,Medical,Urban,No,No,,41.0,14.5,1,8.1,35752.0,33866.0,0.304,680.709499867823,Legitimate
1284,Life,Collision,Urban,No,No,,52.0,3.1,2,8.3,120935.0,115880.0,0.264,598.5452049595533,Legitimate
1285,Auto,Theft,Urban,No,No,No,32.0,4.7,0,2.5,274308.0,291351.0,0.229,727.0649239505766,Legitimate
1286,Auto,Theft,Urban,Yes,No,Yes,30.0,2.9,0,2.9,81132.0,89408.0,0.249,734.8552028041778,Legitimate
1287,Health,Theft,Suburban,No,No,No,30.0,5.7,1,11.0,606733.0,581152.0,0.229,677.9198731971281,Legitimate
1288,Health,Medical,Urban,No,No,,39.0,12.8,0,4.9,43415.0,43953.0,0.179,564.0694166113685,Legitimate
1289,Auto,Medical,Rural,No,No,,35.0,9.6,1,4.1,61164.0,61341.0,0.428,634.5992891443683,Legitimate
1290,Life,Fire,Suburban,No,No,,55.0,5.9,0,6.8,82830.0,79277.0,0.369,587.6899168600755,Legitimate
1291,Health,Collision,Rural,No,No,No,48.0,4.5,0,1.1,221272.0,230210.0,0.263,587.3625605189383,Legitimate
1292,Auto,Collision,Suburban,Yes,No,No,61.0,6.2,1,0.9,285655.0,312418.0,0.169,637.8055514216861,Legitimate
1293,Auto,Liability,Suburban,Yes,No,Yes,41.0,3.3,0,2.2,135616.0,147192.0,0.492,690.3754228080627,Legitimate
1294,Life,Medical,Urban,Yes,No,,40.0,7.4,0,9.1,87168.0,91547.0,0.369,670.7987201259652,Legitimate
1295,Health,Collision,Urban,No,No,Yes,45.0,1.3,1,2.2,158586.0,160385.0,0.455,573.6903782288593,Legitimate
1296,Life,Medical,Suburban,No,No,,45.0,1.1,1,2.2,258773.0,254999.0,0.207,504.90952042465165,Legitimate
1297,Health,Collision,Suburban,Yes,No,Yes,30.0,3.3,1,5.8,86773.0,84443.0,0.255,756.063702967301,Legitimate
1298,Auto,Medical,Suburban,Yes,No,,36.0,1.5,1,2.1,138223.0,115819.0,0.695,522.880078541686,Legitimate
1299,Auto,Medical,Urban,No,No,,27.0,3.7,0,5.3,304466.0,287319.0,0.733,,Legitimate
1300,Auto,Theft,Urban,Yes,No,Yes,66.0,1.8,1,6.9,166254.0,148008.0,0.246,705.8375317249058,Legitimate
1301,Life,Liability,Suburban,Yes,No,,37.0,0.7,2,10.0,97352.0,104042.0,0.548,578.8421993000553,Legitimate
1302,Auto,Medical,Rural,Yes,No,,52.0,2.4,2,4.8,41201.0,46813.0,0.172,584.1502244965823,Legitimate
1303,Auto,Theft,Suburban,Yes,No,Yes,38.0,0.7,2,3.4,314151.0,286799.0,0.421,544.8573495904726,Legitimate
1304,Auto,Collision,Urban,No,No,Yes,63.0,4.5,3,18.0,57901.0,61779.0,0.614,582.8331482118833,Fraudulent
1305,Health,Collision,Urban,No,No,No,34.0,6.6,0,4.5,190449.0,185167.0,0.199,655.9719098893709,Legitimate
1306,Life,Collision,Rural,No,No,,50.0,6.8,1,10.9,143260.0,143953.0,0.429,715.7380268333317,Legitimate
1307,Property,Collision,Urban,No,No,Yes,18.0,8.0,0,5.3,33658.0,32217.0,0.306,566.7403320834426,Legitimate
1308,Property,Liability,Rural,No,No,Yes,45.0,1.7,2,3.7,66787.0,68045.0,0.185,649.5783116976704,Legitimate
1309,Health,Medical,Urban,No,No,,39.0,5.2,1,18.0,108278.0,114634.0,0.81,633.9994542529421,Legitimate
1310,Health,Collision,Suburban,No,No,No,22.0,7.0,1,4.2,272941.0,276517.0,0.463,635.7129650514349,Legitimate
1311,Auto,Medical,Urban,Yes,No,,26.0,4.1,0,7.8,219288.0,200382.0,0.202,567.2497597678438,Legitimate
1312,Health,Theft,Rural,Yes,No,No,27.0,13.0,0,2.4,388957.0,381514.0,0.181,739.1365877233737,Legitimate
1313,Life,Collision,Suburban,Yes,No,,40.0,10.0,0,3.6,46016.0,47073.0,0.187,669.1310873545352,Legitimate
1314,Auto,Theft,Urban,No,No,Yes,48.0,6.9,2,2.9,265811.0,269936.0,0.326,756.8246316779794,Legitimate
1315,Property,Medical,Urban,No,No,,59.0,1.0,1,7.0,136796.0,138887.0,0.382,808.4680054635955,Legitimate
1316,Health,Liability,Urban,Yes,No,Yes,59.0,3.3,0,7.9,117450.0,124909.0,0.37,758.0348945799666,Legitimate
1317,Property,Fire,Urban,No,No,Yes,31.0,2.0,2,2.9,204372.0,213236.0,0.411,557.0216718953059,Legitimate
1318,Life,Collision,Urban,No,No,,45.0,6.2,1,0.6,181499.0,185130.0,0.426,850.0,Legitimate
1319,Auto,Medical,Urban,No,No,,44.0,9.9,3,11.5,424826.0,448887.0,0.175,774.4900312143031,Legitimate
1320,Auto,Collision,Rural,No,No,Yes,43.0,2.5,1,4.7,88280.0,80408.0,0.383,522.0072197554811,Legitimate
1321,Auto,Fire,Urban,Yes,No,No,44.0,1.1,1,1.5,255884.0,263044.0,0.373,517.2651668938421,Legitimate
1322,Property,Collision,Urban,No,No,Yes,80.0,5.5,1,3.1,101792.0,91856.0,0.218,574.9818704733693,Legitimate
1323,Property,Theft,Rural,No,Yes,Yes,43.0,8.6,0,2.9,208241.0,208013.0,0.236,731.9843781745161,Legitimate
1324,Health,Medical,Urban,Yes,Yes,,37.0,8.7,1,5.8,37356.0,37010.0,0.242,,Legitimate
1325,Auto,Fire,Rural,Yes,No,Yes,51.0,3.1,1,15.5,164701.0,186768.0,0.711,680.1335668687983,Legitimate
1326,Auto,Theft,Rural,Yes,No,Yes,55.0,14.2,0,1.6,168386.0,169357.0,0.243,536.8398282772249,Legitimate
1327,Life,Liability,Rural,No,No,,61.0,1.5,0,5.3,555492.0,597457.0,0.328,490.67057820746925,Legitimate
1328,Auto,Collision,Suburban,Yes,No,Yes,42.0,6.6,4,14.2,130311.0,153865.0,0.191,653.8427751950759,Legitimate
1329,Auto,Fire,Suburban,Yes,No,Yes,18.0,4.9,0,1.1,55617.0,50616.0,0.282,639.8488655476829,Legitimate
1330,Auto,Collision,Urban,No,No,No,36.0,8.2,1,4.3,376677.0,398372.0,0.283,636.7472972971153,Legitimate
1331,Property,Collision,Urban,No,No,Yes,57.0,6.1,1,5.4,44303.0,39023.0,0.764,604.3504815700076,Legitimate
1332,Auto,Medical,Urban,Yes,No,,31.0,8.1,1,4.3,205868.0,206956.0,0.24,707.0388737035184,Legitimate
1333,Health,Liability,Urban,Yes,Yes,Yes,41.0,3.1,1,6.0,164278.0,158923.0,0.295,586.5305646721558,Legitimate
1334,Auto,Liability,Urban,No,No,Yes,54.0,7.1,1,4.8,315342.0,284571.0,0.23,765.6455234943401,Legitimate
1335,Life,Medical,Urban,No,No,,61.0,2.9,1,14.1,165597.0,162001.0,0.169,677.4399905827318,Legitimate
1336,Auto,Theft,Rural,Yes,No,Yes,63.0,6.3,3,4.3,153455.0,157946.0,0.647,737.8310019483858,Legitimate
1337,Health,Medical,Urban,No,No,,39.0,3.4,2,9.2,210261.0,208789.0,0.214,605.3884468010773,Legitimate
1338,Property,Liability,Rural,Yes,No,No,48.0,3.0,0,2.0,44214.0,45345.0,0.464,801.0758060581977,Legitimate
1339,Auto,Collision,Rural,No,No,No,32.0,3.6,0,29.9,209270.0,186866.0,0.192,663.1400088510203,Legitimate
1340,Property,Collision,Rural,No,No,Yes,59.0,2.9,1,3.4,251900.0,269373.0,0.218,625.0226865666983,Legitimate
1341,Auto,Collision,Urban,Yes,No,Yes,23.0,2.0,1,12.6,230404.0,262542.0,0.446,486.13230929730395,Legitimate
1342,Property,Collision,Urban,No,No,Yes,44.0,6.0,2,21.0,201107.0,209993.0,0.341,575.1295245670432,Legitimate
1343,Health,Fire,Urban,No,No,No,42.0,11.4,1,3.6,324671.0,299657.0,0.433,703.4044324709583,Legitimate
1344,Auto,Theft,Urban,No,No,Yes,41.0,10.1,1,6.4,87147.0,81389.0,0.709,668.3663588209718,Legitimate
1345,Auto,Medical,Urban,No,No,,42.0,2.1,0,1.8,30797.0,30993.0,0.379,627.7597449376954,Legitimate
1346,Life,Medical,Urban,No,No,,51.0,6.4,0,6.3,149123.0,143180.0,0.41,676.4422329295422,Legitimate
1347,Life,Medical,Urban,Yes,No,,35.0,2.5,1,2.7,78191.0,91058.0,0.224,615.7675488606378,Legitimate
1348,Health,Theft,Urban,No,No,Yes,43.0,0.5,0,2.2,101116.0,109106.0,0.823,554.7723649100147,Fraudulent
1349,Health,Medical,Urban,No,No,,35.0,22.2,0,14.5,143008.0,135778.0,0.491,698.5354168440432,Legitimate
1350,Health,Liability,Urban,Yes,No,Yes,19.0,4.1,0,2.6,134943.0,152169.0,0.486,761.0400158313605,Legitimate
1351,Health,Medical,Suburban,No,No,,48.0,0.7,0,3.1,196896.0,183356.0,0.704,715.3721109353264,Legitimate
1352,Property,Collision,Urban,Yes,No,No,38.0,6.9,2,2.9,74183.0,70383.0,0.202,566.0147792142352,Legitimate
1353,Auto,Theft,Rural,Yes,No,Yes,44.0,6.4,0,4.1,274736.0,248778.0,0.167,661.1022510111089,Legitimate
1354,Auto,Medical,Suburban,No,No,,43.0,1.9,0,6.1,34369.0,32811.0,0.376,,Legitimate
1355,Auto,Medical,Rural,Yes,No,,65.0,5.0,1,3.0,233711.0,239710.0,0.241,557.3318174095768,Legitimate
1356,Auto,Medical,Suburban,Yes,No,,40.0,1.1,0,1.7,301286.0,324919.0,0.187,697.6484114456243,Legitimate
1357,Auto,Collision,Suburban,Yes,No,Yes,45.0,3.5,3,3.9,102822.0,108123.0,0.255,635.3905241479165,Legitimate
1358,Auto,Collision,Suburban,No,Yes,No,53.0,5.3,1,1.7,94225.0,99090.0,0.695,618.8843530607628,Fraudulent
1359,Property,Medical,Urban,Yes,No,,42.0,11.8,0,8.9,110823.0,108893.0,0.397,596.639736453657,Legitimate
1360,Auto,Collision,Urban,Yes,No,Yes,51.0,6.0,0,2.6,44184.0,43492.0,0.329,618.2566599112317,Legitimate
1361,Auto,Collision,Urban,No,No,No,56.0,7.3,2,4.3,77836.0,71794.0,0.717,773.0715433879873,Fraudulent
1362,Auto,Medical,Urban,No,No,,54.0,3.4,0,20.5,240631.0,254497.0,0.184,572.1906652424211,Legitimate
1363,Property,Medical,Suburban,Yes,No,,41.0,21.7,1,2.1,82894.0,80303.0,0.202,557.8561902511971,Legitimate
1364,Auto,Fire,Suburban,Yes,No,Yes,51.0,5.2,2,0.2,298329.0,279206.0,0.278,735.2427129765813,Legitimate
1365,Health,Medical,Urban,No,No,,37.0,2.7,0,2.9,357206.0,348331.0,0.247,656.7700365737071,Legitimate
1366,Property,Collision,Suburban,Yes,No,Yes,30.0,1.3,0,5.8,249202.0,258405.0,0.263,657.270931654662,Legitimate
1367,Life,Theft,Rural,No,No,,40.0,0.9,0,9.1,129699.0,115637.0,0.342,701.4030616991732,Legitimate
1368,Property,Medical,Urban,Yes,No,,33.0,5.5,3,7.0,124085.0,129322.0,0.387,707.6740416827416,Legitimate
1369,Health,Theft,Suburban,Yes,No,No,44.0,0.4,0,7.4,74477.0,75546.0,0.332,578.6151907716805,Legitimate
1370,Health,Collision,Rural,Yes,No,No,58.0,3.3,0,11.3,109663.0,105899.0,0.193,619.2082378806791,Legitimate
1371,Auto,Collision,Urban,No,No,No,66.0,7.0,0,0.7,263852.0,265797.0,0.514,484.09272731098923,Legitimate
1372,Health,Liability,Suburban,Yes,No,No,34.0,0.7,1,6.3,73828.0,80594.0,0.228,636.9400060807707,Legitimate
1373,Health,Collision,Suburban,No,No,Yes,46.0,2.0,0,7.0,213397.0,224668.0,0.195,693.9304774466736,Legitimate
1374,Property,Collision,Urban,No,Yes,Yes,18.0,10.0,1,3.0,160062.0,165680.0,0.409,637.7891177310096,Fraudulent
1375,Auto,Theft,Urban,No,No,Yes,42.0,5.3,2,3.3,184213.0,169100.0,0.364,654.2218703646953,Legitimate
1376,Auto,Theft,Urban,Yes,No,No,52.0,8.1,1,0.6,114893.0,118979.0,0.219,571.3504001316415,Legitimate
1377,Auto,Medical,Urban,Yes,No,,41.0,14.1,3,1.7,71767.0,78228.0,0.637,652.3276667137811,Legitimate
1378,Auto,Medical,Suburban,Yes,No,,40.0,15.1,1,11.7,66922.0,68885.0,0.384,729.966920240664,Legitimate
1379,Health,Liability,Suburban,Yes,No,Yes,33.0,2.1,0,1.4,41756.0,42087.0,0.168,767.3682151687356,Legitimate
1380,Auto,Theft,Urban,Yes,No,No,44.0,2.2,1,8.5,19731.0,19146.0,0.395,628.0314266775608,Legitimate
1381,Auto,Collision,Rural,Yes,Yes,No,28.0,3.9,0,7.7,40438.0,42806.0,0.331,698.71333515664,Legitimate
1382,Property,Theft,Suburban,No,No,No,47.0,14.9,0,3.2,19929.0,18201.0,0.214,599.6148687796223,Legitimate
1383,Health,Medical,Rural,No,No,,49.0,6.9,0,9.4,66660.0,68058.0,0.642,671.5298984884039,Legitimate
1384,Health,Collision,Suburban,Yes,Yes,No,44.0,3.1,0,14.4,213282.0,189627.0,0.207,650.3901775739039,Legitimate
1385,Auto,Collision,Suburban,No,No,No,40.0,5.9,0,10.8,108875.0,114338.0,0.27,714.8851029455462,Legitimate
1386,Auto,Theft,Urban,No,No,Yes,25.0,9.6,1,0.2,129920.0,148147.0,0.748,783.6265894324799,Legitimate
1387,Life,Medical,Urban,Yes,No,,59.0,3.3,0,2.5,78354.0,71926.0,0.198,671.2248324166139,Legitimate
1388,Auto,Collision,Urban,No,Yes,Yes,39.0,6.8,0,6.2,159557.0,159770.0,0.221,759.5579424416551,Legitimate
1389,Property,Collision,Urban,No,No,Yes,18.0,1.9,1,4.9,17064.0,16218.0,0.202,602.1335012377692,Legitimate
1390,Life,Medical,Suburban,Yes,No,,65.0,5.8,1,7.8,126031.0,118986.0,0.206,526.7474701180357,Legitimate
1391,Life,Medical,Suburban,No,No,,35.0,6.5,1,3.9,183050.0,191488.0,0.524,580.792156886533,Legitimate
1392,Property,Theft,Urban,Yes,No,Yes,33.0,6.6,0,9.7,121206.0,116785.0,0.175,,Legitimate
1393,Health,Collision,Suburban,No,No,No,46.0,2.1,0,4.0,252490.0,271107.0,0.499,735.526948303347,Legitimate
1394,Property,Medical,Urban,Yes,Yes,,57.0,4.4,0,10.7,280836.0,257314.0,0.7,732.0849307702858,Legitimate
1395,Life,Medical,Rural,Yes,No,,34.0,5.6,0,5.2,33463.0,32820.0,0.324,658.396600355307,Legitimate
1396,Property,Medical,Urban,No,No,,34.0,14.5,0,1.4,151903.0,160104.0,0.238,585.6701090044096,Legitimate
1397,Health,Collision,Suburban,Yes,No,Yes,32.0,3.1,0,2.3,197016.0,191117.0,0.391,630.3656980415643,Legitimate
1398,Health,Collision,Urban,No,No,Yes,43.0,4.3,0,6.3,134966.0,139642.0,0.194,639.9028293612989,Legitimate
1399,Health,Medical,Urban,Yes,No,,44.0,2.2,0,15.7,50834.0,52919.0,0.235,647.6633896438967,Legitimate
1400,Property,Collision,Rural,Yes,No,No,51.0,1.3,1,6.6,248966.0,248388.0,0.71,472.93607618345203,Legitimate
1401,Auto,Collision,Rural,No,No,Yes,47.0,3.1,1,3.8,44316.0,52541.0,0.315,752.4609347365688,Legitimate
1402,Health,Medical,Suburban,No,No,,39.0,3.9,0,2.4,58070.0,52157.0,0.229,672.7467318380349,Legitimate
1403,Auto,Collision,Suburban,Yes,No,Yes,40.0,1.6,2,4.6,419780.0,410229.0,0.279,831.7173017554794,Legitimate
1404,Health,Medical,Rural,Yes,Yes,,27.0,3.6,3,7.3,378072.0,434187.0,0.244,632.1717006051899,Legitimate
1405,Life,Medical,Suburban,No,No,,38.0,0.9,0,3.2,246370.0,268162.0,0.262,665.6062708241458,Legitimate
1406,Property,Medical,Suburban,No,No,,50.0,2.5,0,17.9,125636.0,122202.0,0.249,688.6126290688634,Legitimate
1407,Auto,Collision,Urban,No,No,Yes,23.0,7.5,0,7.5,112814.0,114873.0,0.612,587.8201867640993,Legitimate
1408,Auto,Collision,Urban,No,No,Yes,45.0,5.1,1,1.7,166783.0,157654.0,0.2,704.7839401882355,Legitimate
1409,Auto,Fire,Rural,Yes,Yes,Yes,57.0,8.6,3,0.6,208142.0,191234.0,0.477,657.2302266743523,Legitimate
1410,Health,Theft,Suburban,Yes,No,Yes,35.0,14.4,3,10.7,193094.0,209871.0,0.659,618.2325027389086,Legitimate
1411,Auto,Liability,Rural,Yes,No,Yes,52.0,4.2,2,4.6,93126.0,88490.0,0.197,637.8122657551477,Legitimate
1412,Life,Medical,Rural,No,No,,40.0,10.0,0,1.4,91605.0,97569.0,0.341,648.383809705653,Legitimate
1413,Health,Fire,Suburban,Yes,No,No,52.0,1.1,0,1.4,471714.0,441250.0,0.598,599.2855365431188,Legitimate
1414,Auto,Collision,Urban,Yes,Yes,No,51.0,5.1,1,4.3,144374.0,130081.0,0.186,665.2321017267976,Legitimate
1415,Auto,Collision,Urban,Yes,No,No,41.0,1.3,1,2.5,197532.0,193466.0,0.235,573.8737007746196,Legitimate
1416,Life,Liability,Suburban,Yes,No,,57.0,7.3,0,2.0,76308.0,73256.0,0.459,660.6441041148015,Legitimate
1417,Property,Liability,Suburban,Yes,No,No,18.0,10.3,0,2.8,393046.0,411446.0,0.275,755.0795911042775,Legitimate
1418,Auto,Fire,Suburban,No,No,No,37.0,7.3,0,1.8,274406.0,266455.0,0.471,692.4098661009893,Legitimate
1419,Life,Collision,Urban,No,No,,37.0,9.5,0,4.0,130974.0,108561.0,0.288,,Legitimate
1420,Health,Theft,Urban,No,No,No,41.0,2.8,0,8.9,50783.0,52265.0,0.227,616.2367615978806,Legitimate
1421,Auto,Collision,Suburban,Yes,No,Yes,41.0,6.2,3,7.0,127093.0,136042.0,0.178,744.4316262578686,Legitimate
1422,Auto,Collision,Rural,Yes,No,Yes,48.0,12.8,2,4.0,160004.0,147912.0,0.349,784.7655588752029,Legitimate
1423,Life,Collision,Urban,Yes,No,,22.0,3.0,1,9.7,434401.0,476903.0,0.271,586.7543233128567,Legitimate
1424,Auto,Theft,Rural,Yes,No,Yes,55.0,2.4,1,7.4,151477.0,137381.0,0.193,358.18025282032124,Legitimate
1425,Life,Collision,Suburban,Yes,No,,39.0,2.4,1,1.0,39867.0,35930.0,0.536,629.5451667319857,Legitimate
1426,Life,Collision,Urban,Yes,Yes,,37.0,4.2,0,10.0,618937.0,664387.0,0.168,657.3371369432484,Legitimate
1427,Life,Theft,Suburban,Yes,No,,37.0,10.3,2,0.3,52358.0,51710.0,0.203,630.2355588118055,Legitimate
1428,Life,Liability,Urban,No,No,,43.0,10.1,1,13.8,61709.0,65159.0,0.172,400.2895835163122,Legitimate
1429,Auto,Collision,Urban,Yes,No,No,52.0,8.7,1,13.6,78754.0,87728.0,0.19,616.5498283477427,Legitimate
1430,Health,Fire,Suburban,No,No,No,25.0,3.8,0,3.1,193364.0,180896.0,0.367,584.1659568814905,Legitimate
1431,Life,Collision,Suburban,Yes,No,,48.0,5.7,1,3.8,30210.0,23040.0,0.182,617.3801006213547,Legitimate
1432,Auto,Liability,Suburban,Yes,No,Yes,40.0,11.0,0,5.4,115013.0,118437.0,0.245,604.0024306465269,Legitimate
1433,Health,Theft,Urban,Yes,No,No,43.0,2.9,1,4.1,273852.0,274314.0,0.194,652.5088450143049,Legitimate
1434,Life,Theft,Urban,No,No,,43.0,1.7,1,4.4,190270.0,202060.0,0.179,565.2716954997011,Fraudulent
1435,Health,Liability,Urban,No,No,Yes,39.0,3.2,0,3.6,61218.0,67679.0,0.276,696.044084830295,Legitimate
1436,Auto,Medical,Urban,No,No,,29.0,0.3,0,4.2,75791.0,66558.0,0.271,850.0,Legitimate
1437,Auto,Theft,Urban,Yes,No,Yes,59.0,4.2,0,2.1,67334.0,76141.0,0.19,483.7873422833892,Legitimate
1438,Auto,Medical,Urban,Yes,No,,54.0,1.0,1,1.1,202359.0,194058.0,0.29,716.956890564544,Legitimate
1439,Property,Liability,Suburban,Yes,No,No,43.0,1.4,1,3.9,11828.0,10564.0,0.237,646.6209984659473,Legitimate
1440,Property,Collision,Urban,Yes,Yes,Yes,46.0,2.1,3,4.5,197037.0,152726.0,0.517,591.9432681530153,Fraudulent
1441,Health,Liability,Rural,Yes,No,Yes,43.0,5.6,1,1.1,26494.0,28066.0,0.167,631.6816503956379,Legitimate
1442,Auto,Medical,Suburban,Yes,No,,61.0,5.0,1,6.7,378740.0,332253.0,0.293,494.95120451243787,Legitimate
1443,Health,Medical,Suburban,No,No,,37.0,5.4,2,3.8,423255.0,454870.0,0.242,415.35588131693964,Legitimate
1444,Auto,Medical,Suburban,Yes,No,,41.0,1.7,0,3.8,186376.0,169658.0,0.17,549.7157744181023,Legitimate
1445,Auto,Liability,Rural,No,No,No,35.0,1.1,0,1.3,155695.0,180174.0,0.181,706.125687631424,Legitimate
1446,Health,Collision,Rural,Yes,No,No,52.0,5.0,2,4.7,82339.0,84783.0,0.532,705.4955027782509,Legitimate
1447,Auto,Collision,Urban,No,No,No,45.0,1.4,1,7.2,127556.0,134106.0,0.545,706.888072533439,Legitimate
1448,Auto,Medical,Suburban,No,No,,39.0,0.8,1,0.9,68929.0,70472.0,0.276,810.000182191602,Legitimate
1449,Life,Collision,Urban,No,No,,44.0,5.2,1,3.5,174204.0,173734.0,0.602,600.1121550575892,Legitimate
1450,Property,Medical,Suburban,No,No,,34.0,8.7,0,13.3,61394.0,56493.0,0.192,676.0325713100233,Legitimate
1451,Auto,Collision,Urban,No,No,Yes,42.0,6.0,4,2.2,62648.0,62864.0,0.169,574.0401841746517,Legitimate
1452,Health,Collision,Urban,Yes,No,Yes,29.0,0.3,4,7.3,232658.0,234977.0,0.285,850.0,Legitimate
1453,Life,Medical,Urban,No,Yes,,42.0,4.9,0,5.0,130254.0,144539.0,0.363,850.0,Legitimate
1454,Health,Liability,Rural,Yes,No,Yes,63.0,10.0,1,2.7,219391.0,212054.0,0.41,833.0267929778788,Legitimate
1455,Health,Liability,Urban,Yes,No,Yes,23.0,11.9,2,2.4,67434.0,66275.0,0.419,710.3800250379398,Legitimate
1456,Auto,Medical,Rural,Yes,No,,41.0,9.0,0,1.7,126498.0,142356.0,0.222,608.0291499122841,Legitimate
1457,Auto,Collision,Suburban,Yes,No,No,44.0,2.5,2,4.5,216822.0,227978.0,0.454,614.8528742172945,Legitimate
1458,Auto,Theft,Urban,Yes,Yes,Yes,49.0,5.7,1,6.9,320364.0,306478.0,0.432,,Legitimate
1459,Life,Theft,Urban,Yes,No,,38.0,3.0,2,2.1,180662.0,191441.0,0.184,570.2522885125928,Legitimate
1460,Health,Collision,Urban,No,No,Yes,18.0,7.7,0,10.4,51825.0,43544.0,0.349,607.8307582294436,Legitimate
1461,Property,Liability,Urban,Yes,No,Yes,45.0,12.9,1,1.6,213280.0,229896.0,0.459,737.202663148581,Legitimate
1462,Health,Collision,Suburban,No,Yes,Yes,47.0,2.9,1,4.8,290853.0,274535.0,0.655,606.5665248492927,Fraudulent
1463,Auto,Collision,Rural,No,Yes,Yes,34.0,4.7,0,2.1,142742.0,135262.0,0.3,675.8324024526349,Fraudulent
1464,Property,Medical,Urban,No,No,,39.0,4.0,1,2.5,56814.0,54913.0,0.178,548.6916271286998,Legitimate
1465,Property,Collision,Rural,Yes,No,No,39.0,7.7,0,3.7,99115.0,87400.0,0.376,,Legitimate
1466,Auto,Collision,Urban,Yes,No,Yes,29.0,1.1,4,3.4,104533.0,104538.0,0.245,639.1849538893888,Legitimate
1467,Life,Collision,Urban,No,No,,42.0,0.8,0,1.5,137188.0,131373.0,0.182,591.0962429810406,Legitimate
1468,Auto,Collision,Rural,Yes,No,No,61.0,4.0,3,12.6,300270.0,297096.0,0.281,589.358345143182,Legitimate
1469,Health,Collision,Suburban,Yes,No,No,47.0,1.0,2,1.2,100260.0,99021.0,0.632,603.3577958995157,Legitimate
1470,Auto,Collision,Urban,Yes,No,Yes,30.0,6.3,0,16.7,141075.0,137367.0,0.271,742.284940147941,Legitimate
1471,Auto,Theft,Rural,Yes,Yes,Yes,40.0,8.1,2,3.6,53141.0,51840.0,0.381,567.3132321572712,Legitimate
1472,Property,Theft,Urban,Yes,No,Yes,57.0,1.7,3,7.3,248366.0,222035.0,0.178,478.54517750637973,Legitimate
1473,Auto,Collision,Suburban,No,No,No,32.0,1.7,2,1.4,302561.0,296252.0,0.392,645.7230878267409,Legitimate
1474,Property,Liability,Suburban,No,No,Yes,50.0,5.0,0,13.6,197721.0,200515.0,0.301,642.8185394249115,Legitimate
1475,Auto,Collision,Urban,No,No,Yes,41.0,4.1,0,8.7,5249.0,5373.0,0.105,572.7910422982532,Legitimate
1476,Health,Liability,Rural,Yes,No,Yes,54.0,3.5,0,6.6,355776.0,382418.0,0.207,602.2104540776825,Legitimate
1477,Health,Fire,Urban,No,No,No,31.0,7.5,1,5.7,176512.0,170185.0,0.259,760.6043911707234,Legitimate
1478,Health,Liability,Urban,Yes,No,Yes,59.0,3.8,0,0.7,139693.0,142307.0,0.204,546.161052648981,Legitimate
1479,Auto,Liability,Suburban,Yes,Yes,No,42.0,10.6,0,11.1,194050.0,224151.0,0.212,721.5505802591891,Legitimate
1480,Auto,Theft,Suburban,Yes,No,Yes,52.0,11.8,2,2.9,179918.0,141328.0,0.502,678.3603889729673,Legitimate
1481,Auto,Theft,Urban,No,No,Yes,39.0,1.5,1,1.1,162474.0,171005.0,0.8,,Legitimate
1482,Life,Collision,Rural,Yes,No,,56.0,2.9,1,3.6,271703.0,246952.0,0.355,704.7870864407248,Legitimate
1483,Health,Collision,Suburban,No,No,No,43.0,7.7,1,3.0,155649.0,152000.0,0.353,630.5135697087628,Legitimate
1484,Auto,Theft,Rural,Yes,No,No,34.0,10.3,0,1.8,58843.0,56696.0,0.209,527.8373188815292,Legitimate
1485,Auto,Collision,Rural,Yes,Yes,No,64.0,6.4,0,2.9,39361.0,41851.0,0.445,788.9143076590982,Legitimate
1486,Property,Fire,Urban,Yes,No,Yes,44.0,11.1,2,4.4,87372.0,80422.0,0.199,657.4838689562392,Legitimate
1487,Property,Theft,Urban,No,No,Yes,49.0,6.7,1,0.8,54347.0,50880.0,0.182,579.5941448363013,Legitimate
1488,Auto,Medical,Urban,Yes,No,,37.0,1.2,0,4.8,188401.0,164599.0,0.18,685.9238386995148,Legitimate
1489,Property,Liability,Urban,No,No,Yes,63.0,11.7,0,8.1,181721.0,177682.0,0.438,722.7355154739312,Legitimate
1490,Health,Liability,Rural,Yes,Yes,Yes,60.0,5.3,1,4.4,24577.0,21442.0,0.492,642.6692181815819,Legitimate
1491,Property,Medical,Suburban,No,No,,30.0,2.9,0,12.2,344053.0,358771.0,0.519,700.375135133436,Legitimate
1492,Health,Liability,Urban,Yes,No,Yes,37.0,4.3,2,1.9,51109.0,49615.0,0.361,597.4011961339979,Legitimate
1493,Property,Collision,Urban,No,No,No,34.0,5.4,0,12.7,106949.0,109644.0,0.344,534.8761619168952,Legitimate
1494,Auto,Liability,Rural,Yes,No,No,27.0,2.7,2,7.6,388072.0,392965.0,0.183,628.4843155556556,Legitimate
1495,Health,Collision,Suburban,Yes,No,No,45.0,2.1,0,11.5,110189.0,114037.0,0.308,506.7859176920405,Legitimate
1496,Health,Fire,Urban,Yes,No,No,51.0,1.5,2,6.6,218022.0,214755.0,0.762,576.2768162945804,Fraudulent
1497,Auto,Collision,Urban,No,No,No,65.0,1.0,1,1.5,153853.0,140915.0,0.194,673.9453260033905,Legitimate
1498,Property,Liability,Urban,Yes,No,Yes,18.0,5.6,2,15.4,108341.0,106954.0,0.434,588.4423287989638,Legitimate
1499,Property,Collision,Urban,Yes,No,Yes,35.0,22.1,1,9.3,414414.0,403345.0,0.174,574.0982301905111,Legitimate
1500,Auto,Medical,Suburban,Yes,No,,54.0,3.8,2,5.2,594734.0,555890.0,0.219,533.7239399060081,Legitimate
1501,Property,Medical,Urban,No,No,,36.0,12.2,2,8.8,74154.0,78105.0,0.319,666.397633254495,Legitimate
1502,Auto,Collision,Urban,Yes,No,No,23.0,0.9,2,4.3,181714.0,185826.0,0.203,655.2850150690821,Legitimate
1503,Life,Fire,Suburban,Yes,No,,31.0,2.8,0,7.2,218458.0,250931.0,0.205,496.75571137355416,Legitimate
1504,Health,Theft,Urban,Yes,No,Yes,42.0,3.6,1,5.3,60232.0,59056.0,0.626,628.739790974235,Legitimate
1505,Health,Collision,Rural,Yes,No,Yes,34.0,1.1,2,0.3,66718.0,61083.0,0.396,589.5444716997631,Legitimate
1506,Auto,Medical,Suburban,Yes,No,,54.0,5.0,0,0.5,195142.0,196650.0,0.292,476.4639101021574,Legitimate
1507,Life,Collision,Urban,Yes,No,,37.0,8.9,2,10.2,49142.0,52034.0,0.217,703.7199339906746,Legitimate
1508,Life,Fire,Urban,Yes,Yes,,32.0,9.7,0,3.4,38146.0,38301.0,0.46,640.848486765094,Legitimate
1509,Health,Medical,Urban,No,No,,79.0,1.4,0,16.8,10515.0,10223.0,0.172,549.6315595276853,Legitimate
1510,Auto,Theft,Suburban,Yes,No,Yes,42.0,2.9,1,3.1,29174.0,29072.0,0.434,621.7422087281926,Legitimate
1511,Auto,Theft,Rural,No,No,No,18.0,9.7,0,10.2,255458.0,218084.0,0.398,823.1315062092757,Fraudulent
1512,Property,Medical,Urban,No,No,,19.0,10.2,0,6.4,187479.0,193256.0,0.255,591.7995197881389,Legitimate
1513,Auto,Liability,Suburban,Yes,Yes,No,46.0,5.7,0,10.7,130677.0,131833.0,0.307,568.8380853230341,Legitimate
1514,Property,Fire,Urban,No,No,Yes,41.0,1.0,2,3.2,177279.0,161463.0,0.172,718.9370955663455,Legitimate
1515,Life,Collision,Urban,Yes,No,,63.0,3.0,1,3.3,389228.0,389796.0,0.652,684.1994457967979,Fraudulent
1516,Auto,Liability,Suburban,No,Yes,No,47.0,4.8,1,2.0,342961.0,332467.0,0.245,555.5371466642471,Legitimate
1517,Life,Medical,Suburban,No,No,,39.0,1.0,1,6.6,51466.0,53559.0,0.2,679.0063677213323,Legitimate
1518,Property,Medical,Urban,Yes,No,,60.0,2.7,2,10.5,215390.0,228527.0,0.191,636.0151350890177,Legitimate
1519,Auto,Theft,Urban,Yes,No,Yes,33.0,8.5,0,4.1,359151.0,340531.0,0.204,639.553887633745,Legitimate
1520,Health,Medical,Urban,Yes,Yes,,46.0,3.5,2,2.7,138516.0,137834.0,0.794,838.93835376743,Fraudulent
1521,Life,Liability,Urban,Yes,No,,34.0,4.1,0,2.8,181308.0,158668.0,0.185,638.2064163064434,Legitimate
1522,Life,Collision,Urban,Yes,No,,35.0,5.0,1,4.7,548914.0,602581.0,0.26,770.7738275312017,Legitimate
1523,Property,Collision,Suburban,Yes,Yes,Yes,28.0,1.2,1,2.0,200086.0,213092.0,0.565,812.5872018987156,Fraudulent
1524,Auto,Collision,Rural,Yes,No,No,61.0,1.5,4,11.1,242849.0,258034.0,0.591,667.3060058638825,Fraudulent
1525,Health,Collision,Urban,Yes,No,No,39.0,3.6,0,9.2,68717.0,62001.0,0.461,554.9904855124164,Legitimate
1526,Auto,Liability,Urban,No,No,Yes,38.0,5.6,0,2.4,377098.0,377741.0,0.27,776.770586223277,Legitimate
1527,Auto,Medical,Urban,Yes,No,,44.0,6.4,0,7.1,304526.0,311531.0,0.652,723.7677588480532,Legitimate
1528,Health,Collision,Suburban,Yes,No,Yes,33.0,11.7,0,2.4,303799.0,271467.0,0.209,520.1847706909758,Legitimate
1529,Health,Fire,Urban,Yes,No,Yes,41.0,5.2,0,5.3,42656.0,41852.0,0.171,699.9059930172715,Legitimate
1530,Health,Collision,Urban,No,No,No,52.0,2.5,1,21.5,34431.0,32847.0,0.271,630.9138009975215,Fraudulent
1531,Property,Liability,Rural,No,No,Yes,39.0,8.2,0,1.4,66495.0,60750.0,0.182,683.086016273713,Legitimate
1532,Health,Collision,Rural,No,No,Yes,52.0,4.1,1,6.4,174800.0,182213.0,0.2,,Legitimate
1533,Auto,Medical,Suburban,No,No,,29.0,9.9,1,3.0,124651.0,130754.0,0.216,591.803609250264,Legitimate
1534,Auto,Theft,Urban,Yes,No,No,55.0,17.9,0,1.3,359587.0,392484.0,0.198,720.1071175724476,Legitimate
1535,Property,Collision,Urban,No,No,Yes,49.0,2.0,1,5.1,257243.0,219048.0,0.202,688.7650272067302,Legitimate
1536,Health,Collision,Suburban,No,No,Yes,45.0,3.8,1,5.3,124129.0,124948.0,0.796,682.6557481612851,Fraudulent
1537,Life,Medical,Suburban,Yes,No,,30.0,5.6,2,5.1,328733.0,325661.0,0.392,541.4151209100187,Legitimate
1538,Life,Theft,Rural,Yes,No,,50.0,6.0,2,2.6,120713.0,126398.0,0.386,632.5201882859949,Legitimate
1539,Life,Collision,Suburban,No,No,,40.0,3.2,0,14.6,295584.0,328251.0,0.186,679.78534313649,Legitimate
1540,Health,Medical,Urban,No,No,,22.0,7.7,0,7.3,201118.0,195430.0,0.45,702.4604564369921,Legitimate
1541,Health,Collision,Urban,Yes,No,No,28.0,3.5,1,4.3,109134.0,130547.0,0.235,708.933846541025,Legitimate
1542,Auto,Medical,Rural,Yes,No,,33.0,1.7,1,2.8,213801.0,190027.0,0.174,,Legitimate
1543,Auto,Collision,Suburban,Yes,No,Yes,61.0,4.1,2,2.7,112958.0,120829.0,0.183,570.1678803961817,Legitimate
1544,Auto,Fire,Urban,No,Yes,No,49.0,5.8,1,12.0,79613.0,77200.0,0.283,637.2092680575181,Legitimate
1545,Health,Theft,Suburban,No,No,No,58.0,5.7,0,3.9,195048.0,185723.0,0.579,592.5669063754991,Legitimate
1546,Life,Collision,Suburban,Yes,No,,40.0,1.6,1,12.8,168924.0,153769.0,0.194,604.6360364811643,Legitimate
1547,Life,Theft,Urban,Yes,No,,32.0,9.9,2,8.4,290100.0,316582.0,0.245,753.5261631714915,Legitimate
1548,Life,Collision,Rural,No,No,,18.0,1.4,1,7.1,205193.0,198463.0,0.254,610.1773891502099,Legitimate
1549,Property,Collision,Rural,No,No,Yes,49.0,8.5,2,8.4,221396.0,242970.0,0.6,568.7764141150507,Fraudulent
1550,Auto,Medical,Urban,Yes,No,,55.0,1.8,0,2.3,78143.0,75838.0,0.188,572.9927818804516,Legitimate
1551,Property,Collision,Urban,Yes,Yes,No,61.0,1.3,0,0.6,279241.0,294633.0,0.689,611.4234189020493,Legitimate
1552,Auto,Collision,Rural,Yes,No,Yes,41.0,8.5,5,1.9,376441.0,390552.0,0.185,557.4876708632274,Legitimate
1553,Auto,Collision,Urban,Yes,No,Yes,48.0,8.2,1,18.1,64205.0,59727.0,0.369,589.9109584969777,Legitimate
1554,Life,Collision,Rural,Yes,No,,48.0,7.6,1,1.1,99874.0,88835.0,0.358,599.1932214660219,Legitimate
1555,Property,Collision,Urban,No,No,No,60.0,7.3,0,2.4,106452.0,100886.0,0.176,546.3039751438154,Legitimate
1556,Auto,Collision,Suburban,Yes,No,No,28.0,2.9,1,10.3,464879.0,418231.0,0.409,628.5425828654135,Legitimate
1557,Health,Collision,Suburban,Yes,No,No,66.0,3.1,1,2.9,94331.0,85208.0,0.172,719.8907681513763,Legitimate
1558,Auto,Medical,Suburban,Yes,No,,40.0,6.3,0,7.5,218841.0,197472.0,0.626,,Legitimate
1559,Property,Medical,Rural,No,No,,57.0,12.8,3,7.1,41497.0,44428.0,0.354,714.3991699556575,Legitimate
1560,Auto,Collision,Urban,Yes,No,No,53.0,7.9,0,1.2,95051.0,91831.0,0.186,610.61734289737,Legitimate
1561,Auto,Collision,Suburban,Yes,No,Yes,18.0,11.0,1,2.5,189407.0,206511.0,0.272,730.6318357876164,Legitimate
1562,Auto,Liability,Suburban,Yes,No,Yes,38.0,4.2,0,7.2,376048.0,457309.0,0.18,623.0352491761734,Legitimate
1563,Auto,Liability,Suburban,Yes,No,Yes,32.0,6.9,0,2.7,9679.0,9635.0,0.194,733.7459301625015,Legitimate
1564,Property,Liability,Suburban,Yes,No,Yes,42.0,13.0,0,6.7,280487.0,248800.0,0.212,604.6308389553058,Legitimate
1565,Property,Theft,Suburban,No,No,No,65.0,10.0,1,13.2,175680.0,193871.0,0.486,657.4453898952323,Legitimate
1566,Auto,Theft,Urban,No,No,Yes,49.0,5.9,0,2.1,130516.0,133265.0,0.276,621.483191760658,Legitimate
1567,Health,Fire,Suburban,Yes,Yes,No,24.0,5.0,1,5.2,69689.0,67072.0,0.221,569.6772059377467,Legitimate
1568,Property,Collision,Suburban,No,No,Yes,61.0,13.1,1,9.2,630436.0,643021.0,0.409,626.4362470441666,Legitimate
1569,Auto,Collision,Rural,Yes,No,Yes,30.0,9.1,0,9.7,258705.0,256915.0,0.2,653.6116691082083,Legitimate
1570,Auto,Collision,Urban,No,No,Yes,26.0,2.3,2,2.2,167214.0,147598.0,0.169,589.1364958777496,Legitimate
1571,Property,Medical,Urban,Yes,No,,34.0,1.3,0,6.2,348250.0,299978.0,0.376,729.7369090745497,Legitimate
1572,Auto,Collision,Rural,Yes,No,Yes,39.0,1.2,0,4.1,236248.0,258059.0,0.434,556.1939607342543,Legitimate
1573,Health,Collision,Suburban,Yes,No,Yes,55.0,2.9,2,10.2,225904.0,218627.0,0.231,743.7885840648443,Legitimate
1574,Life,Collision,Urban,Yes,No,,53.0,3.1,0,7.4,224292.0,227604.0,0.696,741.0730189949479,Legitimate
1575,Property,Medical,Rural,Yes,Yes,,31.0,9.7,2,4.5,134455.0,140243.0,0.549,656.3643943522013,Legitimate
1576,Health,Collision,Urban,Yes,No,Yes,56.0,3.5,2,2.1,213162.0,215547.0,0.35,659.0488471597613,Legitimate
1577,Health,Medical,Suburban,Yes,No,,36.0,18.1,0,1.2,370467.0,387470.0,0.222,665.7609612110032,Legitimate
1578,Auto,Fire,Suburban,Yes,No,Yes,38.0,3.3,2,1.7,61276.0,57327.0,0.196,755.3733709170485,Legitimate
1579,Property,Collision,Urban,No,No,Yes,62.0,2.6,1,3.8,301853.0,353058.0,0.17,683.6026760572034,Legitimate
1580,Auto,Fire,Suburban,Yes,No,No,56.0,4.8,1,3.6,242357.0,242777.0,0.261,701.2135645268603,Legitimate
1581,Health,Fire,Urban,No,No,Yes,64.0,4.6,0,7.8,92049.0,92854.0,0.247,564.5693820060299,Legitimate
1582,Health,Collision,Suburban,No,No,Yes,39.0,9.2,2,7.4,129338.0,102303.0,0.345,578.7596082573701,Legitimate
1583,Auto,Fire,Suburban,Yes,No,Yes,43.0,6.3,2,1.4,131253.0,121620.0,0.25,634.9172242545947,Legitimate
1584,Auto,Collision,Rural,No,No,Yes,42.0,0.5,1,2.7,198752.0,241078.0,0.278,514.5641207752485,Legitimate
1585,Auto,Theft,Rural,Yes,No,No,31.0,9.8,2,11.8,94412.0,91751.0,0.503,726.3189960178519,Legitimate
1586,Life,Collision,Suburban,No,No,,39.0,5.7,1,3.7,498589.0,508251.0,0.234,723.1650457641327,Legitimate
1587,Auto,Fire,Urban,Yes,No,Yes,34.0,18.8,0,6.1,254691.0,240805.0,0.234,730.8779852085893,Legitimate
1588,Health,Liability,Rural,No,No,No,30.0,4.0,1,7.9,223211.0,230927.0,0.279,739.5249758154713,Legitimate
1589,Property,Collision,Rural,Yes,No,Yes,46.0,5.0,2,6.8,180110.0,154321.0,0.203,655.4225163550736,Legitimate
1590,Life,Medical,Suburban,Yes,No,,53.0,7.3,0,7.2,265830.0,240095.0,0.42,729.0792132656334,Legitimate
1591,Auto,Collision,Urban,Yes,No,Yes,38.0,4.4,1,5.2,111535.0,110681.0,0.176,770.6266311361451,Legitimate
1592,Auto,Medical,Suburban,Yes,No,,37.0,2.8,0,7.0,85888.0,83460.0,0.184,760.5417572465668,Legitimate
1593,Property,Fire,Suburban,Yes,No,Yes,37.0,6.0,3,5.0,174011.0,164428.0,0.615,653.6914166423762,Legitimate
1594,Health,Theft,Suburban,Yes,No,Yes,49.0,4.8,1,17.2,65467.0,70377.0,0.235,694.5219983501075,Legitimate
1595,Property,Medical,Rural,Yes,No,,50.0,2.9,0,2.2,125422.0,124082.0,0.255,533.3444869093382,Legitimate
1596,Health,Fire,Urban,Yes,No,Yes,73.0,8.9,0,4.7,441208.0,524534.0,0.601,606.3733911272135,Legitimate
1597,Health,Collision,Rural,No,No,No,40.0,2.0,0,5.5,343680.0,365239.0,0.419,775.9335559671745,Fraudulent
1598,Property,Collision,Suburban,No,No,No,32.0,3.5,3,2.0,176255.0,179167.0,0.175,716.1676410203643,Legitimate
1599,Life,Medical,Urban,No,No,,22.0,3.5,1,1.9,690001.0,619849.0,0.75,722.1682447214539,Fraudulent
1600,Health,Theft,Urban,Yes,No,Yes,56.0,6.9,2,2.0,57919.0,54776.0,0.517,509.27831416173467,Legitimate
